scheme_code,isin_growth,isin_div_reinv,scheme_name,nav,date
119550,INF209K01YN0,,Aditya Birla Sun Life Banking & PSU Debt Fund- Direct Plan-Growth,394.7547,2026-05-26
120438,INF846K01CR6,,Axis Banking & PSU Debt Fund - Direct Plan - Growth Option,2827.0091,2026-05-26
152162,INF0QA701607,,Bajaj Finserv Banking and PSU Fund-Direct Plan- Growth,11.9111,2026-05-26
121279,INF194K015G8,,Bandhan Banking and PSU Fund - Direct Growth,26.3843,2026-05-26
150505,INF760K01KC4,,Canara Robeco Banking and PSU Debt Fund- Direct Plan- Growth Option,12.6024,2026-05-26
124175,INF740K01ZW2,,DSP Banking & PSU Debt Fund - Direct Plan - Growth,25.6679,2026-05-26
140286,INF843K01FC8,,Edelweiss Banking and PSU Debt Fund - Direct Plan - Growth Option,26.4427,2026-05-26
129008,INF090I01KR8,,Franklin India Banking & PSU Debt Fund - Direct - Growth,24.7119,2026-05-26
128629,INF179KA1IZ7,,HDFC Banking and PSU Debt Fund - Growth Option - Direct Plan,24.847,2026-05-26
151107,INF917K01HH5,,HSBC Banking and PSU Debt Fund - Direct Growth,26.544,2026-05-26
120256,INF109K010A6,,ICICI Prudential Banking and PSU Debt Fund - Direct Plan -  Growth,35.5781,2026-05-26
120444,INF205K01KT4,,Invesco India Banking and PSU Fund - Direct Plan -  Growth Option,2514.0289,2026-05-26
148534,INF00XX01861,,ITI Banking & PSU Debt Fund - Direct Plan - Growth Option,13.9337,2026-05-26
123693,INF174K01KH7,,Kotak Banking and PSU Debt Direct - Growth,70.9666,2026-05-26
123692,INF174K01KK1,INF174K01KL9,Kotak Banking and PSU Debt Direct - Monthly Payout of Income Distribution cum capital withdrawal option,10.222,2026-05-26
120338,INF767K01GI4,,LIC MF Banking & PSU Fund-Direct Plan-Growth,39.0279,2026-05-26
148419,INF769K01FY9,,Mirae Asset Banking and PSU Fund - Direct Plan - Growth,13.7049,2026-05-26
134547,INF204KA1U53,,Nippon India Banking and PSU  Fund- Direct Plan-Growth Plan- Growth Option,22.3169,2026-05-26
134552,INF204KA1U61,,Nippon India Banking and PSU Fund- Direct Plan-Growth Plan- Bonus Option,22.3163,2026-05-26
125503,INF200K01V08,,SBI BANKING & PSU FUND - Direct Plan - Growth,3443.4851,2026-05-26
119625,INF903J01PA5,,Sundaram Banking & PSU Fund (Formerly Known as Sundaram Banking and PSU Debt Fund) Direct Plan - Growth,45.3845,2026-05-26
126940,INF789F015Z6,,UTI Banking & PSU Fund - Direct Plan - Growth Option,23.4056,2026-05-26
119533,INF209K01S38,,Aditya Birla Sun Life Corporate Bond Fund - Growth - Direct Plan,118.72,2026-05-26
141588,INF846K01ZM8,,Axis Corporate Bond Fund - Direct Plan Growth,18.8747,2026-05-26
135916,INF194KA1M23,,BANDHAN Corporate Bond Fund - Direct Growth,20.6401,2026-05-26
150237,INF251K01GP4,,BARODA BNP PARIBAS Corporate Bond Fund - Direct Plan - Growth Option,30.4865,2026-05-26
126685,INF760K01HB2,,CANARA ROBECO CORPORATE BOND FUND - DIRECT PLAN - GROWTH OPTION,24.1254,2026-05-26
144646,INF740KA1KE8,,DSP Corporate Bond Fund - Direct - Growth,17.0551,2026-05-26
118569,INF090I01FW8,,Franklin India Corporate Debt Fund - Direct - GROWTH,113.5686,2026-05-26
118987,INF179K01XD8,,HDFC Corporate Bond Fund - Growth Option - Direct Plan,34.3296,2026-05-26
150996,INF917K01HN3,,HSBC Corporate Bond Fund - Direct Growth,81.0682,2026-05-26
120692,INF109K016B1,,ICICI Prudential Corporate Bond Fund - Direct Plan - Growth,32.6966,2026-05-26
120497,INF205K01RF8,,Invesco India Corporate Bond Fund - Direct Plan - Growth,3532.3297,2026-05-26
133791,INF178L01BY0,,Kotak Corporate Bond Fund- Direct Plan- Growth Option,4098.0979,2026-05-26
133792,INF178L01BZ7,,Kotak Corporate Bond Fund- Direct Plan- Monthly Payout of Income Distribution cum capital withdrawal option,1069.443,2026-05-26
148755,INF769K01HD9,,Mirae Asset Corporate Bond Fund Direct Growth Plan,13.4926,2026-05-26
118807,INF204K01D63,,Nippon India Corporate Bond Fund - Direct Plan Growth Plan - Bonus,46.7438,2026-05-26
118814,INF204K01C15,,Nippon India Corporate Bond Fund - Direct Plan Growth Plan - Growth Option,65.4721,2026-05-26
138330,INF223J01OO2,,PGIM India Corporate Bond Fund - Direct Plan - Growth,49.9186,2026-05-26
146215,INF200KA1YR4,,SBI Corporate Bond Fund - Direct Plan - Growth,16.5945,2026-05-26
119621,INF903J01NR4,,Sundaram Corporate Bond Fund Direct Plan - Growth,43.0824,2026-05-26
149361,INF277KA1224,,Tata Corporate Bond Fund-Direct Plan-Growth,13.0979,2026-05-26
151320,INF0GCD01560,,TRUSTMF CORPORATE BOND FUND-DIRECT PLAN-GROWTH,1246.6862,2026-05-26
143241,INF582M01DU5,,Union Corporate Bond Fund - Direct Plan - Growth Option,16.1443,2026-05-26
144339,INF789F1A538,,UTI Corporate Bond Fund - Direct Plan - Growth Option,17.4417,2026-05-26
134388,INF209KA1L12,,Aditya Birla Sun Life Credit Risk Fund - Direct Plan - Bonus,27.2084,2026-05-26
134387,INF209KA1K88,,Aditya Birla Sun Life Credit Risk Fund - Direct Plan - Growth,27.2096,2026-05-26
130314,INF846K01PJ5,,Axis Credit Risk Fund - Direct Plan - Growth,25.5609,2026-05-26
140603,INF194KA1X61,,BANDHAN Credit Risk Fund-Direct Plan-Growth,18.5618,2026-05-26
133868,INF761K01DG8,,BANK OF INDIA Credit Risk  Fund - Direct Plan,14.5489,2026-05-26
133488,INF955L01FR6,,Baroda BNP Paribas Credit Risk Fund -Direct-Growth Option,25.8894,2026-05-26
119082,INF740K01OS4,,DSP Credit Risk Fund - Direct Plan - Growth,58.9476,2026-05-26
128051,INF179KA1FZ3,,HDFC Credit Risk Debt Fund - Growth Option - Direct Plan,27.4726,2026-05-26
151045,INF917K01UH8,,HSBC Credit Risk Fund - Direct Growth,36.7668,2026-05-26
120711,INF109K01V00,,ICICI Prudential Credit Risk Fund - Direct Plan - Growth,37.486,2026-05-26
130722,INF205K01I83,,Invesco India Credit Risk Fund - Direct Plan - Growth,2287.6323,2026-05-26
119740,INF174K01MG5,,Kotak Credit Risk Fund - Direct Plan - Standard Income Distribution cum capital withdrawal option,26.4436,2026-05-26
119741,INF174K01LZ7,,Kotak Credit Risk Fund - Growth - Direct,35.2067,2026-05-26
118780,INF204K01A74,,Nippon India Credit Risk Fund - Direct Plan - Growth Plan,41.0849,2026-05-26
119798,INF200K01SV4,,SBI CREDIT RISK FUND - DIRECT PLAN -GROWTH,52.2377,2026-05-26
120764,INF789F01YB6,,UTI Credit Risk Fund - Direct Plan - Growth Option,20.3365,2026-05-26
122715,INF579M01266,,360 ONE Dynamic Bond Fund Direct Plan Growth,24.8571,2026-05-26
119505,INF209K01N82,,Aditya Birla Sun Life Dynamic Bond Fund - Growth - Direct Plan,51.5086,2026-05-26
120451,INF846K01DI3,,Axis Dynamic Bond Fund - Direct Plan - Growth Option,33.7654,2026-05-26
118416,INF194K01N63,,BANDHAN Dynamic Bond Fund-Direct Plan-Growth,38.8436,2026-05-26
150180,INF251K01GW0,,Baroda BNP Paribas Dynamic Bond Fund - Direct Plan - Growth Option,51.2728,2026-05-26
118284,INF760K01EC7,,CANARA ROBECO DYNAMIC BOND FUND - DIRECT PLAN - GROWTH OPTION,32.6235,2026-05-26
119239,INF740K01QG4,,DSP Strategic Bond Fund - Direct Plan - Growth,3598.8057,2026-05-26
145589,INF666M01EK5,,Groww Dynamic Term Fund (formerly known as Indiabulls Dynamic Bond Fund) - Direct Plan - Growth option,1548.0391,2026-05-26
145596,,INF666M01EL3,Groww Dynamic Term Fund (formerly known as Indiabulls Dynamic Bond Fund)- Direct Plan- - Income Distribution cum capital withdrawal Option ( Reinvestment),1015.5593,2026-05-26
145595,INF666M01EO7,INF666M01EP4,Groww Dynamic Term Fund (formerly known as Indiabulls Dynamic Bond Fund)- Direct Plan- Fortnightly - Income Distribution cum capital withdrawal Option (Payout & Reinvestment),1019.6691,2026-05-26
145591,INF666M01EQ2,INF666M01ER0,Groww Dynamic Term Fund (formerly known as Indiabulls Dynamic Bond Fund)- Direct Plan- Monthly - Income Distribution cum capital withdrawal Option (Payout & Reinvestment),1010.7889,2026-05-26
145597,INF666M01EM1,INF666M01EN9,Groww Dynamic Term Fund (formerly known as Indiabulls Dynamic Bond Fund)- Direct Plan- Weekly - Income Distribution cum capital withdrawal Option (Payout & Reinvestment),1014.6637,2026-05-26
119075,INF179K01WB4,,HDFC Dynamic Debt Fund - Growth Option - Direct Plan,100.5793,2026-05-26
151087,INF917K01HA0,,HSBC Dynamic Bond Fund - Direct Growth,32.6528,2026-05-26
120603,INF109K016E5,,ICICI Prudential All Seasons Bond Fund - Direct Plan - Growth,41.465,2026-05-26
149029,INF00XX01BC4,,ITI Dynamic Bond Fund - Direct Plan - Growth Option,13.3603,2026-05-26
120435,INF192K01DD3,,JM Dynamic Bond Fund - (Direct) - Growth Option,45.5347,2026-05-26
119753,INF174K01JX6,,Kotak Dynamic Bond Fund - Direct Plan - Standard Income Distribution cum capital withdrawal option,14.7987,2026-05-26
119755,INF174K01JU2,,Kotak Dynamic Bond Fund - Growth - Direct,42.1668,2026-05-26
144403,INF174V01580,,Mahindra Manulife Dynamic Bond Fund - Direct Plan - Growth,15.9601,2026-05-26
140769,INF769K01DR8,,Mirae Asset Dynamic Bond Fund -Direct Plan -Growth,18.5866,2026-05-26
118747,INF204K01A25,,Nippon India Dynamic Bond Fund - Direct Plan Growth Plan - Growth Option,41.3103,2026-05-26
120084,INF663L01AD7,,PGIM India Dynamic Bond Fund - Direct Plan-Growth Option,3050.2659,2026-05-26
134494,INF082J01176,,Quantum Dynamic Bond Fund - Direct Plan Growth Option,22.2406,2026-05-26
119671,INF200K01RD4,,SBI Dynamic Bond Fund - DIRECT PLAN - Growth,40.4593,2026-05-26
119311,INF582M01799,,Union Dynamic Bond Fund - Direct Plan - Growth Option,24.3566,2026-05-26
120762,INF789F01XD4,,UTI Dynamic Bond Fund - Direct Plan - Growth Option,34.892,2026-05-26
122646,INF209K01UX7,,Aditya Birla Sun Life Floating Rate Fund-Direct Plan-Growth,376.1185,2026-05-26
149049,INF846K014A6,,Axis Floater Fund - Direct Plan - Growth,1380.8451,2026-05-26
148711,INF194KB1BA5,,BANDHAN FLOATER FUND  - DIRECT PLAN GROWTH,13.8246,2026-05-26
148771,INF740KA1PV1,,DSP Floater Fund - Direct Plan - Growth,13.9293,2026-05-26
118508,INF090I01LK1,,Franklin India Floating Rate Fund - Direct - Growth,47.0403,2026-05-26
118961,INF179K01VQ4,,HDFC Floating Rate Debt Fund - Direct Plan - Growth Option,53.5652,2026-05-26
120425,INF109K01P57,,ICICI Prudential Floating Interest Fund - Direct Plan - Growth,489.3332,2026-05-26
147269,INF174KA1EC0,,KOTAK FLOATING RATE FUND-DIRECT PLAN-GROWTH OPTION,1624.7456,2026-05-26
147267,,INF174KA1EF3,KOTAK FLOATING RATE FUND-DIRECT PLAN-Standard Reinvestment of Income Distribution cum capital withdrawal option,1415.4042,2026-05-26
118656,INF204K01E05,,Nippon India Floater Fund  - Direct Plan Growth Plan - Growth Option,49.6907,2026-05-26
148550,INF200KA1R64,,SBI Floating Rate Debt Fund - Direct Plan - Growth,14.1174,2026-05-26
149007,INF277KA1026,,Tata Floating Rate Fund -Direct Plan-Growth,13.6315,2026-05-26
145295,INF789F1ACX5,,UTI - Floater Fund - Direct Plan - Growth Option,1645.1792,2026-05-26
119605,INF209K01XP7,,Aditya Birla Sun Life Government Securities Fund - Growth - Direct Plan,86.1159,2026-05-26
120447,INF846K01DD4,,Axis Gilt Fund - Direct Plan - Growth Option,27.7676,2026-05-26
153206,INF0QA701AP9,,Bajaj Finserv Gilt Fund - Direct - Growth,1044.6625,2026-05-26
118464,INF194K01Q29,,Bandhan Gilt Fund - Direct Plan - Growth,39.485,2026-05-26
119341,INF955L01AD7,,Baroda BNP Paribas GILT FUND - Direct Plan - Growth Option,47.0779,2026-05-26
118299,INF760K01FC4,,CANARA ROBECO GILT FUND - DIRECT PLAN - GROWTH OPTION,81.8261,2026-05-26
119099,INF740K01NF3,,DSP Gilt Fund - Direct Plan - Growth,102.3837,2026-05-26
140298,INF843K01GS2,,Edelweiss Government Securities Fund - Direct Plan - Growth Option,26.0573,2026-05-26
118498,INF090I01HS2,,Franklin India Government Securities Fund - Direct - Growth,66.2767,2026-05-26
153477,INF666M01KK2,,Groww Gilt Fund - Direct - Growth,9.86,2026-05-26
119116,INF179K01VS0,,HDFC Gilt Fund - Growth Option - Direct Plan,58.9381,2026-05-26
151014,INF917K01FI7,,HSBC Gilt Fund - Direct Growth,75.4266,2026-05-26
120590,INF109K018C5,,ICICI Prudential Gilt Fund - Direct Plan - Growth,113.7014,2026-05-26
120520,INF205K01SN0,,Invesco India Gilt Fund - Direct  Plan - Growth,3138.7422,2026-05-26
119757,INF174K01KM7,,Kotak Gilt-Investment  Provident Fund and Trust-Growth - Direct,110.9904,2026-05-26
119759,INF174K01KE4,,Kotak Gilt-Investment Regular-Growth - Direct,108.3643,2026-05-26
119758,INF174K01KF1,,Kotak Gilt-Investment Regular-Payout of Income Distribution cum capital withdrawal option - Direct,23.8458,2026-05-26
120282,INF767K01EZ3,,LIC MF Gilt Fund-Direct Plan-Growth,64.896,2026-05-26
118669,INF204K01E70,,Nippon India Gilt  Fund - Direct Plan - P F Option - Automatic Capital Appreciation Payout Option,43.0015,2026-05-26
118673,INF204K01E88,,Nippon India Gilt  Fund - Direct Plan - P F Option - Defined Maturity Date Option,43.2298,2026-05-26
118672,INF204K01XP8,,Nippon India Gilt  Fund - Direct Plan Growth Plan - Growth Option,43.1133,2026-05-26
133265,INF204KA1YV2,,Nippon India Gilt  Fund- Direct Plan- Growth Plan- Bonus Option,24.0961,2026-05-26
118674,,INF204K01E62,Nippon India Gilt Fund - Direct Plan - P F Option - Automatic Annual Reinvest Option,23.3354,2026-05-26
138472,INF223J01ND7,,PGIM India Gilt Fund - Direct Plan - Growth,32.7535,2026-05-26
151228,INF966L01BF7,,quant Gilt Fund - Growth Option - Direct Plan,12.2676,2026-05-26
119707,INF200K01SH3,,SBI GILT FUND - DIRECT PLAN - GROWTH,71.2774,2026-05-26
119953,INF277K01OX7,,Tata Gilt Securities Fund- Direct Plan - Growth Option,87.6008,2026-05-26
150407,INF582M01HW2,,Union Gilt Fund - Direct Plan - Growth Option,12.1608,2026-05-26
120792,INF789F01TL5,,UTI - GILT FUND - Direct Plan - Growth Option,67.3123,2026-05-26
118387,INF194K01P38,,Bandhan Gilt Fund with 10 year constant duration Fund - Direct Plan - Growth,47.9465,2026-05-26
131301,INF740K019I5,,DSP 10Y G-Sec Fund - Direct Plan - Growth,22.6009,2026-05-26
131061,INF109KA1O37,,ICICI Prudential Constant Maturity Gilt Fund - Direct Plan - Growth,25.9348,2026-05-26
120137,INF200K01SK7,,SBI CONSTANT MATURITY 10 YEAR GILT FUND - DIRECT PLAN - GROWTH,67.6679,2026-05-26
150410,INF789F1AVR7,,UTI Gilt Fund with 10 year Constant Duration - Direct Plan - Growth Option,13.0447,2026-05-26
125345,INF579M01621,,360 ONE LIQUID FUND DIRECT PLAN  GROWTH,2132.6123,2026-05-26
154051,INF2JJD01029,,Abakkus Liquid Fund - Direct Plan - Growth,102.5098,2026-05-26
119568,INF209K01VA3,,Aditya Birla Sun Life Liquid Fund - Growth - Direct Plan,449.78,2026-05-26
120389,INF846K01CX4,,Axis Liquid Fund - Direct Plan - Growth Option,3097.7131,2026-05-26
151833,INF0QA701011,,Bajaj Finserv Liquid Fund - Direct Plan - Growth,1215.1518,2026-05-26
118364,INF194K01I60,,BANDHAN LIQUID Fund -Direct Plan-Growth,3362.3155,2026-05-26
119369,INF761K01785,,BANK OF INDIA Liquid Fund- Direct Plan- Growth,3206.591,2026-05-26
119415,INF955L01AL0,,Baroda BNP Paribas LIQUID FUND - DIRECT PLAN - GROWTH OPTION,3209.221,2026-05-26
118305,INF760K01FU6,,CANARA ROBECO LIQUID FUND - DIRECT PLAN - GROWTH OPTION,3338.3653,2026-05-26
154011,INF226401034,,Capitalmind Liquid Fund - Direct-Growth,1032.8882,2026-05-26
119125,INF740K01QL4,,DSP Liquidity Fund - Direct Plan - Growth,3981.9716,2026-05-26
140194,INF754K01GY9,,Edelweiss Liquid Fund - Direct Plan - Bonus Option,2094.0847,2026-05-26
140196,INF754K01GM4,,Edelweiss Liquid Fund - Direct Plan - Growth Option,3599.4376,2026-05-26
118577,INF090I01JV2,,Franklin India Liquid Fund - Super Institutional - Direct - Growth,4184.3193,2026-05-26
119135,INF666M01451,,Groww Liquid Fund ( formerly known as Indiabulls Liquid )Fund - Direct Plan - Growth Option,2699.5805,2026-05-26
119136,,INF666M01469,Groww Liquid Fund (formerly known as Indiabulls Liquid Fund) - Direct Plan- - Income Distribution cum capital withdrawal Option ( Reinvestment),1002.0907,2026-05-26
119138,INF666M01501,INF666M01485,Groww Liquid Fund (formerly known as Indiabulls Liquid Fund)- Direct Plan- Fortnightly - Income Distribution cum capital withdrawal Option (Payout & Reinvestment),1001.9258,2026-05-26
119139,INF666M01519,INF666M01493,Groww Liquid Fund (formerly known as Indiabulls Liquid Fund)- Direct Plan- Monthly - Income Distribution cum capital withdrawal Option (Payout & Reinvestment),1033.035,2026-05-26
119137,INF666M01527,INF666M01477,Groww Liquid Fund (formerly known as Indiabulls Liquid Fund)- Direct Plan- Weekly - Income Distribution cum capital withdrawal Option (Payout & Reinvestment),1001.945,2026-05-26
119091,INF179KB1HP9,,HDFC Liquid Fund - Growth Option - Direct Plan,5467.7071,2026-05-26
120038,INF336L01CC8,,HSBC Liquid Fund -  Growth Direct,2773.9433,2026-05-26
120197,INF109K01Q49,,ICICI Prudential Liquid Fund - Direct Plan - Growth,411.996,2026-05-26
120537,INF205K01MF9,,Invesco India Liquid Fund - Direct Plan - Growth,3821.051,2026-05-26
147157,INF00XX01283,,ITI Liquid Fund - Direct Plan - Growth Option,1447.2582,2026-05-26
153651,INF22M001010,,JioBlackRock Liquid Fund - Direct Plan - Growth Option,1055.666,2026-05-26
120406,INF192K01CM6,,JM Liquid Fund (Direct) - Growth Option,75.9679,2026-05-26
148414,,,JM Liquid Fund - Unclaimed Application Refund Amount I.E.F. (Direct) - Growth Plan,41.4437,2026-05-26
148413,,,JM Liquid Fund - Unclaimed Brokerage I.E.F. (Direct) - Growth Plan,41.4437,2026-05-26
119764,,INF174K01NH1,Kotak Liquid Fund - Direct Plan - Daily Reinvestment of Income Distribution cum capital withdrawal option,1222.81,2026-05-26
119766,INF174K01NE8,,Kotak Liquid Fund - Direct Plan - Growth,5624.3244,2026-05-26
120249,INF767K01DN1,,LIC MF Liquid Fund-Direct Plan-Growth,5054.6362,2026-05-26
139538,INF174V01044,,Mahindra Manulife Liquid Fund - Direct Plan -Growth,1813.403,2026-05-26
118859,INF769K01CM1,,Mirae Asset Liquid Fund - Direct Plan - Growth,2939.7923,2026-05-26
145834,INF247L01734,,Motilal Oswal Liquid Fund - Direct Growth,14.6701,2026-05-26
119164,INF959L01GF1,,Navi Liquid Fund-Direct Plan-Growth Option,30.1015,2026-05-26
118701,INF204K01ZH0,,Nippon India Liquid Fund - Direct Plan Growth Plan - Growth Option,6815.6416,2026-05-26
138299,INF223J01NS5,,PGIM India Liquid Fund - Direct Plan - Growth,363.3004,2026-05-26
143269,INF879O01068,,Parag Parikh Liquid Fund- Direct Plan- Growth,1539.8578,2026-05-26
120837,INF966L01820,,quant Liquid Fund - Growth Option - Direct Plan,44.6281,2026-05-26
103734,INF082J01127,,Quantum Liquid Fund - Direct Plan Growth Option,37.0481,2026-05-26
119800,INF200K01UT4,,SBI Liquid Fund - DIRECT PLAN -Growth,4352.4615,2026-05-26
153035,INF680P01430,,Shriram Liquid Fund - Direct Plan Growth Option,1099.7388,2026-05-26
149664,INF173K01GU0,,Sundaram Liquid Fund (Formerly Known as Principal Cash Management Fund) - Direct Plan - Growth Option,2460.0737,2026-05-26
119861,INF277K01YE6,,Tata Liquid Fund- Direct Plan-Growth Option,4395.5129,2026-05-26
153887,,INF2F0001073,THE WEALTH COMPANY LIQUID FUND DIRECT DAILY ICDW,1002.0,2026-05-26
153883,INF2F0001081,,THE WEALTH COMPANY LIQUID FUND DIRECT GROWTH,1039.4507,2026-05-26
153889,INF2F0001123,INF2F0001115,THE WEALTH COMPANY LIQUID FUND DIRECT WEEKLY,1002.1371,2026-05-26
148842,,INF0GCD01263,TRUSTMF Liquid Fund-Direct Plan-Daily Income Distribution cum Capital Withdrawal,1278.0372,2026-05-26
148841,INF0GCD01255,,TRUSTMF Liquid Fund-Direct Plan-Growth,1347.7156,2026-05-26
148839,INF0GCD01305,INF0GCD01297,TRUSTMF Liquid Fund-Direct Plan-Monthly Income Distribution cum Capital Withdrawal,1206.2254,2026-05-26
148837,INF0GCD01271,INF0GCD01289,TRUSTMF Liquid Fund-Direct Plan-Weekly Income Distribution cum Capital Withdrawal,1234.3635,2026-05-26
153570,INF1MIY01056,,Unifi Liquid Fund- Direct Growth,1058.5694,2026-05-26
119303,INF582M01674,,Union Liquid Fund - Direct Plan - Growth Option,2686.0769,2026-05-26
120304,INF789F01XQ6,,UTI-  Liquid Cash Plan - Direct Plan - Growth Option,4565.1591,2026-05-26
145971,INF03VN01043,,WhiteOak Capital Liquid Fund- Direct plan-Growth Option,1490.091,2026-05-26
150484,INF209KB17J2,,Aditya Birla Sun Life Long Duration Fund-Direct Growth,13.0548,2026-05-26
151179,INF846K014L3,,Axis Long Duration Fund - Direct Plan - Growth,1229.0145,2026-05-26
152520,INF194KB1HY2,,Bandhan Long Duration Fund - Direct Plan - Growth,11.0969,2026-05-26
153102,INF090I01XY7,,Franklin India Long Duration Fund - Direct - Growth,10.6171,2026-05-26
151313,INF179KC1ET7,,HDFC Long Duration Debt Fund - Growth Option - Direct Plan,12.2062,2026-05-26
120743,INF109K017L8,,ICICI Prudential Long Term Bond Fund - Direct Plan - Growth,98.6659,2026-05-26
152491,INF174KA1RF5,,Kotak Long Duration Fund - Direct Plan - Growth,10.8962,2026-05-26
153105,INF769K01NC9,,Mirae Asset Long Duration Fund - Direct Plan - Growth,10.2546,2026-05-26
143704,INF204KB1YQ1,,Nippon India Nivesh Lakshya Long Duration Fund- Direct Plan- Growth Option,18.1089,2026-05-26
151214,INF200KA16T4,,SBI Long Duration Fund - Direct Plan - Growth,12.4661,2026-05-26
151523,INF789F1AYB5,,UTI Long Duration Fund - Direct Plan - Growth Option,12.0551,2026-05-26
119523,INF209K01XU7,,Aditya Birla Sun Life Low duration Fund - Growth - Direct Plan,765.0379,2026-05-26
120513,INF846K01EN1,,Axis Treasury Advantage Fund - Direct Plan - Growth Option,3417.2602,2026-05-26
154204,INF0QA701CF6,,Bajaj Finserv Low Duration Fund - Direct - Growth,1011.3092,2026-05-26
118371,INF194K01J77,,BANDHAN Low Duration Fund-Direct Plan-Growth,41.5049,2026-05-26
150169,INF251K01GJ7,,BARODA BNP PARIBAS LOW DURATION Fund - Direct Plan - Growth Option,46.215,2026-05-26
118291,INF760K01ET1,,CANARA ROBECO SAVINGS FUND - DIRECT PLAN - GROWTH OPTION,45.5451,2026-05-26
133925,INF740K013Q1,,DSP Low Duration Fund - Direct Plan - Growth,21.4949,2026-05-26
153416,INF754K01UP8,,Edelweiss Low Duration Fund - Direct Plan Growth,1078.9039,2026-05-26
153368,INF090I01YE7,,Franklin India Low Duration Fund-Direct-Growth,10.8993,2026-05-26
118942,INF179K01VF7,,HDFC Low Duration  Fund - Direct Plan - Growth,65.9403,2026-05-26
151117,INF917K01GM7,,HSBC Low Duration Fund - Direct Growth,31.8786,2026-05-26
120398,INF109K01O82,,ICICI Prudential Savings Fund - Direct Plan - Growth,580.6952,2026-05-26
120570,INF205K01NY8,,Invesco India Low Duration Fund - Direct Plan - Growth,4142.488,2026-05-26
154081,INF22M001150,,JioBlackRock Low Duration Fund - Direct Plan - Growth Option,1017.6001,2026-05-26
143610,INF192K01FL1,,JM Low Duration Fund (Direct) - Bonus Option - Principal Units,24.1171,2026-05-26
143612,INF192K01DW3,,JM Low Duration Fund (Direct) - Growth,40.0552,2026-05-26
154361,INF174KA1A03,INF174KA1ZY9,Kotak Low Duration Fund - Direct Plan - Monthly - Reinvestment & Payout of Income Distribution cum Capital Withdrawal Option,998.1364,2026-05-26
154358,INF174KA1ZW3,INF174KA1ZU7,Kotak Low Duration Fund - Direct Plan - Weekly - Reinvestment & Payout of Income Distribution cum Capital Withdrawal Option,998.093,2026-05-26
133812,INF178L01AZ9,INF178L01AY2,Kotak Low Duration Fund - Direct Plan- Standard Income Distribution cum capital withdrawal option,1529.3647,2026-05-26
133810,INF178L01AX4,,Kotak Low Duration Fund- Direct Plan- Growth Option,3838.1239,2026-05-26
120315,INF767K01FM8,,LIC MF Low Duration Fund-Direct Plan-Growth,45.1451,2026-05-26
140613,INF174V01267,,Mahindra Manulife Low Duration Fund - Direct Plan -Growth,1847.991,2026-05-26
118840,INF769K01BO9,,Mirae Asset Low Duration Fund - Direct Plan - Growth,2587.7048,2026-05-26
118702,INF204K01G03,,Nippon India Low Duration Fund - Direct Plan Growth Plan - Bonus Option,2429.5489,2026-05-26
118709,INF204K01ZU3,,Nippon India Low Duration Fund - Direct Plan Growth Plan - Growth Option,4182.4214,2026-05-26
119812,INF200K01VM7,,SBI LOW DURATION FUND - DIRECT PLAN - GROWTH,3814.573,2026-05-26
149526,INF173K01FS6,,Sundaram Low Duration Fund (Formerly Known as Principal Low Duration Fund) - Direct Plan - Growth Option,3897.5152,2026-05-26
119863,INF277K01OK4,,Tata Treasury Advantage Fund - Direct Plan - Growth Option,4252.0255,2026-05-26
153654,INF582M01LQ6,,Union Low Duration Fund - Direct Plan - Growth Option,10.4379,2026-05-26
120735,INF789F01XI3,,UTI Low Duration Fund - Direct Plan - Growth Option,3791.8049,2026-05-26
119539,INF209K01XA9,,Aditya Birla Sun Life Medium Term Plan - Growth - Direct Plan,46.5988,2026-05-26
120475,INF846K01DT0,,Axis Strategic Bond Fund - Direct Plan - Growth Option,32.4031,2026-05-26
118401,INF194K01S50,,Bandhan Medium Duration Fund - Direct Plan - Growth,51.7642,2026-05-26
118924,INF740K01MZ3,,DSP Bond Fund - Direct Plan - Growth,89.9278,2026-05-26
119081,INF179K01WI9,,HDFC Medium Term Debt Fund - Growth Option - Direct Plan,64.0931,2026-05-26
151146,INF917K01TK4,,HSBC Medium Duration Fund - Direct Growth,23.3206,2026-05-26
120670,INF109K015A5,,ICICI Prudential Medium Term Bond Fund - Direct Plan - Growth,52.1667,2026-05-26
149011,INF205KA1429,,Invesco India Medium Duration Fund - Direct Plan - Growth,1324.2134,2026-05-26
128079,INF174K01VS1,INF174K01VU7,Kotak Medium Term Fund - Direct - Standard Income Distribution cum capital withdrawal option,26.7309,2026-05-26
128006,INF174K01VQ5,,Kotak Medium Term Fund - Direct Growth,26.7285,2026-05-26
130052,INF204KA1QG9,,Nippon India Medium Duration Fund - Direct Plan - Bonus Option,17.8939,2026-05-26
130050,INF204KA1QF1,,Nippon India Medium Duration Fund - Direct Plan - Growth Option,17.8902,2026-05-26
119824,INF200K01VB0,,SBI MEDIUM DURATION FUND - DIRECT PLAN - GROWTH,57.8683,2026-05-26
119675,INF903J01PO6,,Sundaram Medium Duration Fund (Formerly Known as Sundaram Medium Term Bond Fund) Direct Plan - Growth,79.2179,2026-05-26
134503,INF789FB1KE6,,UTI Medium Duration Fund - Direct Plan - Growth Option,20.2855,2026-05-26
119657,INF209K01WY1,,Aditya Birla Sun Life Income Fund - Growth - Direct Plan,137.0701,2026-05-26
118394,INF194K01R51,,Bandhan Medium to Long Duration Fund - Direct Plan - Growth,72.8807,2026-05-26
119393,INF761K01819,,BANK OF INDIA Conservative Hybrid Fund Fund-Direct Plan-Growth,37.5787,2026-05-26
118282,INF760K01FI1,,CANARA ROBECO INCOME FUND - DIRECT PLAN - GROWTH OPTION,63.404,2026-05-26
152851,INF090I01XG4,,Franklin India Medium to Long Duration Fund - Direct Growth,10.9918,2026-05-26
119069,INF179K01WL3,,HDFC Income Fund - Growth Option - Direct Plan,65.5747,2026-05-26
120059,INF336L01DE2,,HSBC Medium to Long Duration Fund - Direct Growth,47.6655,2026-05-26
120619,INF109K01V83,,ICICI Prudential Bond Fund - Direct Plan - Growth,43.7565,2026-05-26
120430,INF192K01CW5,,JM Medium to Long Duration Fund (Direct) - Growth Option,70.7525,2026-05-26
119735,INF174K01JC0,,Kotak Bond Fund - Growth - Direct,88.0414,2026-05-26
120279,INF767K01EW0,,LIC MF Medium to Long Duration Fund-Direct Plan-Growth,80.0626,2026-05-26
118679,INF204K01F38,,Nippon India Medium to Long Duration  Fund - Direct Plan Growth Plan-Bonus Option,29.2547,2026-05-26
118687,INF204K01XS2,,Nippon India Medium to Long Duration Fund - Direct Plan Growth Plan - Growth Option,102.3752,2026-05-26
119712,INF200K01SO9,,SBI Medium to Long Duration Fund-DIRECT PLAN - Bonus,47.4368,2026-05-26
119714,INF200K01SR2,,SBI Medium to Long Duration Fund-DIRECT PLAN -Growth,78.2218,2026-05-26
120689,INF789F01SQ6,,UTI Medium to Long Duration Fund-Growth - Direct,81.4758,2026-05-26
119511,INF209K01UU3,,Aditya Birla Sun Life Money Manager Fund - Growth - Direct Plan,394.7511,2026-05-26
147567,INF846K01Q62,,Axis Money Market Fund - Direct Plan - Growth Option,1522.7482,2026-05-26
151889,INF0QA701334,,Bajaj Finserv Money Market Fund-Direct Plan-Growth,1223.6114,2026-05-26
118384,INF194K01M80,,Bandhan Money Market Fund -Direct Plan-Growth,46.0308,2026-05-26
153294,INF761K01GO5,,Bank of India Money Market Fund - Direct - Growth,10.9035,2026-05-26
147377,INF955L01ID0,,Baroda BNP Paribas Money Market Fund- Direct Plan - Growth,1474.3519,2026-05-26
119106,INF740K01NU2,,DSP Savings Fund - Direct Plan - Growth,57.1303,2026-05-26
140237,INF843K01CE1,,Edelweiss Money Market Fund - Direct Plan - Growth Option,33.0308,2026-05-26
118506,INF090I01GV8,,Franklin India Money Market Fund - Direct - Growth,54.6409,2026-05-26
153982,INF666M01MW3,,Groww Money Market Fund Direct Growth,10.2512,2026-05-26
119092,INF179KB1HU9,,HDFC Money Market Fund - Growth Option - Direct Plan,6144.0004,2026-05-26
151054,INF917K01FE6,,HSBC Money Market Fund - Direct Growth,29.1502,2026-05-26
120211,INF109K01R14,,ICICI Prudential Money Market Fund Option - Direct Plan -  Growth,404.6303,2026-05-26
120507,INF205K01RY9,,Invesco India Money Market Fund - Direct Plan - Growth,3317.6444,2026-05-26
153649,INF22M001028,,JioBlackRock Money Market Fund - Direct Plan - Growth Option,1048.9481,2026-05-26
119746,INF174K01MW2,,Kotak Money Market Fund - (Growth) - Direct,4776.8427,2026-05-26
119747,INF174K019O8,INF174K01MX0,Kotak Money Market Fund - (Monthly Payout of Income Distribution cum capital withdrawal option) - Direct,1270.4077,2026-05-26
150392,INF767K01RE0,,LIC MF Money Market Fund-Direct Plan-Growth,1269.6193,2026-05-26
149112,INF769K01HN8,,Mirae Asset Money Market Fund Direct Growth,1345.6581,2026-05-26
118715,INF204K01G11,,Nippon India Money Market Fund - Direct Plan Growth Plan - Bonus Option,2605.151,2026-05-26
118719,INF204K01ZP3,,Nippon India Money Market Fund - Direct Plan Growth Plan - Growth Option,4430.3732,2026-05-26
148161,INF663L01T84,,PGIM India Money Market Fund - Direct Plan - Growth Option,1439.097,2026-05-26
119821,INF200K01SZ5,,SBI  SAVINGS FUND - DIRECT PLAN - GROWTH,46.8157,2026-05-26
154144,INF680P01471,,Shriram Money Market Fund - Direct Plan Growth Option,1016.8757,2026-05-26
145050,INF903JA1FR6,,Sundaram Money Market Fund Direct Plan - Growth,15.893,2026-05-26
119424,INF277K01PR6,,Tata Money Market Fund- Direct Plan- Growth Option,5074.6999,2026-05-26
150513,INF0GCD01503,,TRUSTMF MONEY MARKET FUND-DIRECT PLAN-GROWTH,1290.3691,2026-05-26
149117,INF582M01HG5,,Union Money Market Fund - Direct Plan -  Growth Option,1336.2285,2026-05-26
120299,INF789F01XV6,,UTI MMF - Direct Plan - Growth Option,3288.5753,2026-05-26
153703,INF579M01BG4,,360 ONE Overnight Fund - Direct Plan - Growth,1047.5051,2026-05-26
145486,INF209KB1ZH2,,ADITYA BIRLA SUN LIFE OVERNIGHT FUND-DIRECT PLAN-GROWTH,1468.0352,2026-05-26
146675,INF846K01N65,,Axis Overnight Fund - Direct Plan - Growth Option,1436.8965,2026-05-26
153438,INF0QA701AF0,,Bajaj Finserv Overnight Fund - Direct - Unclaimed less than 3 years Redemption Plan,1064.523,2026-05-26
151849,INF0QA701177,,Bajaj Finserv Overnight Fund - Direct Plan - Growth,1190.9791,2026-05-26
146191,INF194KB1447,,BANDHAN Overnight Fund - Direct Plan - Growth,1447.6514,2026-05-26
147951,INF761K01EU7,,BANK OF INDIA Overnight Fund Direct Plan Growth,1380.8816,2026-05-26
147196,INF955L01HV4,,Baroda BNP Paribas Overnight Fund - Direct Plan - Growth,1425.8022,2026-05-26
147531,INF760K01JM5,,CANARA ROBECO OVERNIGHT FUND - DIRECT PLAN - GROWTH OPTION,1401.0727,2026-05-26
146062,INF740KA1MC8,,DSP Overnight Fund - Direct Plan - Growth,1453.9815,2026-05-26
147570,INF754K01JV9,,Edelweiss Overnight Fund - Direct Plan - Growth,1404.0651,2026-05-26
147214,INF090I01SS9,,Franklin India Overnight Fund- Growth - Direct,1416.0051,2026-05-26
147458,,INF666M01GM6,Groww Overnight Fund (formerly known as Indiabulls Overnight Fund)- Direct Plan- - Income Distribution cum capital withdrawal Option ( Reinvestment),1001.4669,2026-05-26
147452,INF666M01GP9,INF666M01GQ7,Groww Overnight Fund (formerly known as Indiabulls Overnight Fund)- Direct Plan- Fortnightly - Income Distribution cum capital withdrawal Option (Payout & Reinvestment),1214.9204,2026-05-26
147450,INF666M01GL8,,Groww Overnight Fund (formerly known as Indiabulls Overnight Fund)- Direct Plan- Growth Option,1398.3704,2026-05-26
147453,INF666M01GR5,INF666M01GS3,Groww Overnight Fund (formerly known as Indiabulls Overnight Fund)- Direct Plan- Monthly - Income Distribution cum capital withdrawal Option (Payout & Reinvestment),1004.3364,2026-05-26
147451,INF666M01GN4,INF666M01GO2,Groww Overnight Fund (formerly known as Indiabulls Overnight Fund)- Direct Plan- Weekly - Income Distribution cum capital withdrawal Option (Payout & Reinvestment),1002.3598,2026-05-26
119110,INF179KB1HT1,,HDFC Overnight Fund - Growth Option - Direct Plan,4023.6719,2026-05-26
152152,INF0R8701079,,Helios Overnight Fund - Direct Plan - Growth Option,1164.0504,2026-05-26
147287,INF336L01OF6,,HSBC Overnight Fund - Direct Growth,1420.4762,2026-05-26
145536,INF109KC11G1,,ICICI Prudential Overnight Fund - Direct Plan - Growth,1462.7066,2026-05-26
149409,INF109KC17H6,,ICICI Prudential Overnight fund - Direct Plan - Unclaimed Redemption Stable Scheme,1000.0,2026-05-26
149410,INF109KC15H0,,ICICI Prudential Overnight fund - Direct Plan - Unclaimed Redemption Transitory Scheme,1290.5856,2026-05-26
147883,INF205KA1163,,Invesco India Overnight Fund - Direct Plan - Growth,1371.4077,2026-05-26
147713,INF00XX01564,,ITI Overnight Fund - Direct Plan - Growth Option,1373.4249,2026-05-26
153650,INF22M001036,,JioBlackRock Overnight Fund - Direct Plan - Growth Option,1048.1428,2026-05-26
147837,INF192K01MB8,,JM Overnight Fund - (Direct) - Growth,1375.4402,2026-05-26
149829,INF192K01MI3,,JM Overnight Fund - (Direct) - Unclaimed Redemption - Growth Plan,1375.4602,2026-05-26
149826,INF192K01MK9,,JM Overnight Fund - (Direct) - Unclaimed Redemption I.E.F. - Growth Plan,1073.9936,2026-05-26
146141,INF174KA1BF9,,Kotak Overnight Fund -Direct Plan-Growth Option,1448.258,2026-05-26
146140,,INF174KA1BE2,Kotak Overnight Fund-Direct Plan- Daily Reinvestment of Income Distribution cum capital withdrawal option,1003.6055,2026-05-26
147515,INF767K01QI3,,LIC MF Overnight Fund-Direct Plan-Growth,1407.113,2026-05-26
147564,INF174V01838,,Mahindra Manulife Overnight Fund - Direct Plan -Growth,1404.8957,2026-05-26
147736,INF769K01FG6,,Mirae Asset Overnight Fund Direct Plan Growth,1392.1016,2026-05-26
145810,INF204KB1R31,,Nippon India Overnight Fund - Direct Plan - Growth Option,145.8183,2026-05-26
150369,INF0J8L01081,,NJ Overnight Fund - Direct Plan - Growth Option,1256.0764,2026-05-26
147606,INF663L01T01,,PGIM India Overnight Fund - Direct Plan - Growth Option,1399.2849,2026-05-26
151190,INF966L01AZ7,,quant Overnight Fund - Growth Option - Direct Plan,12.4031,2026-05-26
150631,INF0K1H01040,,Samco Overnight Fund - Direct Plan - Growth Option,1239.288,2026-05-26
119833,INF200K01TK5,,SBI OVERNIGHT FUND - DIRECT PLAN - GROWTH,4413.3875,2026-05-26
150562,INF680P01323,,Shriram Overnight Fund -  Direct Growth,12.5343,2026-05-26
146963,INF903JA1HG5,,Sundaram Overnight Fund Direct Plan - Growth,1441.5935,2026-05-26
146978,,INF277K019T3,TATA Overnight Fund Direct Plan - Daily Reinvestment of Income Distribution cum capital withdrawal option,1000.0,2026-05-26
146980,INF277K018T5,,Tata Overnight Fund-Direct Plan-Growth,1432.9114,2026-05-26
149797,INF0GCD01453,,TRUST MF OVERNIGHT FUND-DIRECT PLAN-GROWTH,1283.3865,2026-05-26
147003,INF582M01FA2,,Union Overnight Fund - Direct Plan - Growth Option,1428.8992,2026-05-26
120785,INF789FB1S71,,UTI - Overnight Fund - Direct Plan - Growth Option,3715.554,2026-05-26
153436,INF0R8F01075,,Zerodha Overnight Fund - Direct Plan - Growth Option,10.6214,2026-05-26
119498,INF209K01XK8,,Aditya Birla Sun Life Short Term Fund - Growth - Direct Plan,53.8047,2026-05-26
120510,INF846K01EI1,,Axis Short Duration Fund - Direct Plan - Growth Option,35.3587,2026-05-26
118407,INF194K01U07,,Bandhan Short Duration Fund - Direct Plan - Growth,63.9768,2026-05-26
119382,INF761K01736,,BANK OF INDIA Short Term Income Fund-Direct Plan- Growth,30.3072,2026-05-26
119400,INF955L01BD5,,Baroda BNP Paribas Short Duration Fund - Direct Plan - Growth Option,33.0692,2026-05-26
118320,INF760K01DX5,,CANARA ROBECO SHORT DURATION FUND - DIRECT PLAN - GROWTH OPTION,28.9074,2026-05-26
119226,INF740K01NJ5,,DSP Short Term Fund - Direct Plan - Growth,52.6621,2026-05-26
123704,INF666M01AC0,,Groww Short Term Fund (formerly known as Indiabulls Short Term Fund) - Direct Plan - Growth Option,2494.6668,2026-05-26
123706,INF666M01AH9,INF666M01AE6,Groww Short Term Fund (formerly known as Indiabulls Short Term Fund)- Direct Plan- Fortnightly - Income Distribution cum capital withdrawal Option (Payout & Reinvestment),1018.6384,2026-05-26
123707,INF666M01AI7,INF666M01AF3,Groww Short Term Fund (formerly known as Indiabulls Short Term Fund)- Direct Plan- Monthly - Income Distribution cum capital withdrawal Option (Payout & Reinvestment),1018.5728,2026-05-26
123705,INF666M01AG1,INF666M01AD8,Groww Short Term Fund (formerly known as Indiabulls Short Term Fund)- Direct Plan- Weekly - Income Distribution cum capital withdrawal Option (Payout & Reinvestment),1018.6555,2026-05-26
119016,INF179K01YM7,,HDFC Short Term  Debt Fund - Growth Option - Direct Plan,34.5277,2026-05-26
151067,INF917K01IQ4,,HSBC Short Duration Fund - Direct Growth,29.208,2026-05-26
120754,INF109K013N3,,ICICI Prudential Short Term Fund - Direct Plan - Growth Option,68.9362,2026-05-26
120560,INF205K01UH8,,Invesco India Short Duration Fund - Direct Plan - Growth,4102.6042,2026-05-26
154079,INF22M001143,,JioBlackRock Short Duration Fund - Direct Plan - Growth Option,1014.2015,2026-05-26
150545,INF192K01MP8,,JM Short Duration Fund (Direct) - Growth,12.8254,2026-05-26
135500,INF174K01Z14,INF174K01Z22,Kotak Bond Short Term Plan - Direct - Standard Income Distribution cum capital withdrawal option,15.868,2026-05-26
119739,INF174K01JI7,,Kotak Bond Short Term Plan-(Growth) - Direct,59.7996,2026-05-26
145954,INF767K01PW6,,LIC MF Short Duration Fund-Direct Plan-Growth,16.2278,2026-05-26
148729,INF174V01AM5,,Mahindra Manulife Short Duration Fund - Direct Plan -Growth,13.9158,2026-05-26
142641,INF769K01DX6,,Mirae Asset Short Duration Fund - Direct Plan - Growth,17.3678,2026-05-26
118796,INF204K01B32,,Nippon India Short Duration Fund - Direct Plan Growth Plan - Growth Option,59.9536,2026-05-26
119816,INF200K01VE4,,SBI SHORT TERM DEBT FUND - DIRECT PLAN -GROWTH,35.5809,2026-05-26
149587,INF173K01GP0,,Sundaram Short Duration Fund (Formerly Known as Principal Short Term Debt Fund)- Direct Plan - Growth Option,50.067,2026-05-26
119949,INF277K01QR4,,Tata Short Term Bond Fund - Direct Plan - Growth Option,55.1451,2026-05-26
149076,INF0GCD01370,,TRUSTMF Short Duration Fund-Direct Plan-Growth,1328.2172,2026-05-26
149078,INF0GCD01396,INF0GCD01404,TRUSTMF Short Duration Fund-Direct Plan-Monthly Income Distribution Cum Capital Withdrawal,1143.8689,2026-05-26
149079,INF0GCD01412,INF0GCD01420,TRUSTMF Short Duration Fund-Direct Plan-Quarterly Income Distribution Cum Capital Withdrawal,1163.0742,2026-05-26
149077,,INF0GCD01388,TRUSTMF Short Duration Fund-Direct Plan-Weekly Income Distribution Cum Capital Withdrawal,1121.0325,2026-05-26
153242,INF582M01KO3,,Union Short Duration Fund - Direct Plan - Growth Option,10.8114,2026-05-26
120718,INF789F01XY0,,UTI Short Duration Fund - Direct Plan - Growth Option,35.1938,2026-05-26
119501,INF209K01UR9,,Aditya Birla Sun Life Savings Fund - Growth - Direct Plan,589.0336,2026-05-26
144754,INF846K01F40,,Axis Ultra Short Duration Fund - Direct Plan Growth,16.5011,2026-05-26
144173,INF194KA16R3,,BANDHAN ULTRA SHORT DURATION FUND - DIRECT PLAN GROWTH,16.2317,2026-05-26
119379,INF761K01892,,BANK OF INDIA Ultra Short Duration Fund- Direct Plan- Growth,3447.8491,2026-05-26
126389,INF761K01CS5,,BANK OF INDIA Ultra Short Duration Fund- Direct Plan-Bonus,3432.1379,2026-05-26
143508,INF955L01HA8,,Baroda BNP Paribas Ultra Short Duration Fund- Direct Plan- Growth,1647.7176,2026-05-26
118317,INF760K01GM1,,CANARA ROBECO ULTRA SHORT TERM FUND - DIRECT PLAN - GROWTH OPTION,4259.4246,2026-05-26
119205,INF740K01ON5,,DSP Ultra Short Fund - Direct Plan - Growth,3907.275,2026-05-26
152825,INF090I01XL4,,Franklin India Ultra Short Duration Fund - Direct - Growth,11.2602,2026-05-26
145034,INF179KB15Q6,,HDFC Ultra Short Term Fund - Direct Plan-Growth Option,16.2963,2026-05-26
147908,INF336L01OR1,,HSBC Ultra Short Duration Fund - Direct Growth,1446.6615,2026-05-26
120676,INF109K01T04,,ICICI Prudential Ultra Short Term Fund - Direct Plan -  Growth,31.6339,2026-05-26
120541,INF205K01TH0,,Invesco India Ultra Short Duration Fund - Direct Plan - Growth,3038.5528,2026-05-26
148913,INF00XX01AE2,,ITI Ultra Short Duration Fund - Direct Plan - Growth Option,1350.0119,2026-05-26
119750,INF174K01JP2,,Kotak Savings Fund-Growth - Direct,47.348,2026-05-26
119751,INF174K01JQ0,,Kotak Savings Fund-Monthly Payout of Income Distribution cum capital withdrawal option - Direct,20.4146,2026-05-26
147772,INF767K01QU8,,LIC MF Ultra Short Duration Fund-Direct Plan-Growth,1424.4003,2026-05-26
147731,INF174V01887,,Mahindra Manulife Ultra Short Duration Fund - Direct Plan -Growth,1487.2423,2026-05-26
148529,INF769K01GK6,,Mirae Asset Ultra Short Duration Fund Direct Growth,1395.5866,2026-05-26
124234,INF247L01247,,Motilal Oswal Ultra Short Term Fund (MOFUSTF) -Direct Plan- Growth,18.3503,2026-05-26
143494,INF204K01YH3,,Nippon India Ultra Short Duration Fund- Direct Plan- Growth Option,4702.1797,2026-05-26
138358,INF223J01QO7,,PGIM India Ultra Short Duration Fund - Direct Plan - Growth,37.4919,2026-05-26
119828,INF200K01TF5,,SBI ULTRA SHORT DURATION FUND - DIRECT PLAN - GROWTH,6403.2834,2026-05-26
149539,INF173K01HI3,,Sundaram Ultra Short Duration Fund (Formerly Known as Principal Ultra Short Term Fund)- Direct Plan -Growth Option,3087.8273,2026-05-26
146076,,INF277K013T6,TATA Ultra Short Term Fund Direct Plan - Monthly Reinvestment of Income Distribution cum capital withdrawal option,15.7755,2026-05-26
146068,,INF277K015T1,TATA Ultra Short Term Fund Direct Plan - Weekly Reinvestment of Income Distribution cum capital withdrawal option,10.3995,2026-05-26
146069,INF277K012T8,,TATA Ultra Short Term Fund-Direct Plan - Monthly Payout of Income Distribution cum capital withdrawal option,15.7755,2026-05-26
146067,INF277K014T4,,TATA Ultra Short Term Fund-Direct Plan - Weekly Payout of Income Distribution cum capital withdrawal option,10.3995,2026-05-26
146075,INF277K011T0,,Tata Ultra Short Term Fund-Direct Plan-Growth,15.7541,2026-05-26
120746,INF789F01TI1,,UTI Ultra Short Duration Fund - Direct Plan - Growth Option,4799.0845,2026-05-26
147311,INF03VN01209,,WhiteOak Capital Ultra Short Duration Fund- Direct plan-Growth Option,1483.3783,2026-05-26
120348,INF205K01LE4,,Invesco India Contra Fund - Direct Plan - Growth,153.28,2026-05-26
119769,INF174K01KZ9,,Kotak Contra Fund - Direct Plan - Growth,177.883,2026-05-26
151165,INF579M01AN2,,360 ONE ELSS Tax Saver Nifty 50 Index Fund - Direct Plan - Growth,13.5333,2026-05-26
119544,INF209K01UN8,,Aditya Birla Sun Life ELSS Tax Saver Fund - Growth - Direct Plan,67.55,2026-05-26
120503,INF846K01EW2,,Axis ELSS Tax Saver Fund - Direct Plan - Growth Option,105.5115,2026-05-26
153201,INF0QA701AK0,,BAJAJ FINSERV ELSS TAX SAVER FUND - DIRECT - GROWTH,11.586,2026-05-26
118473,INF194K01Y29,,BANDHAN ELSS Tax Saver Fund - Direct Plan - Growth,175.169,2026-05-26
119351,INF761K01884,,BANK OF INDIA ELSS Tax Saver -Direct Plan- Growth,190.63,2026-05-26
150159,INF251K01HF3,,BARODA BNP PARIBAS ELSS Tax Saver Fund - Direct Plan - Growth Option,110.0791,2026-05-26
118285,INF760K01EL8,,CANARA ROBECO ELSS TAX SAVER - DIRECT PLAN - GROWTH OPTION,196.49,2026-05-26
119242,INF740K01OK1,,DSP ELSS Tax Saver Fund - Direct Plan - Growth,152.631,2026-05-26
118620,INF754K01CA8,,Edelweiss ELSS Tax Saver Fund - Direct Plan-Growth Option,135.07,2026-05-26
118540,INF090I01JS8,,Franklin India ELSS Tax Saver Fund - Direct - Growth,1561.5753,2026-05-26
141808,INF666M01DK7,,Groww ELSS Tax Saver Fund (formerly known as Indiabulls Tax Savings Fund)- Direct Plan- Growth Option,21.49,2026-05-26
119060,INF179K01YS4,,HDFC ELSS Tax saver - Growth Option - Direct Plan,1450.221,2026-05-26
151078,INF917K01GP0,,HSBC ELSS Tax saver Fund - Direct Growth,148.3154,2026-05-26
120592,INF109K01Y31,,ICICI Prudential ELSS Tax Saver Fund - Direct Plan - Growth,1012.19,2026-05-26
120416,INF205K01NT8,,Invesco India ELSS Tax Saver Fund - Direct Plan - Growth,140.81,2026-05-26
147541,INF00XX01390,,ITI ELSS Tax Saver Fund - Direct Plan - Growth Option,27.0734,2026-05-26
120494,INF192K01CE3,,JM ELSS Tax Saver Fund (Direct) - Growth Option,55.6853,2026-05-26
119773,INF174K01LI3,,Kotak ELSS Tax Saver Fund-Growth - Direct,132.293,2026-05-26
119772,INF174K01LJ1,,Kotak ELSS Tax Saver Fund-Payout of Income Distribution cum capital withdrawal option - Direct,55.417,2026-05-26
120270,INF767K01EM1,,LIC MF ELSS Tax Saver-Direct Plan-Growth,164.1918,2026-05-26
139781,INF174V01093,,Mahindra Manulife ELSS Tax Saver Fund - Direct Plan -Growth,31.9344,2026-05-26
135781,INF769K01DM9,,Mirae Asset ELSS Tax Saver Fund - Direct Plan - Growth,56.07,2026-05-26
133386,INF247L01569,,Motilal Oswal ELSS Tax Saver Fund - Direct Plan - Growth Option,62.0341,2026-05-26
151471,INF959L01GR6,,NAVI ELSS TAX SAVER NIFTY 50 INDEX FUND - DIRECT PLAN GROWTH,14.4727,2026-05-26
118803,INF204K01L55,,Nippon India ELSS Tax Saver Fund - Direct Plan Growth Plan - Growth Option,143.5595,2026-05-26
151611,INF0J8L01115,,NJ ELSS Tax Saver Scheme Direct Growth,14.37,2026-05-26
135601,INF663L01FN5,,PGIM India ELSS Tax Saver Fund - Direct Plan - Growth Option,38.17,2026-05-26
147481,INF879O01100,,Parag Parikh ELSS Tax Saver Fund- Direct Growth,31.8729,2026-05-26
120847,INF966L01986,,quant ELSS Tax Saver Fund - Growth Option - Direct Plan,448.5976,2026-05-26
111549,INF082J01069,,Quantum ELSS Tax Saver Fund - Direct Plan Growth Option,124.14,2026-05-26
150838,INF0K1H01065,,Samco ELSS Tax Saver Fund - Direct Plan - Growth Option,13.05,2026-05-26
119723,INF200K01UM9,,SBI ELSS Tax Saver FUND - DIRECT PLAN -GROWTH,466.3341,2026-05-26
145819,INF680P01158,,Shriram ELSS Tax Saver Fund - Direct Growth,23.2045,2026-05-26
149570,INF173K01HZ7,,Sundaram ELSS Tax Saver Fund Direct Plan Growth,524.6833,2026-05-26
132756,INF277K01I86,,Tata ELSS Fund-Growth-Direct Plan,52.3428,2026-05-26
118866,INF044D01CG6,INF044D01AA3,Taurus ELSS Tax Saver Fund - Direct Plan - Growth,194.22,2026-05-26
118867,INF044D01CH4,INF044D01CI2,Taurus ELSS Tax Saver Fund - Direct Plan - Payout of Income Distribution cum Capital Withdrawal option,89.51,2026-05-26
119307,INF582M01765,,Union ELSS Tax Saver Fund - Direct Plan - Growth Option,69.36,2026-05-26
120715,INF789F01TF7,,UTI ELSS Tax Saver Fund - Direct Plan - Growth Option,222.1595,2026-05-26
150587,INF03VN01621,,WhiteOak Capital ELSS Tax Saver Fund Direct Plan Growth,18.082,2026-05-26
151796,INF579M01AS1,,360 ONE FLEXICAP FUND-DIRECT PLAN- GROWTH,15.7169,2026-05-26
154043,INF2JJD01136,,Abakkus Flexi Cap Fund - Direct - Growth,10.458,2026-05-26
120564,INF209K01XX1,,Aditya Birla Sun Life Flexi Cap Fund - Growth - Direct Plan,2089.81,2026-05-26
141925,INF846K01B28,,Axis Flexi Cap Fund - Direct Plan - Growth,29.13,2026-05-26
151895,INF0QA701342,,Bajaj Finserv Flexi Cap Fund-Direct Plan-Growth,15.443,2026-05-26
118424,INF194K01W62,,BANDHAN Flexi Cap Fund-Direct Plan-Growth,226.675,2026-05-26
148404,INF761K01FF5,,BANK OF INDIA Flexi Cap Fund Direct Plan -Growth,39.86,2026-05-26
150387,INF251K01QZ2,,Baroda BNP Paribas Flexi Cap Fund - Direct Plan - Growth Option,16.4179,2026-05-26
118275,INF760K01EF0,,CANARA ROBECO FLEXICAP FUND - DIRECT PLAN - GROWTH OPTION,376.34,2026-05-26
153738,INF226401018,,CAPITALMIND FLEXI CAP FUND DIRECT GROWTH,10.0657,2026-05-26
119076,INF740K01PI2,,DSP Flexi Cap Fund - Direct Plan - Growth,111.989,2026-05-26
140353,INF843K01KK1,,Edelweiss Flexi Cap Fund - Direct Plan - Growth Option,44.62,2026-05-26
118535,INF090I01FK3,,Franklin India Flexi Cap Fund - Direct - Growth,1751.8523,2026-05-26
118955,INF179K01UT0,,HDFC Flexi Cap Fund - Growth Option - Direct Plan,2158.762,2026-05-26
152135,INF0R8701046,,Helios Flexi Cap Fund - Direct Plan - Growth Option,15.37,2026-05-26
120046,INF336L01DH5,,HSBC Flexi Cap Fund - Direct Growth,251.748,2026-05-26
148990,INF109KC1R14,,ICICI Prudential Flexicap Fund - Direct Plan - Growth,20.0,2026-05-26
149763,INF205KA1494,,Invesco India Flexi Cap Fund - Direct Plan - Growth,19.46,2026-05-26
151379,INF00XX01CO7,,ITI Flexi Cap Fund- Direct Plan- Growth,19.2987,2026-05-26
153859,INF22M001093,,JioBlackRock Flexi Cap Fund - Direct Plan - Growth Option,9.7996,2026-05-26
120492,INF192K01CC7,,JM Flexicap Fund (Direct) - Growth Option,108.874,2026-05-26
120166,INF174K01LS2,,Kotak Flexicap Fund - Growth - Direct,95.591,2026-05-26
120165,INF174K01LQ6,INF174K01LR4,Kotak Flexicap Fund - Payout of Income Distribution cum capital withdrawal option- Direct,58.378,2026-05-26
120264,INF767K01EG3,,LIC MF Flexi Cap Fund-Direct Plan-Growth,108.5956,2026-05-26
149104,INF174V01AS2,,Mahindra Manulife Flexi Cap Fund - Direct Plan -Growth,16.9452,2026-05-26
151412,INF769K01JJ2,,Mirae Asset Flexi Cap Fund - Direct Plan - Growth,16.568,2026-05-26
129046,INF247L01502,,Motilal Oswal Flexi cap Fund Direct Plan-Growth Option,63.424,2026-05-26
143793,INF959L01DT9,,Navi Flexi Cap Fund - Direct Plan - Growth,27.6397,2026-05-26
149094,INF204KC1121,,Nippon India Flexi Cap Fund - Direct Plan - Growth Plan - Growth Option,17.3461,2026-05-26
151917,INF0J8L01156,,NJ Flexi Cap Fund - Direct Plan - Growth Option,13.27,2026-05-26
154225,INF0S5R01133,,Old Bridge Flexi Cap Fund Direct Growth,10.75,2026-05-26
133839,INF663L01FF1,,PGIM India Flexi Cap Fund - Direct Plan - Growth Option,41.85,2026-05-26
120843,INF966L01911,,quant Flexi Cap Fund - Growth Option-Direct Plan,120.3565,2026-05-26
149450,INF0K1H01024,,Samco Flexi Cap Fund - Direct Plan - Growth Option,10.42,2026-05-26
144905,INF680P01109,,Shriram Flexi Cap Fund - Direct Growth,22.25,2026-05-26
150571,INF903JA1LE2,,Sundaram Flexicap Fund Direct Growth,14.9776,2026-05-26
144547,INF277K017K6,,TATA Flexi Cap Fund - Direct Plan - Payout of Income Distribution cum capital withdrawal option,26.4891,2026-05-26
144543,,INF277K016K8,TATA Flexi Cap Fund Direct Plan - Reinvestment of Income Distribution cum capital withdrawal option,26.4891,2026-05-26
144546,INF277K015K0,,Tata Flexi Cap Fund-Direct Plan-Growth,26.4891,2026-05-26
118884,INF044D01BV7,INF044D01BW5,Taurus Flexi Cap Fund - Direct Plan -  Payout of Income Distribution cum Capital Withdrawal option,117.19,2026-05-26
118883,INF044D01BU9,,Taurus Flexi Cap Fund - Direct Plan - Growth,232.28,2026-05-26
153872,INF2F0001040,,THE WEALTH COMPANY FLEXI CAP FUND - DIRECT GROWTH,10.0898,2026-05-26
152584,INF0GCD01743,,TRUSTMF Flexi Cap Fund-Direct Plan- Growth,11.8,2026-05-26
153543,INF1MIY01031,,Unifi Flexi Cap Fund - Direct Growth,10.2674,2026-05-26
119292,INF582M01633,,Union Flexi Cap Fund - Direct Plan - Growth Option,56.2,2026-05-26
120662,INF789F01TC4,,UTI - Flexi Cap Fund-Growth Option - Direct,322.4721,2026-05-26
150346,INF03VN01530,,WhiteOak Capital Flexi Cap Fund Direct Plan-Growth,18.077,2026-05-26
131580,INF579M01902,,360 ONE Focused Fund-Direct Plan-Growth,52.7707,2026-05-26
119564,INF209K01WE3,,Aditya Birla Sun Life Focused Fund - Growth - Direct Plan,161.4369,2026-05-26
120468,INF846K01CQ8,,Axis Focused Fund - Direct Plan - Growth Option,59.95,2026-05-26
118421,INF194K01W21,,Bandhan Focused Fund - Direct Plan - Growth,104.502,2026-05-26
150264,INF251K01PN0,,BARODA BNP PARIBAS Focused Fund - Direct Plan - Growth Option,24.0408,2026-05-26
148883,INF760K01JQ6,,Canara Robeco Focused Fund - Direct Plan - Growth Option,20.54,2026-05-26
119096,INF740K01OB0,,DSP Focused Fund - Direct Plan - Growth,59.47,2026-05-26
150376,INF754K01OP1,,Edelweiss Focused Fund - Direct Plan - Growth,17.363,2026-05-26
118564,INF090I01IW2,,Franklin India Focused Equity Fund - Direct - Growth,113.7676,2026-05-26
118950,INF179K01VK7,,HDFC Focused Fund - Growth Option - Direct Plan,254.939,2026-05-26
148411,INF336L01PB2,,HSBC Focused Fund - Direct Growth,27.9574,2026-05-26
120722,INF109K018N2,,ICICI Prudential Focused Equity Fund - Direct Plan - Growth,105.21,2026-05-26
148481,INF205KA1213,,Invesco India Focused Fund - Direct Plan - Growth,29.06,2026-05-26
151777,INF00XX01CS8,,ITI Focused Fund - Direct Plan - Growth,17.0376,2026-05-26
120488,INF192K01BW7,,JM Focused Fund (Direct)  - Growth Option,22.6601,2026-05-26
147473,INF174KA1EN7,,Kotak Focused Fund- Direct Plan- Growth option,29.238,2026-05-26
147475,INF174KA1EP2,INF174KA1EO5,Kotak Focused Fund-Direct Plan- Income Distribution cum capital withdrawal option,29.239,2026-05-26
152010,INF397L01KA7,,LIC MF Focused Fund-Direct Plan-Growth,22.7519,2026-05-26
148567,INF174V01AG7,,Mahindra Manulife Focused Fund - Direct Plan -Growth,29.7326,2026-05-26
147206,INF769K01EU0,,Mirae Asset Focused Fund Direct Plan Growth,25.875,2026-05-26
122389,INF247L01189,,Motilal Oswal Focused Fund - Direct Plan Growth Option,54.6297,2026-05-26
118692,INF204K01F95,,Nippon India Focused Fund - Direct Plan Growth Plan - Growth Option,133.2652,2026-05-26
152358,INF0S5R01042,,Old Bridge Focused Fund - Direct Growth,13.07,2026-05-26
120834,INF966L01853,,quant Focused Fund - Growth Option-Direct Plan,100.9817,2026-05-26
149533,INF173K01EK6,,Sundaram Focused Fund (Formerly Known as Principal Focused Multicap Fund)- Direct Plan - Growth Option,173.3464,2026-05-26
147759,INF277K019X5,,TATA Focused Fund Direct Plan - Payout of Income Distribution cum capital withdrawal option,25.6112,2026-05-26
147758,,INF277K018X7,TATA Focused Fund Direct Plan - Reinvestment of Income Distribution cum capital withdrawal option,25.6112,2026-05-26
147757,INF277K017X9,,Tata Focused Fund-Direct Plan-Growth,25.6112,2026-05-26
147492,INF582M01FS4,,Union Focused Fund - Direct Plan - Growth Option,28.37,2026-05-26
149091,INF789F1AVA3,,UTI Focused Fund - Direct Plan - Growth Option,15.9137,2026-05-26
119436,INF209K01VH8,,Aditya Birla Sun Life Large & Mid Cap Fund - Growth - Direct Plan,1019.15,2026-05-26
152408,INF0QA701763,,Bajaj Finserv Large and Mid Cap Fund- Direct Plan- Growth,12.377,2026-05-26
118419,INF194K01V89,,Bandhan Large & Mid Cap Fund - Direct Plan - Growth,164.424,2026-05-26
119300,INF761K01629,,BANK OF INDIA Large & Mid Cap Fund Direct Plan- Bonus,54.39,2026-05-26
119350,INF761K01652,,BANK OF INDIA Large & Mid Cap Fund Direct Plan-Growth,105.35,2026-05-26
148474,INF955L01JU2,,Baroda BNP Paribas Large and Mid Cap Fund- Direct Plan -Growth Option,29.2425,2026-05-26
118278,INF760K01EI4,,CANARA ROBECO LARGE AND MID CAP FUND - DIRECT PLAN - GROWTH OPTION,283.98,2026-05-26
119218,INF740K01PL6,,DSP Large & Mid Cap Fund - Direct Plan - Growth,686.986,2026-05-26
140175,INF843K01AL0,,Edelweiss Large & Mid Cap Fund - Direct Plan - Growth Option,104.511,2026-05-26
118510,INF090I01IN1,,Franklin India Large & Mid Cap Fund - Direct - Growth,203.8094,2026-05-26
130498,INF179KA1RQ7,,HDFC Large and Mid Cap Fund - Growth Option - Direct Plan,356.285,2026-05-26
152941,INF0R8701269,,Helios Large & Mid Cap Fund - Direct Plan - Growth Option,11.28,2026-05-26
146772,INF336L01NV5,,HSBC Large & Mid Cap Fund - Direct Growth,31.7444,2026-05-26
120596,INF109K011O5,,ICICI Prudential Large & Mid Cap Fund - Direct Plan - Growth,1129.47,2026-05-26
120357,INF205K01MA0,,Invesco India Large & Mid Cap Fund - Direct Plan - Growth,120.77,2026-05-26
152821,INF00XX01DA4,,ITI Large & Midcap Fund - Direct Plan - Growth,9.7496,2026-05-26
153629,INF192K01NK7,,JM Large & Mid Cap Fund (Direct) - Growth Option,10.2771,2026-05-26
120158,INF174K01LF9,,Kotak Large & Midcap Fund - Direct- Growth,395.864,2026-05-26
133710,INF767K01NE9,,LIC MF Large & Mid Cap Fund-Direct Plan-Growth,43.6354,2026-05-26
147840,INF174V01945,,Mahindra Manulife Large & Mid Cap Fund - Direct Plan -Growth,29.8361,2026-05-26
118834,INF769K01BI1,,Mirae Asset Large & Midcap Fund - Direct Plan - Growth,173.396,2026-05-26
147704,INF247L01999,,Motilal Oswal Large and Midcap Fund - Direct Plan Growth,38.2395,2026-05-26
135677,INF959L01CH6,,Navi Large & Midcap Fund- Direct Plan- Growth Option,43.0187,2026-05-26
118675,INF204K01E96,,Nippon India Vision Large & Mid Cap Fund - Direct Plan Growth Plan - Bonus Option,269.5847,2026-05-26
118678,INF204K01F20,,Nippon India Vision Large & Mid Cap Fund - Direct Plan Growth Plan - Growth Option,1590.0783,2026-05-26
152382,INF663L01Y12,,PGIM India Large and Midcap Fund - Direct Plan - Growth Option,12.59,2026-05-26
120826,INF966L01648,,quant Large & Mid Cap Fund - Growth Option-Direct Plan,137.4027,2026-05-26
153534,INF0K1H01271,,Samco Large & Mid Cap Fund - Direct Plan - Growth Option,9.35,2026-05-26
119566,INF903J01PR9,,Sundaram Large and Midcap Fund Direct Plan - Growth,97.2559,2026-05-26
119202,INF277K01MK8,,Tata Large & MId Cap Fund -Direct Plan- Growth Option,557.9851,2026-05-26
147750,INF582M01GA0,,Union Large & Midcap Fund - Direct Plan - Growth Option,27.9,2026-05-26
120665,INF789F01UG3,,UTI Large & Mid Cap Fund - Direct Plan - Growth Option,196.3966,2026-05-26
152226,INF03VN01845,,Whiteoak Capital Large & Mid Cap Fund Direct Plan Growth,13.879,2026-05-26
119528,INF209K01YY7,,Aditya Birla Sun Life Large Cap Fund - Growth - Direct Plan,561.31,2026-05-26
120465,INF846K01DP8,,Axis Large Cap Fund - Direct Plan - Growth,66.66,2026-05-26
152783,INF0QA701896,,BAJAJ FINSERV LARGE CAP FUND - DIRECT PLAN - GROWTH,10.06,2026-05-26
118479,INF194K01Z44,,BANDHAN Large Cap Fund-Direct Plan-Growth,87.94,2026-05-26
148980,INF761K01FL3,,BANK OF INDIA Large Cap Fund Direct Plan Growth,17.46,2026-05-26
150187,INF251K01HN7,,BARODA BNP PARIBAS LARGE CAP Fund - Direct Plan - Growth Option,253.8073,2026-05-26
118269,INF760K01FR2,,CANARA ROBECO LARGE CAP FUND - DIRECT PLAN - GROWTH OPTION,70.04,2026-05-26
119250,INF740K01PR3,,DSP Large Cap Fund - Direct Plan - Growth,501.064,2026-05-26
118617,INF754K01BW4,,Edelweiss Large Cap Fund - Direct Plan-Growth option,94.56,2026-05-26
119133,INF666M01600,,Groww Largecap Fund (formerly known as Indiabulls Blue Chip Fund) - Direct Plan - Growth Option,50.86,2026-05-26
119134,INF666M01626,INF666M01618,Groww Largecap Fund (formerly known as Indiabulls Bluechip Fund)- Direct Plan- - Income Distribution cum capital withdrawal Option (Payout & Reinvestment),29.46,2026-05-26
140814,INF666M01CQ6,INF666M01CR4,Groww Largecap Fund (formerly known as Indiabulls Bluechip Fund)- Direct Plan- Half Yearly -Income Distribution cum capital withdrawal Option (Payout & Reinvestment),28.59,2026-05-26
140809,INF666M01CM5,INF666M01CN3,Groww Largecap Fund (formerly known as Indiabulls Bluechip Fund)- Direct Plan- Monthly - Income Distribution cum capital withdrawal Option (Payout & Reinvestment),22.71,2026-05-26
140811,INF666M01CO1,INF666M01CP8,Groww Largecap Fund (formerly known as Indiabulls Bluechip Fund)- Direct Plan- Quarterly - Income Distribution cum capital withdrawal Option (Payout & Reinvestment),28.37,2026-05-26
119018,INF179K01YV8,,HDFC Large Cap Fund - Growth Option - Direct Plan,1188.501,2026-05-26
120030,INF336L01CM7,,HSBC Large Cap Fund - Direct Growth,514.3486,2026-05-26
120586,INF109K016L0,,ICICI Prudential Large Cap Fund (erstwhile Bluechip Fund) - Direct Plan - Growth,117.98,2026-05-26
120392,INF205K01LB0,,Invesco India Largecap Fund - Direct Plan - Growth,83.1,2026-05-26
148353,INF00XX01804,,ITI Large Cap Fund - Direct Plan - Growth Option,18.7537,2026-05-26
154307,INF22M001176,,JioBlackRock Large Cap Fund - Direct Plan - Growth Option,9.8404,2026-05-26
120490,INF192K01BZ0,,JM Large Cap Fund (Direct) - Growth Option,172.8063,2026-05-26
120152,INF174K01KW6,,Kotak Large Cap  Fund - Growth - Direct,641.711,2026-05-26
120153,INF174K01KY2,INF174K01KX4,Kotak Large Cap Fund - Payout of Income Distribution cum capital withdrawal option - Direct,84.868,2026-05-26
120267,INF767K01EJ7,,LIC MF Large Cap Fund-Direct Plan-Growth,59.8788,2026-05-26
146549,INF174V01721,,Mahindra Manulife Large Cap Fund - Direct Plan -Growth,24.7609,2026-05-26
118825,INF769K01AX2,,Mirae Asset Large Cap Fund - Direct Plan - Growth,123.899,2026-05-26
152354,INF247L01CE3,,Motilal Oswal Large Cap Direct Plan Growth,13.6681,2026-05-26
118633,INF204K01D30,,Nippon India Large Cap Fund - Direct Plan Growth Plan - Bonus Option,99.4356,2026-05-26
118632,INF204K01XI3,,Nippon India Large Cap Fund - Direct Plan Growth Plan - Growth Option,99.4356,2026-05-26
138312,INF663L01GR4,,PGIM India Large Cap Fund - Direct Plan - Growth,389.76,2026-05-26
154155,INF879O01332,,Parag Parikh Large Cap Fund - Direct Plan - Growth,9.4917,2026-05-26
150440,INF966L01AT0,,quant Large Cap Fund - Growth Option - Direct Plan,16.3344,2026-05-26
153239,INF0K1H01255,,Samco Large Cap Fund - Direct Plan - Growth Option,9.46,2026-05-26
119598,INF200K01QX4,,SBI Large Cap FUND-DIRECT PLAN -GROWTH,102.3652,2026-05-26
148507,INF903JA1JC0,,Sundaram Large Cap Fund (Formerly Known as Sundaram Blue Chip Fund)Direct Plan - Growth,21.8582,2026-05-26
119160,INF277K01QZ7,,Tata Large Cap Fund -Direct Plan Growth Option,577.3261,2026-05-26
118870,INF044D01BX3,,Taurus Large Cap Fund - Direct Plan - Growth,164.25,2026-05-26
118871,INF044D01BY1,INF044D01BZ8,Taurus Large Cap Fund - Direct Plan - Payout of Income Distribution cum Capital Withdrawal option,72.35,2026-05-26
141248,INF582M01CU7,,Union Largecap Fund - Direct Plan - Growth Option,24.41,2026-05-26
120656,INF789F01US8,,UTI Large Cap Fund - Direct Plan - Growth Option,286.3412,2026-05-26
150797,INF03VN01696,,WhiteOak Capital Large Cap Fund Direct Plan Growth,15.316,2026-05-26
119620,INF209K01Q30,,Aditya Birla Sun Life Midcap Fund - Growth - Direct Plan,909.82,2026-05-26
120505,INF846K01EH3,,Axis Midcap Fund - Direct Plan - Growth,137.53,2026-05-26
150404,INF194KB1DJ2,,BANDHAN MIDCAP FUND - GROWTH - DIRECT PLAN,19.096,2026-05-26
153728,INF761K01GY4,,Bank of India Mid Cap Fund - Direct Plan Growth,10.37,2026-05-26
150212,INF251K01HQ0,,BARODA BNP PARIBAS Mid Cap Fund - Direct Plan - Growth Option,132.6365,2026-05-26
150817,INF760K01KI1,,Canara Robeco Mid Cap Fund- Direct Plan- Growth Option,18.54,2026-05-26
119071,INF740K01PX1,,DSP Midcap Fund - Direct Plan - Growth,169.284,2026-05-26
140228,INF843K01AO4,,Edelweiss Mid Cap Fund - Direct Plan - Growth Option,125.784,2026-05-26
118533,INF090I01FH9,,Franklin India Mid Cap Fund - Direct - Growth,3058.0379,2026-05-26
118989,INF179K01XQ0,,HDFC Mid Cap Fund - Growth Option - Direct Plan,223.135,2026-05-26
153326,INF0R8701327,,Helios Mid Cap Fund - Direct Plan - Growth Option,13.19,2026-05-26
151036,INF917K01FZ1,,HSBC Midcap Fund - Direct Growth,505.3346,2026-05-26
120381,INF109K011N7,,ICICI Prudential MidCap Fund - Direct Plan -  Growth,385.5,2026-05-26
120403,INF205K01MV6,,Invesco India Midcap Fund - Direct Plan - Growth Option,224.62,2026-05-26
148733,INF00XX01929,,ITI Mid Cap Fund - Direct Plan - Growth Option,24.7813,2026-05-26
150815,INF192K01MV6,,JM Midcap Fund (Direct) - Growth,21.2666,2026-05-26
119775,INF174K01LT0,,Kotak Midcap Fund - Direct Plan - Growth,164.034,2026-05-26
152002,INF397L01JK8,,LIC MF Mid Cap Fund-Direct Plan-Growth,33.3628,2026-05-26
142110,INF174V01507,,Mahindra Manulife Mid Cap Fund - Direct Plan -Growth,40.8356,2026-05-26
147445,INF769K01FA9,,Mirae Asset Midcap Fund- Direct Growth Option,42.021,2026-05-26
127042,INF247L01445,,Motilal Oswal Midcap Fund-Direct Plan-Growth Option,107.5413,2026-05-26
118665,INF204K01E21,,Nippon India Growth Mid Cap Fund - Direct Plan Growth Plan - Bonus Option,810.5337,2026-05-26
118668,INF204K01E54,,Nippon India Growth Mid Cap Fund - Direct Plan Growth Plan - Growth Option,4878.7186,2026-05-26
125307,INF663L01DV3,,PGIM India Midcap Fund - Direct Plan - Growth Option,74.8,2026-05-26
120841,INF966L01887,,quant Mid Cap Fund - Growth Option - Direct Plan,251.2702,2026-05-26
154114,INF0K1H01313,,Samco Mid Cap Fund - Direct Plan,10.1,2026-05-26
119716,INF200K01TP4,,SBI MIDCAP FUND - DIRECT PLAN - GROWTH,266.6243,2026-05-26
119581,INF903J01MJ3,,Sundaram Mid Cap Fund Direct Plan - Growth,1589.7874,2026-05-26
119178,INF277K01PY2,,Tata Mid Cap Fund - Direct Plan- Growth Option,518.2809,2026-05-26
118872,INF044D01CA9,,Taurus Mid Cap Fund - Direct Plan - Growth,125.56,2026-05-26
118873,INF044D01CB7,INF044D01CC5,Taurus Mid Cap Fund - Direct Plan - Payout of Income Distribution cum Capital Withdrawal option,111.54,2026-05-26
154210,INF0GCD01875,,TRUSTMF MID CAP FUND -DIRECT -GROWTH,11.27,2026-05-26
148073,INF582M01GI3,,Union Midcap Fund - Direct Plan - Growth Option,54.69,2026-05-26
120726,INF789F01UA6,,UTI Mid Cap Fund-Growth Option- Direct,341.1157,2026-05-26
150584,INF03VN01597,,WhiteOak Capital Mid Cap Fund Direct Plan Growth,22.065,2026-05-26
148921,INF209KB1Y49,,Aditya Birla Sun Life Multi-Cap Fund-Direct Growth,21.34,2026-05-26
149383,INF846K013E0,,Axis Multicap Fund - Direct Growth,19.15,2026-05-26
153309,INF0QA701AV7,,BAJAJ FINSERV MULTI CAP FUND - DIRECT - GROWTH,11.876,2026-05-26
149303,INF194KB1CL0,,BANDHAN MULTI CAP FUND - GROWTH - DIRECT PLAN,18.303,2026-05-26
151443,INF761K01FR0,,Bank of India Multi Cap Fund Direct Plan - Growth,19.66,2026-05-26
119354,INF955L01AG0,,Baroda BNP Paribas MULTI CAP FUND - Direct Plan - Growth Option,327.7212,2026-05-26
151824,INF760K01KO9,,Canara Robeco Multi Cap Fund - Direct Plan - Growth Option,14.9,2026-05-26
152310,INF740KA1UC1,,DSP Multicap Fund - Direct - Growth,12.339,2026-05-26
152094,INF754K01SD8,,Edelweiss Multi Cap Fund - Direct Plan - Growth,15.9181,2026-05-26
152739,INF090I01XA7,,Franklin India Multi Cap Fund - Direct - Growth,10.6167,2026-05-26
153034,INF666M01JD9,,Groww Multicap Fund - Direct - Growth,11.5462,2026-05-26
149368,INF179KC1BS5,,HDFC Multi Cap Fund - Growth Option - Direct Plan,19.3,2026-05-26
151290,INF336L01QN5,,HSBC Multi Cap Fund - Direct - Growth,20.0481,2026-05-26
120599,INF109K014O9,,ICICI Prudential Multicap Fund - Direct Plan -  Growth,947.53,2026-05-26
120413,INF205K01MS2,,Invesco India Multicap Fund - Direct Plan - Growth Option,148.65,2026-05-26
147183,INF00XX01168,,ITI Multi Cap Fund - Direct Plan - Growth Option,28.3811,2026-05-26
149185,INF174KA1HV3,,Kotak Multicap Fund-Direct Plan-Growth,20.867,2026-05-26
150659,INF767K01RK7,,LIC MF Multi Cap Fund-Direct Plan-Growth,18.5121,2026-05-26
141226,INF174V01341,,Mahindra Manulife Multi Cap Fund - Direct Plan -Growth,43.4597,2026-05-26
151810,INF769K01KK8,,Mirae Asset Multicap Fund - Direct Plan - Growth,14.888,2026-05-26
152651,INF247L01CL8,,Motilal Oswal Multi Cap Fund-Direct Plan Growth,13.049,2026-05-26
118651,INF204K01D55,,Nippon India Multi Cap Fund - Direct Plan Growth Plan - Bonus Option,329.2857,2026-05-26
118650,INF204K01XF9,,Nippon India Multi Cap Fund - Direct Plan Growth Plan - Growth Option,329.2857,2026-05-26
152815,INF663L01Z03,,PGIM India Multi Cap Fund - Direct Plan - Growth Option,10.25,2026-05-26
120823,INF966L01614,,quant Multi Cap Fund-GROWTH OPTION-Direct Plan,709.1131,2026-05-26
152847,INF0K1H01198,,Samco Multi Cap Fund - Direct Plan - Growth,8.74,2026-05-26
149882,INF200KA18E2,,SBI Multicap Fund- Direct Plan- Growth option,17.3442,2026-05-26
149669,INF173K01FQ0,,Sundaram Multi Cap Fund (Formerly Known as Principal Multi Cap Growth Fund)-Direct Plan - Growth Option,415.9255,2026-05-26
151232,INF277KA1679,,Tata Multicap Fund - Direct Plan - Growth,15.7032,2026-05-26
153644,INF0GCD01834,,TRUSTMF MULTI CAP FUND -DIRECT PLAN-GROWTH,10.97,2026-05-26
150858,INF582M01IO7,,Union Multicap Fund - Direct Plan - Growth Option,17.19,2026-05-26
153515,INF789F1AB89,,UTI Multi Cap Fund - Direct Plan - Growth Option,10.3061,2026-05-26
152071,INF03VN01803,,WhiteOak Capital Multi Cap Fund Direct Plan Growth,15.941,2026-05-26
149318,INF579M01AI2,,360 ONE QUANT FUND DIRECT GROWTH,19.6862,2026-05-26
149319,INF579M01AJ0,INF579M01AK8,360 ONE QUANT FUND DIRECT INCOME DISTRIBUTION CUM CAPITAL WITHDRAWAL,19.6862,2026-05-26
125597,INF209K014W1,,Aditya Birla Sun Life Banking and Financial Services Fund - Direct Plan - Growth,69.09,2026-05-26
153124,INF209KC1373,,Aditya Birla Sun Life Conglomerate Fund-Direct Growth,10.88,2026-05-26
119591,INF209K01WC7,,Aditya Birla Sun Life Consumption Fund - Growth - Direct Plan,230.22,2026-05-26
148637,INF209KB1U76,,Aditya Birla Sun Life ESG Integration Strategy Fund-Direct Plan-Growth,18.7,2026-05-26
119514,INF209K01WH6,,Aditya Birla Sun Life Infrastructure Fund - Growth - Direct Plan,114.4,2026-05-26
133516,INF209KA1YK0,,Aditya Birla Sun Life Manufacturing Equity Fund - Direct Plan - Growth,40.4,2026-05-26
147409,INF209KB1O25,,Aditya Birla Sun Life Pharma and Healthcare Fund-Direct-Growth,37.16,2026-05-26
147844,INF209KB1O82,,Aditya Birla Sun Life PSU Equity Fund-Direct Plan-Growth,40.48,2026-05-26
152684,INF209KC1118,,Aditya Birla Sun Life Quant Fund - Direct Growth,10.29,2026-05-26
148539,INF209KB1T79,,Aditya Birla Sun Life Special Opportunities Fund-Direct-Growth,28.74,2026-05-26
152158,INF209KB15X7,,Aditya Birla Sun Life Transportation and Logistics Fund-Direct Growth,15.3,2026-05-26
151368,INF846K016N4,,Axis Business Cycles Fund - Direct Plan - Growth,17.08,2026-05-26
152805,INF846K013X0,,Axis Consumption Fund Direct Plan - Growth,9.07,2026-05-26
147928,INF846K01W23,,Axis ESG Integration Strategy Fund - Direct Plan - Growth Option,22.23,2026-05-26
152202,INF846K016S3,,Axis India Manufacturing Fund - Direct Plan - Growth,15.5,2026-05-26
153083,INF846K011Z9,,Axis Momentum Fund - Direct Plan - Growth Option,9.04,2026-05-26
148993,INF846K01Z87,,Axis Quant Fund - Direct Plan - Growth,17.01,2026-05-26
153624,INF846KA1168,,Axis Services Opportunities Fund - Direct Plan - Growth Option,9.53,2026-05-26
153937,INF0QA701BZ6,,Bajaj Finserv Banking and Financial Services Fund - Direct - Growth,9.673,2026-05-26
153075,INF0QA701946,,BAJAJ FINSERV CONSUMPTION FUND - DIRECT - GROWTH,8.947,2026-05-26
153157,INF0QA701AB9,,BAJAJ FINSERV HEALTHCARE FUND - DIRECT - GROWTH,10.618,2026-05-26
152878,INF194KB1IQ6,,Bandhan Business Cycle Fund - Direct Plan - Growth,9.759,2026-05-26
151816,INF194KB1GB2,,BANDHAN FINANCIAL SERVICES FUND - DIRECT PLAN - GROWTH,15.062,2026-05-26
153972,INF194KB1KF5,,Bandhan Healthcare Fund - Direct Plan - Growth,10.357,2026-05-26
118469,INF194K01X46,,BANDHAN Infrastructure Fund-Direct Plan-Growth,57.537,2026-05-26
152607,INF194KB1IE2,,Bandhan Innovation Fund - Direct Plan - Growth,14.176,2026-05-26
153722,INF194KB1JX0,,Bandhan Multi-Factor Fund - Direct Plan - Growth,10.022,2026-05-26
150716,INF194KB1EB7,,BANDHAN TRANSPORTATION AND LOGISTICS FUND - GROWTH - DIRECT PLAN,19.929,2026-05-26
154093,INF761K01HE4,,Bank of India Banking & Financial Services Fund - Direct Plan - Growth,9.72,2026-05-26
152789,INF761K01GF3,,Bank of India Business Cycle Fund - Direct Plan - Growth,9.37,2026-05-26
153139,INF761K01GI7,,Bank of India Consumption Fund - Direct - Growth,10.68,2026-05-26
119364,INF761K01702,,BANK OF INDIA Manufacturing & Infrastructure Fund-Direct Plan-Growth,75.79,2026-05-26
119333,INF955L01971,,Baroda BNP Paribas Banking and Financial Services Fund - Direct - Growth Option,54.0214,2026-05-26
153847,INF251K01VJ6,,Baroda BNP Paribas Business Conglomerates Fund Direct Growth Option,9.9411,2026-05-26
149141,INF955L01KK1,,Baroda BNP Paribas Business Cycle Fund - Direct Plan - Growth,16.7896,2026-05-26
153225,INF251K01UJ8,,Baroda BNP Paribas Energy Opportunities Fund - Direct Plan - Growth Option,12.5608,2026-05-26
154195,INF251K01VP3,,Baroda BNP Paribas Best-in-Class Strategy Fund - Direct - Growth Option,10.3237,2026-05-26
153604,INF251K01VA5,,Baroda BNP Paribas Health and Wellness Fund Direct Growth,10.1924,2026-05-26
150266,INF251K01PT7,,BARODA BNP PARIBAS India Consumption Fund - Direct Plan - Growth Option,32.7765,2026-05-26
152470,INF251K01TE1,,Baroda BNP Paribas Innovation Fund Direct plan - Growth Option,13.3228,2026-05-26
152697,INF251K01TP7,,Baroda BNP Paribas Manufacturing Fund - Direct Plan - Growth Option,11.2157,2026-05-26
154250,INF760K01LN9,,Canara Robeco Banking and Financials Services Fund - Direct Plan - Growth,10.55,2026-05-26
118273,INF760K01DU1,,CANARA ROBECO CONSUMPTION FUND - DIRECT PLAN - GROWTH OPTION,120.0,2026-05-26
118267,INF760K01FO9,,CANARA ROBECO INFRASTRUCTURE FUND - DIRECT PLAN - GROWTH OPTION,193.59,2026-05-26
152450,INF760K01KZ5,,Canara Robeco Manufacturing Fund - Direct Plan - Growth Option,13.79,2026-05-26
152449,INF760K01KY8,INF760K01KX0,Canara Robeco Manufacturing Fund - Direct Plan - IDWC Option,13.79,2026-05-26
152206,INF740KA1TQ3,,DSP Banking & Financial Services Fund - Direct - Growth,14.733,2026-05-26
153121,INF740KA1UX7,,DSP Business Cycle Fund - Direct - Growth,10.43,2026-05-26
119247,INF740K01PU7,,DSP India T.I.G.E.R. Fund - Direct Plan - Growth,388.174,2026-05-26
147306,INF740KA1NQ6,,DSP Quant Fund - Direct Plan - Growth,22.259,2026-05-26
152710,INF754K01TA2,,Edelweiss Business Cycle Fund - Direct Plan - Growth,9.1526,2026-05-26
153214,INF754K01TY2,,Edelweiss Consumption Fund - Direct - Growth,10.9097,2026-05-26
154108,INF754K01WH1,,Edelweiss Financial Services Fund - Direct Plan - Growth Option,9.4248,2026-05-26
142388,INF754K01ML4,,Edelweiss Recently Listed IPO Fund Direct Plan Growth,31.1454,2026-05-26
118557,INF090I01JF5,,Franklin Build India Fund - Direct - Growth,169.2757,2026-05-26
153942,INF090I01YQ1,,Franklin India Multi-Factor Fund- Direct- Growth,9.566,2026-05-26
152254,INF666M01HS1,,Groww Banking & Financial Services Fund - Direct Plan - Growth,12.8398,2026-05-26
148986,INF179KC1BG0,,HDFC Banking & Financial Services Fund - Growth Option - Direct Plan,18.585,2026-05-26
150805,INF179KC1DY9,,HDFC Business Cycle Fund - Growth Option - Direct Plan,14.795,2026-05-26
151804,INF179KC1GO3,,HDFC Consumption Fund - Growth Option - Direct Plan,13.611,2026-05-26
151750,INF179KC1GI5,,HDFC Defence Fund - Growth Option - Direct Plan,29.192,2026-05-26
141924,INF179KC1AU3,,HDFC Housing Opportunities Fund  - Growth Option - Direct Plan,23.561,2026-05-26
118979,INF179K01WQ2,,HDFC Infrastructure Fund - Growth Option - Direct Plan,52.68,2026-05-26
153620,INF179KC1JO7,,HDFC INNOVATION FUND - DIRECT PLAN - GROWTH OPTION,10.59,2026-05-26
152600,INF179KC1II1,,HDFC Manufacturing fund - Growth Option - Direct Plan,11.56,2026-05-26
151458,INF179KC1FC0,,HDFC MNC Fund - Growth Option - Direct Plan,13.762,2026-05-26
152082,INF179KC1HO1,,HDFC Pharma and Healthcare Fund - Growth Option - Direct Plan,20.019,2026-05-26
152059,INF179KC1HI3,,HDFC Technology Fund - Growth Option - Direct Plan,11.391,2026-05-26
151901,INF179KC1GU0,,HDFC Transportation and Logistics Fund - Growth Option - Direct Plan,17.699,2026-05-26
152679,INF0R8701202,,Helios Financial Services Fund - Direct Plan - Growth Option,11.61,2026-05-26
151142,INF917K01RI2,,HSBC Business Cycles Fund - Direct Growth,46.5279,2026-05-26
152032,INF336L01QZ9,,HSBC Consumption Fund - Direct Growth,14.5745,2026-05-26
153266,INF336L01RU8,,HSBC Financial Services Fund - Direct Growth,12.4034,2026-05-26
152829,INF336L01RO1,,HSBC India Export Opportunities Fund - Direct Growth,10.6464,2026-05-26
151040,INF917K01FW8,,HSBC Infrastructure Fund - Direct Growth,57.11,2026-05-26
153684,INF109K1A385,,ICICI Prudential Active Momentum Fund - Direct Plan - Growth,10.89,2026-05-26
120244,INF109K013J1,,ICICI Prudential Banking and Financial Services Fund - Direct Plan -  Growth,145.93,2026-05-26
146951,INF109KC1YD4,,ICICI Prudential Bharat Consumption Fund - Direct Plan - Growth Option,25.84,2026-05-26
153867,INF109K1A427,,ICICI Prudential Conglomerate Fund - Direct Plan - Growth,10.1,2026-05-26
152728,INF109KC12W6,,ICICI PRUDENTIAL ENERGY OPPORTUNITIES FUND - Direct Plan - Growth,11.92,2026-05-26
153070,INF109KC10Y6,,ICICI Prudential Equity Minimum Variance Fund - Direct Plan - Growth,10.7,2026-05-26
148516,INF109KC1O09,,ICICI Prudential ESG Exclusionary Strategy Fund - Direct Plan - Growth,22.51,2026-05-26
120688,INF109K01W25,,ICICI Prudential Exports & Services Fund - Direct Plan - Growth,179.08,2026-05-26
150310,INF109KC10C2,,ICICI PRUDENTIAL HOUSING OPPORTUNITIES FUND - Direct Plan Growth,18.14,2026-05-26
145897,INF109KC1RH9,,ICICI Prudential India Opportunities Fund - Direct Plan - Cumulative Option,39.61,2026-05-26
120621,INF109K018M4,,ICICI Prudential Infrastructure Fund - Direct Plan -  Growth,218.23,2026-05-26
145075,INF109KC1LJ8,,ICICI Prudential Manufacturing Fund - Direct Plan - Cumulative Option,41.11,2026-05-26
143874,INF109KC1GH2,,ICICI Prudential Pharma Healthcare and Diagnostics (P.H.D) Fund - Direct Plan - Cumulative Option,45.62,2026-05-26
150539,INF109KC12I5,,ICICI Prudential PSU Equity Fund - Direct Plan - Growth,23.35,2026-05-26
153458,INF109K1A187,,ICICI Prudential Quality Fund - Direct Plan - Growth,10.29,2026-05-26
148600,INF109KC1O66,,ICICI Prudential Quant Fund Direct Plan Growth,23.23,2026-05-26
153184,INF109KC12Z9,,ICICI Prudential Rural Opportunities Fund - Direct Plan - Growth,11.01,2026-05-26
150685,INF109KC12K1,,ICICI PRUDENTIAL TRANSPORTATION AND LOGISTICS FUND - Direct Plan - Growth,20.85,2026-05-26
153291,INF205KA1AI8,,Invesco India Business Cycle Fund - Direct Plan - Growth,13.34,2026-05-26
153900,INF205KA1BI6,,Invesco India Consumption Fund - Direct Plan - Growth,9.65,2026-05-26
148751,INF205KA1338,,Invesco India ESG Integration Strategy Fund - Direct Plan - Growth,17.3,2026-05-26
120385,INF205K01KY4,,Invesco India Financial Services Fund - Direct Plan - Growth,174.27,2026-05-26
120405,INF205K01MD4,,Invesco India Infrastructure Fund - Direct Plan - Growth Option,81.1,2026-05-26
152756,INF205KA1908,,Invesco India Manufacturing Fund - Direct Plan - Growth,10.91,2026-05-26
120395,INF205K01NG5,,Invesco India PSU Equity Fund - Direct Plan - Growth,79.59,2026-05-26
152863,INF205KA1965,,Invesco India Technology Fund - Direct Plan - Growth,9.48,2026-05-26
149321,INF00XX01BU6,,ITI Banking and Financial Services Fund - Direct Plan - Growth Option,16.9332,2026-05-26
153260,INF00XX01DG1,,ITI Bharat Consumption Fund - Direct Plan - Growth,11.1841,2026-05-26
154157,INF00XX01DM9,,ITI Business Cycle Fund- Direct Plan- Growth,10.5082,2026-05-26
149268,INF00XX01BO9,,ITI Pharma and Healthcare Fund - Direct Plan - Growth Option,18.2925,2026-05-26
154082,INF22M001168,,JioBlackRock Sector Rotation Fund - Direct Plan - Growth Option,9.797,2026-05-26
153753,INF174KA1XA4,,Kotak Active Momentum Fund - Direct Plan - Growth option,10.625,2026-05-26
151384,INF174KA1MD1,,Kotak Banking & Financial Services Fund - Direct Plan - Growth,16.414,2026-05-26
150624,INF174KA1JN6,,Kotak Business Cycle - Direct Plan - Growth,17.109,2026-05-26
152169,INF174KA1PP8,,Kotak Consumption Fund - Direct plan - Growth Option,13.931,2026-05-26
153447,INF174KA1VX0,,Kotak Energy Opportunities Fund-Direct-Growth,10.973,2026-05-26
148606,INF174KA1FI4,,Kotak ESG Exclusionary Strategy Fund - Direct Plan - Growth Option,17.772,2026-05-26
148605,INF174KA1FH6,INF174KA1FJ2,Kotak ESG Exclusionary Strategy Fund - Direct Plan - Payout of Income Distribution cum capital withdrawal option,17.773,2026-05-26
152214,INF174KA1PZ7,,Kotak Healthcare Fund - Direct Plan - Growth Option,15.729,2026-05-26
133801,INF178L01AL9,,Kotak Infrastructure & Economic Reform Fund- Direct Plan- Growth Option,80.517,2026-05-26
133800,INF178L01AK1,INF178L01AJ3,Kotak Infrastructure & Economic Reform Fund- Direct Plan- Payout of Income Distribution cum capital withdrawal option,79.596,2026-05-26
149841,INF174KA1IF4,,Kotak Manufacture in India Fund - Direct Plan Growth,21.968,2026-05-26
152910,INF174KA1TG9,,Kotak MNC Fund-Direct Plan-Growth,12.253,2026-05-26
151881,INF174KA1OL0,,Kotak Quant Fund - Direct Plan - Growth Option,15.215,2026-05-26
153970,INF174KA1XW8,,Kotak Rural Opportunities Fund - Direct Plan - Growth,9.701,2026-05-26
154149,INF174KA1YV8,,Kotak Services Fund - Direct - Growth,10.005,2026-05-26
152702,INF174KA1SF3,,Kotak Special Opportunities Fund - Direct Plan - Growth Option,10.585,2026-05-26
153118,INF174KA1TS4,,Kotak Transportation & Logistics Fund-Direct Growth,11.132,2026-05-26
134017,INF767K01NK6,,LIC MF Banking and Financial Services Fund-Direct Plan-Growth,23.6997,2026-05-26
153948,INF767K01SD0,,LIC MF Consumption Fund-Direct Plan-Growth,9.4945,2026-05-26
152024,INF397L01LK4,,LIC MF Healthcare Fund-Direct Plan-Growth,34.3806,2026-05-26
120351,INF767K01GW5,,LIC MF Infrastructure Fund-Direct Plan-Growth,62.1049,2026-05-26
152920,INF767K01RR2,,LIC MF Manufacturing Fund-Direct Plan-Growth,11.3514,2026-05-26
154244,INF767K01SJ7,,LIC MF Technology Fund-Direct Plan-Growth,10.7774,2026-05-26
152045,INF174V01BQ4,,Mahindra Manulife Business Cycle Fund - Direct Plan - Growth,16.1595,2026-05-26
145356,INF174V01663,,Mahindra Manulife Consumption Fund - Direct Plan -Growth,23.9813,2026-05-26
154121,INF174V01DA4,,Mahindra Manulife Innovation Opportunities Fund - Direct - Growth,10.6016,2026-05-26
152672,INF174V01CC2,,Mahindra Manulife Manufacturing Fund - Direct Plan - Growth,10.4338,2026-05-26
153674,INF174V01CO7,,Mahindra Manulife Banking & Financial Services Fund - Direct - Growth,10.5605,2026-05-26
148623,INF769K01GX9,,Mirae Asset Banking and Financial Services Fund Direct Growth,22.546,2026-05-26
118837,INF769K01BL5,,Mirae Asset Great Consumer Fund - Direct Plan - Growth,105.938,2026-05-26
143783,INF769K01ED6,,Mirae Asset Healthcare Fund Direct Growth,47.774,2026-05-26
153983,INF769K01PV4,,Mirae Asset Infrastructure Fund - Direct Plan - Growth,10.915,2026-05-26
153364,INF247L01EP5,,Motilal Oswal Active Momentum Fund- Direct-Growth,12.9736,2026-05-26
152796,INF247L01DG6,,Motilal Oswal Business Cycle Fund - Direct Plan- Growth,11.4442,2026-05-26
153913,INF247L01GA2,,Motilal Oswal Consumption Fund-Direct-Growth,9.4791,2026-05-26
152964,INF247L01DN2,,Motilal Oswal Digital India Fund - Direct Plan - Growth,8.964,2026-05-26
154142,INF247L01GN5,,Motilal Oswal Financial Services Fund- Direct Growth,9.9962,2026-05-26
153484,INF247L01EW1,,Motilal Oswal Infrastructure Fund-Direct-Growth,12.9422,2026-05-26
153258,INF247L01EJ8,,Motilal Oswal Innovation Opportunities Fund - Direct Plan- Growth,12.9544,2026-05-26
152760,INF247L01DA9,,Motilal Oswal Manufacturing Fund - Direct Plan- Growth,11.5874,2026-05-26
152694,INF247L01CS3,,Motilal Oswal Quant Fund - Direct - Growth,10.4357,2026-05-26
153558,INF247L01FE6,,Motilal Oswal Services Fund - Direct Plan - Growth,10.6877,2026-05-26
153749,INF247L01FS6,,Motilal Oswal Special Opportunities Fund - Direct - Growth,11.293,2026-05-26
153274,INF204KC1EK5,,Nippon India Active Momentum Fund-Direct Plan - Growth Option,12.3543,2026-05-26
118588,INF204K01D22,,Nippon India Banking & Financial Services Fund - Direct Plan Growth Plan - Bonus Option,695.1193,2026-05-26
118589,INF204K01XO1,,Nippon India Banking & Financial Services Fund - Direct Plan Growth Plan - Growth Option,695.1193,2026-05-26
118722,INF204K01G29,,Nippon India Consumption Fund - Direct Plan Growth Plan - Bonus,207.2039,2026-05-26
118724,INF204K01G52,,Nippon India Consumption Fund - Direct Plan Growth Plan - Growth Option,207.2039,2026-05-26
152033,INF204KC1BO3,,Nippon India Innovation Fund-Direct Plan-Growth Option,14.4735,2026-05-26
130861,INF204KA1SK7,,Nippon India Japan Equity Fund- Direct Plan- Growth Plan- Bonus Option,30.4881,2026-05-26
130860,INF204KA1SI1,,Nippon India Japan Equity Fund- Direct Plan- Growth Plan- Growth Option,30.4881,2026-05-26
153693,INF204KC1FR7,,Nippon India MNC Fund- Direct Plan- Growth Option,10.6175,2026-05-26
118758,INF204K01I27,,Nippon India Pharma Fund - Direct Plan Growth Plan - Bonus Option,606.005,2026-05-26
118759,INF204K01I50,,Nippon India Pharma Fund - Direct Plan Growth Plan - Growth Option,606.005,2026-05-26
118762,INF204K01I68,,Nippon India Power & Infra Fund - Direct Plan Growth Plan - Bonus Option,417.3064,2026-05-26
118763,INF204K01I92,,Nippon India Power & Infra Fund - Direct Plan Growth Plan - Growth Option,417.3064,2026-05-26
118770,INF204K01J00,,Nippon India Quant Fund - Direct Plan Growth Plan - Bonus Option,77.4427,2026-05-26
118769,INF204K01J34,,Nippon India Quant Fund - Direct Plan Growth Plan - Growth Option,77.4427,2026-05-26
149329,INF204KC1303,,Nippon India Taiwan Equity Fund- Direct Plan- Growth Option,40.204,2026-05-26
153039,INF663L01Z45,,PGIM India Healthcare Fund - Direct Plan - Growth Option,11.03,2026-05-26
151791,INF966L01BX0,,quant BFSI Fund - Growth Option - Direct Plan,20.4955,2026-05-26
151757,INF966L01BR2,,quant Business Cycle Fund - Growth Option - Direct Plan,17.2885,2026-05-26
152255,INF966L01DF3,,quant Commodities Fund - Growth Option - Direct Plan,15.6654,2026-05-26
152336,INF966L01DN7,,quant Consumption Fund - Growth Option - Direct Plan,9.8765,2026-05-26
148564,INF966L01AD4,,quant ESG Integration Strategy Fund - Growth Option - Direct Plan,40.4009,2026-05-26
151853,INF966L01CD0,,quant Healthcare Fund - Growth Option - Direct Plan,17.0951,2026-05-26
120833,INF966L01721,,quant Infrastructure Fund - Growth Option-Direct Plan,45.6776,2026-05-26
151916,INF966L01CJ7,,quant Manufacturing Fund - Growth Option - Direct Plan,16.6242,2026-05-26
152189,INF966L01CZ3,,quant Momentum Fund - Growth Option - Direct Plan,15.693,2026-05-26
152415,INF966L01DT4,,quant PSU Fund - Growth Option - Direct Plan,11.324,2026-05-26
148925,INF966L01AK9,,quant Quantamental Fund - Growth Option - Direct Plan,27.2819,2026-05-26
152067,INF966L01CT6,,quant Teck Fund - Growth Option - Direct Plan,11.146,2026-05-26
147372,INF082J01382,,QUANTUM ESG BEST IN CLASS STRATEGY FUND - DIRECT PLAN - GROWTH OPTION,24.08,2026-05-26
153094,INF082J01473,,Quantum Ethical Fund - Direct Plan Growth Option,9.64,2026-05-26
151753,INF0K1H01081,,Samco Active Momentum Fund - Direct Plan - Growth Option,14.41,2026-05-26
152586,INF0K1H01180,,Samco Special Opportunities Fund - Direct Plan - Growth,8.74,2026-05-26
152657,INF200KB1183,,SBI Automotive Opportunities Fund - Direct Plan - Growth,11.8724,2026-05-26
152655,INF200KB1191,INF200KB1209,SBI Automotive Opportunities Fund - Direct Plan - Income Distribution Cum Capital Withdrawal Option,11.872,2026-05-26
133859,INF200KA1507,,SBI BANKING & FINANCIAL SERVICES FUND - DIRECT PLAN - GROWTH,48.4261,2026-05-26
119705,INF200K01SB6,,SBI COMMA Fund - DIRECT PLAN - Growth,128.5764,2026-05-26
120575,INF200K01RM5,,SBI CONSUMPTION OPPORTUNITIES FUND - DIRECT PLAN - GROWTH,324.3721,2026-05-26
152417,INF200KB1126,,SBI Energy Opportunities Fund - Direct Plan - Growth,11.6238,2026-05-26
152420,INF200KB1134,INF200KB1142,SBI Energy Opportunities Fund - Direct Plan - Income Distribution Cum Capital Withdrawal Option,11.6236,2026-05-26
146643,INF200KA1A71,,SBI Equity Minimum Variance Fund - Direct Plan - Growth,24.5425,2026-05-26
119709,INF200K01SE0,,SBI ESG Exclusionary Strategy Fund - Direct Plan -Growth,255.6574,2026-05-26
119700,INF200K01RS2,,SBI INFRASTRUCTURE FUND -  DIRECT PLAN - GROWTH,55.9844,2026-05-26
152776,INF200KB1324,,SBI Innovative Opportunities Fund - Direct Plan - Growth,9.353,2026-05-26
152777,INF200KB1332,INF200KB1340,SBI Innovative Opportunities Fund - Direct Plan - Income Distribution Cum Capital Withdrawal Option,9.353,2026-05-26
119711,INF200K01SN1,,SBI MNC FUND - DIRECT PLAN -GROWTH,418.3334,2026-05-26
119732,INF200K01UY4,,SBI PSU Fund - DIRECT PLAN - GROWTH,39.2224,2026-05-26
154177,INF200KB1AG6,,SBI Quality Fund - Direct Plan - Growth,10.1122,2026-05-26
154178,INF200KB1AH4,INF200KB1AI2,SBI Quality Fund - Direct Plan - Income Distribution Cum Capital Withdrawal,10.1122,2026-05-26
153154,INF200KB1506,,SBI Quant Fund- Direct Plan- Growth,9.8682,2026-05-26
153076,INF680P01455,,Shriram Multi Sector Rotation Fund - Direct Plan Growth Option,7.9691,2026-05-26
152677,INF903JA1LQ6,,Sundaram Business Cycle Fund Direct Plan Growth,10.9009,2026-05-26
119595,INF903J01NH5,,Sundaram Consumption Fund (Formerly Known as Sundaram Rural and Consumption Fund Direct Plan - Growth),97.7851,2026-05-26
119597,INF903J01NB8,,Sundaram Financial Services Opportunities Fund Direct Plan - Growth,119.9107,2026-05-26
129212,INF903J01F92,,Sundaram Infrastructure Advantage Fund Direct Plan - Growth,110.5317,2026-05-26
153669,INF903JA1LV6,,Sundaram Multi-Factor Fund - Direct - Growth,10.1235,2026-05-26
135789,INF277K01Z28,,TATA Banking & Financial Services Fund Direct Plan - Payout of Income Distribution cum capital withdrawal option,48.9239,2026-05-26
135792,,INF277K01Z36,TATA Banking & Financial Services Fund Direct Plan - Reinvestment of Income Distribution cum capital withdrawal option,48.9239,2026-05-26
135793,INF277K01Z10,,Tata Banking And Financial Services Fund-Direct Plan-Growth,50.5058,2026-05-26
149071,INF277KA1166,,Tata Business Cycle Fund-Direct Plan-Growth,20.3837,2026-05-26
135795,INF277K01Z85,,TATA Digital India Fund Direct Plan - Payout of Income Distribution cum capital withdrawal option,44.569,2026-05-26
135798,,INF277K01Z93,TATA Digital India Fund Direct Plan - Reinvestment of Income Distribution cum capital withdrawal option,44.569,2026-05-26
135800,INF277K01Z77,,Tata Digital India Fund-Direct Plan-Growth,46.1148,2026-05-26
119172,INF277K01NG4,,Tata Ethical Fund -Direct Plan- Growth Option,417.808,2026-05-26
150532,INF277KA1497,,Tata Housing Opportunities Fund - Direct Plan - Growth,15.5144,2026-05-26
135806,INF277K014A4,,TATA India Consumer Fund Direct Plan - Payout of Income Distribution cum capital withdrawal option,49.8479,2026-05-26
135801,,INF277K015A1,TATA India Consumer Fund Direct Plan - Reinvestment of Income Distribution cum capital withdrawal option,49.8479,2026-05-26
135805,INF277K013A6,,Tata India Consumer Fund-Direct Plan-Growth,51.4346,2026-05-26
153055,INF277KA1CU2,,Tata India Innovation Fund- Direct Growth,9.7788,2026-05-26
135807,INF277K010B0,,TATA India Pharma & Health Care Fund Direct Plan - Payout of Income Distribution cum capital withdrawal option,36.0236,2026-05-26
135808,,INF277K011B8,TATA India Pharma & Healthcare Fund Direct Plan - Reinvestment of Income Distribution cum capital withdrawal option,36.0236,2026-05-26
135810,INF277K019A3,,Tata India Pharma & Healthcare Fund-Direct Plan-Growth,37.2339,2026-05-26
119243,INF277K01PQ8,,Tata Infrastructure Fund -Direct Plan -Growth Option,196.9766,2026-05-26
135817,INF277K016B7,,TATA Resources & Energy Fund Direct Plan - Payout of Income Distribution cum capital withdrawal option,57.352,2026-05-26
135816,,INF277K017B5,TATA Resources & Energy Fund Direct Plan - Reinvestment of Income Distribution cum capital withdrawal option,57.352,2026-05-26
135813,INF277K015B9,,Tata Resources & Energy Fund-Direct Plan-Growth,59.1373,2026-05-26
118868,INF044D01CN2,,Taurus Banking & Financial Services Fund - Direct Plan - Growth,59.02,2026-05-26
118869,INF044D01CO0,INF044D01CP7,Taurus Banking & Financial Services Fund - Direct Plan - Payout of Income Distribution cum Capital Withdrawal option,58.34,2026-05-26
118876,INF044D01CJ0,,Taurus Ethical Fund - Direct Plan - Growth,142.87,2026-05-26
118877,INF044D01CK8,INF044D01CL6,Taurus Ethical Fund - Direct Plan - Payout of Income Distribution cum Capital Withdrawal option,95.91,2026-05-26
118878,INF044D01CM4,,Taurus Ethical Fund-Direct Plan-Bonus Option #,46.82,2026-05-26
118879,INF044D01CD3,,Taurus Infrastructure Fund - Direct Plan - Growth,71.01,2026-05-26
118880,INF044D01CE1,INF044D01CF8,Taurus Infrastructure Fund - Direct Plan - Payout of Income Distribution cum Capital Withdrawal option,66.13,2026-05-26
153895,INF2F0001214,,THE WEALTH COMPANY ETHICAL FUND DIRECT GROWTH,9.6619,2026-05-26
153109,INF582M01KG9,,Union Active Momentum Fund - Direct Plan - Growth Option,9.48,2026-05-26
152409,INF582M01JQ0,,Union Business Cycle Fund - Direct Plan - Growth Option,11.76,2026-05-26
154020,INF582M01MH3,,Union Consumption Fund - Direct Plan - Growth Option,9.2,2026-05-26
151905,INF582M01JE6,,Union Innovation & Opportunities Fund - Direct Plan - Growth Option,14.72,2026-05-26
120733,INF789F01SN3,,UTI Banking and Financial Services Fund - Direct Plan - Growth Option,217.6608,2026-05-26
120782,INF789F01TO9,,UTI Healthcare Fund - Direct Plan - Growth Option,352.9091,2026-05-26
120780,INF789F01VF3,,UTI India Consumer Fund - Direct Plan - Growth Option,59.7808,2026-05-26
120728,INF789F01TU6,,UTI Infrastructure Fund-Growth Option- Direct,152.2433,2026-05-26
120682,INF789F01UD0,,UTI - MNC Fund - Growth Option - Direct,433.3776,2026-05-26
120731,INF789F01SH5,,UTI-Transportation and Logistics  Fund-Growth Option- Direct,319.0955,2026-05-26
152087,INF789F1AZA4,,UTI Innovation Fund - Direct Plan - Growth Option,11.1686,2026-05-26
153204,INF789F1AA98,,UTI Quant Fund - Direct Plan - Growth Option,10.4644,2026-05-26
152321,INF03VN01860,,WhiteOak Capital Banking & Financial Services Fund - Direct Growth,13.041,2026-05-26
154161,INF03VN01AD3,,WhiteOak Capital Consumption Opportunities Fund Direct Plan Growth,9.677,2026-05-26
152915,INF03VN01936,,WhiteOak Capital Digital Bharat Fund Direct Plan Growth,9.414,2026-05-26
152962,INF03VN01951,,WhiteOak Capital ESG Best-In-Class Strategy Fund Direct Plan Growth,10.024,2026-05-26
152349,INF03VN01886,,WhiteOak Capital Pharma and Heathcare Fund Direct Plan Growth,15.7,2026-05-26
153189,INF03VN01977,,WhiteOak Capital Quality Equity Fund Direct Plan Growth,10.04,2026-05-26
152644,INF03VN01902,,WhiteOak Capital Special Opportunities Fund - Direct Growth,13.853,2026-05-26
154215,INF2JJD01177,,Abakkus Small Cap Fund - Direct Plan - Growth,11.211,2026-05-26
119556,INF209K01WN4,,Aditya Birla Sun Life Small Cap Fund - Growth - Direct Plan,105.1748,2026-05-26
125354,INF846K01K35,,Axis Small Cap Fund - Direct Plan - Growth,125.36,2026-05-26
153612,INF0QA701BN2,,BAJAJ FINSERV SMALL CAP FUND - DIRECT - GROWTH,10.203,2026-05-26
147946,INF194KB1AL4,,BANDHAN SMALL CAP FUND - DIRECT PLAN GROWTH,53.324,2026-05-26
145678,INF761K01EP7,,BANK OF INDIA Small Cap Fund Direct Plan Growth,57.2,2026-05-26
152128,INF251K01SR5,,Baroda BNP Paribas Small Cap Fund - Direct Plan - Growth option,13.9722,2026-05-26
146130,INF760K01JC6,,CANARA ROBECO SMALL CAP FUND - DIRECT PLAN - GROWTH OPTION,43.17,2026-05-26
119212,INF740K01QD1,,DSP Small Cap Fund - Direct Plan - Growth,228.28,2026-05-26
146196,INF754K01JN6,,Edelweiss Small Cap Fund - Direct Plan - Growth,50.17,2026-05-26
118525,INF090I01IQ4,,Franklin India Small Cap Fund - Direct - Growth,194.9105,2026-05-26
154063,INF666M01NJ8,,Groww Small Cap Fund-Direct-Growth,11.1548,2026-05-26
130503,INF179KA1RW5,,HDFC Small Cap Fund - Growth Option - Direct Plan,153.923,2026-05-26
153912,INF0R8701384,,Helios Small Cap Fund - Direct Plan - Growth Option,10.34,2026-05-26
151130,INF917K01QA1,,HSBC Small Cap Fund - Direct Growth,92.6977,2026-05-26
120591,INF109K015M0,,ICICI Prudential Smallcap Fund - Direct Plan - Growth,97.78,2026-05-26
145137,INF205K013T3,,Invesco India Smallcap Fund - Direct Plan - Growth,48.11,2026-05-26
147919,INF00XX01747,,ITI Small Cap Fund - Direct Plan - Growth Option,33.8246,2026-05-26
152614,INF192K01NH3,,JM Small Cap Fund (Direct) - Growth Option,10.7713,2026-05-26
120164,INF174K01KT2,,Kotak-Small Cap Fund - Growth - Direct,304.332,2026-05-26
120163,INF174K01KU0,INF174K01KV8,Kotak-Small Cap Fund - Payout of Income Distribution cum capital withdrawal option - Direct,133.672,2026-05-26
152004,INF397L01JS1,,LIC MF Small Cap Fund-Direct Plan-Growth,36.1669,2026-05-26
150915,INF174V01BK7,,Mahindra Manulife Small Cap Fund - Direct Plan - Growth,21.1782,2026-05-26
153196,INF769K01NJ4,,Mirae Asset Small Cap Fund - Direct Plan - Growth,11.788,2026-05-26
152237,INF247L01BY3,,Motilal Oswal Small Cap Fund - Direct - Growth,15.2965,2026-05-26
118777,INF204K01J83,,Nippon India Small Cap Fund - Direct Plan Growth Plan - Bonus Option,196.7598,2026-05-26
118778,INF204K01K15,,Nippon India Small Cap Fund - Direct Plan Growth Plan - Growth Option,196.7598,2026-05-26
149019,INF663L01W06,,PGIM India Small Cap Fund - Direct Plan- Growth Option,18.07,2026-05-26
120828,INF966L01689,,quant Small Cap Fund - Growth Option - Direct Plan,292.2481,2026-05-26
152107,INF082J01432,,QUANTUM SMALL CAP FUND - DIRECT PLAN GROWTH OPTION,13.32,2026-05-26
153868,INF0K1H01297,,Samco Small Cap Fund - Direct Plan,10.5,2026-05-26
125497,INF200K01T51,,SBI Small Cap Fund - Direct Plan - Growth,194.2258,2026-05-26
119589,INF903J01NK9,,Sundaram Small Cap Fund Direct Plan - Growth,311.8103,2026-05-26
145209,,INF277K012O9,TATA Small Cap Fund Direct Plan - Reinvestment of Income Distribution cum capital withdrawal option,38.883,2026-05-26
145206,INF277K011O1,,Tata Small Cap Fund-Direct Plan-Growth,40.2461,2026-05-26
145207,INF277K013O7,,TATA SmallCap Fund - Direct Plan - Payout of Income Distribution cum capital withdrawal option,38.883,2026-05-26
154269,INF2F0001537,,The Wealth Company Small Cap Fund- Direct-Growth,10.9132,2026-05-26
152939,INF0GCD01800,,TRUSTMF SMALL CAP FUND -DIRECT PLAN-GROWTH,12.27,2026-05-26
129649,INF582M01BU9,,Union Small Cap Fund - Direct Plan - Growth Option,60.58,2026-05-26
148618,INF789F1AUQ1,,UTI Small Cap Fund - Direct Plan - Growth Option,28.6375,2026-05-26
119659,INF209K01WQ7,,Aditya Birla Sun Life Value Fund - Growth - Direct Plan,150.246,2026-05-26
149166,INF846K010C0,,Axis Value Fund - Direct Plan - Growth,20.3,2026-05-26
118481,INF194K01Z85,,Bandhan Value Fund - Direct Plan - Growth,165.728,2026-05-26
151755,INF251K01SD5,,Baroda BNP Paribas Value Fund - Direct Plan - Growth option,14.3229,2026-05-26
149085,INF760K01JW4,,Canara Robeco Value Fund - Direct Plan - Growth Option,19.07,2026-05-26
118494,INF090I01GY2,,Templeton India Value Fund - Direct - Growth,782.786,2026-05-26
135341,INF666M01BE4,,Groww Value Fund (formerly known as Indiabulls Value Fund) - Direct Plan - Growth Option,32.2321,2026-05-26
135342,INF666M01BF1,INF666M01BG9,Groww Value Fund (formerly known as Indiabulls Value Fund)- Direct Plan- - Income Distribution cum capital withdrawal Option (Payout & Reinvestment),32.1122,2026-05-26
140819,INF666M01DC4,INF666M01DD2,Groww Value Fund (formerly known as Indiabulls Value Fund)- Direct Plan- Half Yearly - Income Distribution cum capital withdrawal Option (Payout & Reinvestment),25.8072,2026-05-26
140815,INF666M01CY0,INF666M01CZ7,Groww Value Fund (formerly known as Indiabulls Value Fund)- Direct Plan- Monthly - Income Distribution cum capital withdrawal Option (Payout & Reinvestment),23.6384,2026-05-26
140817,INF666M01DA8,INF666M01DB6,Groww Value Fund (formerly known as Indiabulls Value Fund)- Direct Plan- Quarterly - Income Distribution cum capital withdrawal Option (Payout & Reinvestment),25.7869,2026-05-26
118935,INF179K01VC4,,HDFC Value Fund - Growth Option - Direct Plan,843.16,2026-05-26
151113,INF917K01HD4,,HSBC Value Fund - Direct Growth,126.1396,2026-05-26
120323,INF109K012K1,,ICICI Prudential Value Fund (erstwhile Value Discovery Fund) - Direct Plan - Growth,509.91,2026-05-26
148972,INF00XX01AQ6,,ITI Value Fund - Direct Plan - Growth Option,18.5275,2026-05-26
120486,INF192K01BT3,,JM Value Fund (Direct) - Growth Option,104.2509,2026-05-26
152018,INF397L01KU5,,LIC MF Value Fund-Direct Plan-Growth,28.7957,2026-05-26
153303,INF174V01CI9,,Mahindra Manulife Value Fund - Direct Plan - Growth,12.5004,2026-05-26
118784,INF204K01K49,,Nippon India Value Fund - Direct Plan Growth Plan,245.5709,2026-05-26
149335,INF966L01AN3,,Quant Value Fund - Growth Option  - Direct Plan,24.1675,2026-05-26
103490,INF082J01036,,Quantum Value Fund - Direct Plan Growth Option,124.28,2026-05-26
119549,INF903J01NN3,,Sundaram Value Fund Direct Plan - Growth,222.8747,2026-05-26
119231,INF277K01ND1,,Tata Value Fund -Direct Plan Growth Option,389.6198,2026-05-26
145473,INF582M01EK4,,Union Value Fund - Direct Plan - Growth Option,30.02,2026-05-26
120751,INF789F01VB2,,UTI Value Fund - Direct Plan - Growth Option,178.4378,2026-05-26
120517,INF209K01ZC0,,Aditya Birla Sun Life Equity Hybrid'95 Fund - Direct Plan-Growth,1680.73,2026-05-26
144394,INF846K01E25,,Axis Aggressive Hybrid Fund - Direct Plan - Growth Option,22.25,2026-05-26
140382,INF194KA1U56,,Bandhan Aggressive Hybrid Fund-Direct Plan Growth,30.624,2026-05-26
139527,INF761K01DM6,,BANK OF INDIA MID & SMALL CAP EQUITY & DEBT FUND - DIRECT PLAN GROWTH,45.06,2026-05-26
150260,INF251K01OZ7,,Baroda BNP Paribas Aggressive Hybrid Fund- DIRECT PLAN - GROWTH OPTION,32.1124,2026-05-26
118272,INF760K01EZ8,,CANARA ROBECO EQUITY HYBRID FUND - DIRECT PLAN - GROWTH OPTION,409.9,2026-05-26
119019,INF740K01NY4,,DSP Aggressive Hybrid Fund - Direct Plan - Growth,391.329,2026-05-26
118546,INF090I01FZ1,,Franklin India Aggressive Hybrid Fund - Direct - Growth,302.204,2026-05-26
145599,INF666M01FA3,,Groww Aggressive Hybrid Fund (formerly known as Indiabulls Equity Hybrid Fund) - Direct Plan - Growth option,22.8972,2026-05-26
145600,INF666M01FB1,INF666M01FC9,Groww Aggressive Hybrid Fund (formerly known as Indiabulls Equity Hybrid Fund)- Direct Plan- - Income Distribution cum capital withdrawal Option (Payout & Reinvestment),22.6973,2026-05-26
145602,INF666M01FH8,INF666M01FI6,Groww Aggressive Hybrid Fund (formerly known as Indiabulls Equity Hybrid Fund)- Direct Plan- Half Yearly - Income Distribution cum capital withdrawal Option (Payout & Reinvestment),22.012,2026-05-26
145606,INF666M01FD7,INF666M01FE5,Groww Aggressive Hybrid Fund (formerly known as Indiabulls Equity Hybrid Fund)- Direct Plan- Monthly - Income Distribution cum capital withdrawal Option (Payout & Reinvestment),22.6613,2026-05-26
145601,INF666M01FF2,INF666M01FG0,Groww Aggressive Hybrid Fund (formerly known as Indiabulls Equity Hybrid Fund)- Direct Plan- Quarterly - Income Distribution cum capital withdrawal Option (Payout & Reinvestment),22.4281,2026-05-26
119062,INF179K01XZ1,,HDFC Hybrid Equity Fund - Growth Option - Direct Plan,120.92,2026-05-26
151122,INF917K01LE4,,HSBC Aggressive Hybrid Fund - Direct Growth,65.0897,2026-05-26
120251,INF109K01Y07,,ICICI Prudential Equity & Debt Fund - Direct Plan - Growth,444.9,2026-05-26
143537,INF205K014Q7,,Invesco India Aggressive Hybrid Fund - Direct Plan - Growth,23.6669,2026-05-26
130904,INF192K01HB8,,JM Aggressive Hybrid Fund (Direct) - Annual Bonus Option,133.5855,2026-05-26
120484,INF192K01BQ9,,JM Aggressive Hybrid Fund (Direct) - Growth Option,133.367,2026-05-26
133035,INF174K01F00,,Kotak Aggressive Hybrid Fund - Direct Plan -Growth,75.236,2026-05-26
120261,INF767K01ED0,,LIC MF Aggressive Hybrid Fund-Direct Plan-Growth,222.4755,2026-05-26
147446,INF174V01788,,Mahindra Manulife Aggressive Hybrid Fund - Direct Plan -Growth,29.7609,2026-05-26
134813,INF769K01DH9,,Mirae Asset Aggressive Hybrid Fund - Direct Plan - Growth,38.6,2026-05-26
143163,INF959L01CX3,,Navi Aggressive Hybrid Fund - Direct Plan - Growth,24.1817,2026-05-26
118794,INF204K01B08,,Nippon India Aggressive Hybrid Fund  - Direct Plan Growth Plan,118.5383,2026-05-26
120819,INF966L01556,,quant Aggressive Hybrid Fund-Growth Option-Direct Plan,510.6694,2026-05-26
119609,INF200K01RY0,,SBI EQUITY HYBRID FUND - DIRECT PLAN - Growth,344.887,2026-05-26
125711,INF680P01042,,Shriram Aggressive Hybrid Fund- Direct Growth,36.4674,2026-05-26
149601,INF173K01FE6,,Sundaram Aggressive Hybrid Fund (Formerly Known as Principal Hybrid Equity Fund)- Direct Plan - Growth Option,181.3462,2026-05-26
149602,INF173K01FB2,INF173K01FC0,Sundaram Aggressive Hybrid Fund(Formerly Known as Principal Hybrid Equity Fund)-Direct Plan - Monthly Income Distribution CUM Capital Withdrawal Option,38.6761,2026-05-26
119053,INF277K01MN2,,Tata Aggressive Hybrid Fund -Direct Plan- Growth Option,484.0688,2026-05-26
148592,INF582M01GY0,,Union Aggressive Hybrid Fund - Direct Plan - Growth Option,18.98,2026-05-26
120674,INF789F01SK9,,UTI Aggressive Hybrid Fund -Direct Plan - Growth,432.3151,2026-05-26
119526,INF209K01VP1,,Aditya Birla Sun Life Arbitrage Fund - Growth - Direct Plan,30.2697,2026-05-26
130773,INF846K01PZ1,,Axis Arbitrage Fund - Direct Plan - Growth,21.4608,2026-05-26
152077,INF0QA701524,,Bajaj Finserv Arbitrage Fund-Direct Plan-Growth,12.011,2026-05-26
118474,INF194K01Y60,,BANDHAN Arbitrage Fund-Direct Plan- Growth,37.0516,2026-05-26
143614,INF761K01ED3,,BANK OF INDIA Arbitrage Fund Direct Plan Growth,15.1664,2026-05-26
150251,INF251K01OT0,,BARODA BNP PARIBAS ARBITRAGE FUND-DIRECT PLAN-GROWTH OPTION,17.9172,2026-05-26
154236,INF226401117,,Capitalmind Arbitrage Fund-Direct-Growth,10.127,2026-05-26
142283,INF740KA1DN4,,DSP Arbitrage Fund - Direct - Growth,16.511,2026-05-26
154320,INF666M01ON8,,Groww Arbitrage Fund Direct Growth,10.0387,2026-05-26
129052,INF179KA1KT6,,HDFC ARBITRAGE FUND -Direct Plan - Growth Option,21.303,2026-05-26
154257,INF0R8701442,,Helios Arbitrage Fund - Direct Growth,10.1,2026-05-26
151138,INF917K01QR5,,HSBC Arbitrage Fund - Direct Growth,21.456,2026-05-26
120364,INF109K016O4,,ICICI Prudential Equity Arbitrage Fund - Direct Plan - Growth,38.8549,2026-05-26
130787,INF205K01P68,,Invesco India Arbitrage Fund - Direct Plan - Annual Bonus,36.5024,2026-05-26
120401,INF205K01KR8,,Invesco India Arbitrage Fund - Direct Plan - Growth Option,36.5158,2026-05-26
147617,INF00XX01440,,ITI Arbitrage Fund - Direct Plan - Growth Option,14.3311,2026-05-26
154076,INF22M001101,,JioBlackRock Arbitrage Fund - Direct Plan - Growth Option,10.2935,2026-05-26
133395,INF192K01GX4,,JM Arbitrage Fund (Direct) - Annual Bonus Option - Principal Units,18.8466,2026-05-26
130604,INF192K01GL9,,JM Arbitrage Fund (Direct) - Bonus Option - Principal Units,19.6359,2026-05-26
120482,INF192K01BN6,,JM Arbitrage Fund (Direct) - Growth Option,36.6925,2026-05-26
119771,INF174K01LC6,,Kotak Arbitrage Fund - Direct Plan - Growth,42.3385,2026-05-26
145895,INF767K01PP0,,LIC MF Arbitrage Fund-Direct Plan-Growth,15.2572,2026-05-26
148468,INF174V01AA0,,Mahindra Manulife Arbitrage Fund - Direct Plan -Growth,13.5272,2026-05-26
148401,INF769K01FS1,,Mirae Asset Arbitrage Fund Direct Growth,14.287,2026-05-26
153187,INF247L01ED1,,Motilal Oswal Arbitrage Fund-Direct Plan-Growth,11.0434,2026-05-26
118585,INF204K01XZ7,,Nippon India Arbitrage Fund - Direct Plan Growth Plan - Growth Option,30.3141,2026-05-26
150367,INF0J8L01065,,NJ Arbitrage Fund - Direct Plan - Growth Option,12.8972,2026-05-26
153979,INF0S5R01125,,Old Bridge Arbitrage Fund Direct Growth,10.2823,2026-05-26
138875,INF223J013N7,,PGIM India Arbitrage Fund - Direct Plan - Growth,20.708,2026-05-26
152109,INF879O01225,,Parag Parikh Arbitrage Fund - Direct Plan Growth,11.9038,2026-05-26
153426,INF966L01DW8,,quant Arbitrage Fund - Growth Option - Direct Plan,10.8353,2026-05-26
153090,INF0K1H01214,,Samco Arbitrage Fund - Direct Plan - Growth,10.79,2026-05-26
119574,INF200K01QU0,,SBI Arbitrage Opportunities Fund - Direct Plan - Gr,37.9885,2026-05-26
149550,INF173K01NF7,,Sundaram Arbitrage Fund (Formerly Known as Prinicpal Arbitrage Fund) - Direct Plan - Growth,16.1356,2026-05-26
149549,INF173K01NC4,INF173K01NE0,Sundaram Arbitrage Fund( Formerly Known as Principal Arbitrage Fund) - Direct Plan- Monthly Income Distribution CUM Capital Withdrawal,13.9519,2026-05-26
145727,INF277K018Q1,,TATA Arbitrage Fund Direct Plan - Monthly Payout of Income Distribution cum capital withdrawal option,15.3621,2026-05-26
145725,,INF277K019Q9,TATA Arbitrage Fund Direct Plan - Monthly Reinvestment of Income Distribution cum capital withdrawal option,15.3621,2026-05-26
145724,INF277K017Q3,,Tata Arbitrage Fund-Direct Plan-Growth,15.991,2026-05-26
153891,INF2F0001271,,THE WEALTH COMPANY ARBITRAGE FUND DIRECT GROWTH,10.3878,2026-05-26
153804,INF0GCD01859,,TRUSTMF ARBITRAGE FUND -DIRECT PLAN-GROWTH,10.4626,2026-05-26
146297,INF582M01ES7,,Union Arbitrage Fund - Direct Plan - Growth Option,15.3193,2026-05-26
120795,INF789FB1RG6,,UTI Arbitrage Fund - Direct Plan - Growth Option,39.3893,2026-05-26
152849,INF03VN01910,,WhiteOak Capital Arbitrage Fund Direct Plan Growth,11.265,2026-05-26
152076,INF579M01AY9,,360 ONE Balanced Hybrid Fund- Direct Plan - Growth,13.2716,2026-05-26
152132,INF03VN01829,,WhiteOak Capital Balanced Hybrid Fund Direct Plan Growth,13.398,2026-05-26
120705,INF209K01XH4,INF209K01XJ0,Aditya Birla Sun Life Regular Savings Fund - Growth / Payment - Direct Plan,77.4494,2026-05-26
120480,INF846K01EA8,,Axis Conservative Hybrid Fund - Direct Plan - Growth Option,35.4579,2026-05-26
120478,INF846K01EB6,INF846K01EC4,Axis Conservative Hybrid Fund - Direct Plan - Half Yearly,13.1987,2026-05-26
120479,INF846K01ED2,INF846K01EE0,Axis Conservative Hybrid Fund - Direct Plan - Quarterly,12.7747,2026-05-26
118491,INF194K015B9,,BANDHAN Conservative Hybrid Fund-Direct Plan-Growth,36.3092,2026-05-26
150206,INF251K01HR8,,BARODA BNP PARIBAS Conservative Hybrid Fund - Direct Plan - Growth Option,56.3807,2026-05-26
118309,INF760K01GB4,,CANARA ROBECO CONSERVATIVE HYBRID FUND - DIRECT PLAN - GROWTH OPTION,112.1981,2026-05-26
118994,INF740K01NO5,,DSP Regular Savings Fund - Direct Plan - Growth,68.0153,2026-05-26
118574,INF090I01GF1,,Franklin India Conservative Hybrid Fund - Direct - GROWTH,100.557,2026-05-26
119118,INF179K01XE6,,HDFC Hybrid Debt Fund - Growth Option - Direct Plan,87.9546,2026-05-26
120073,INF336L01DW4,,HSBC Conservative Hybrid Fund - Direct Growth,70.2749,2026-05-26
120616,INF109K01S39,,ICICI Prudential Regular Savings Fund - Direct Plan - Growth,86.4095,2026-05-26
120154,INF174K01JZ1,,Kotak Debt Hybrid - Growth - Direct,68.1898,2026-05-26
120155,INF174K01KA2,INF174K01KB0,Kotak Debt Hybrid - Monthly Payout of Income Distribution cum capital withdrawal option - Direct,13.3184,2026-05-26
120276,INF767K01EO7,,LIC MF Conservative Hybrid Fund-Direct Plan-Growth,91.9529,2026-05-26
118726,INF204K01YV4,,Nippon India Conservative Hybrid  Fund - Direct Plan Growth Plan - Growth Option,67.3785,2026-05-26
148958,INF879O01175,,Parag Parikh Conservative Hybrid Fund - Direct Plan - Growth,15.7464,2026-05-26
119839,INF200K01TS8,,SBI Conservative Hybrid Fund - Direct Plan - Growth,82.8583,2026-05-26
119635,INF903J01OP6,,Sundaram Conservative Hybrid Fund (Formerly Known as Sundaram Debt Oriented Hybrid Fund) Direct Plan - Growth,32.2651,2026-05-26
120779,INF789F01UJ7,,UTI Conservative Hybrid Fund - Direct Plan - Growth Option,75.4008,2026-05-26
120790,INF789F01UM1,,UTI Conservative Hybrid Fund - Direct Plan - Monthly Payment Option,74.1719,2026-05-26
131670,INF084M01DJ5,,Aditya Birla Sun Life Balanced Advantage Fund - Direct Plan - Growth Option,125.1,2026-05-26
141642,INF846K01A29,,Axis Balanced Advantage Fund - Direct Plan - Growth,23.64,2026-05-26
152194,INF0QA701656,,Bajaj Finserv Balanced Advantage Fund-Direct Plan-Growth,11.739,2026-05-26
131355,INF194KA1UH1,,BANDHAN Balanced Advantage Fund Direct Plan Growth,28.767,2026-05-26
127850,INF761K01BO6,,BANK OF INDIA BALANCED ADVANTAGE FUND DIRECT PLAN  GROWTH,28.2247,2026-05-26
145396,INF955L01HF7,,Baroda BNP Paribas Balanced Advantage Fund-Direct Plan-Growth Option,28.0906,2026-05-26
152688,INF760K01LD0,,Canara Robeco Balanced Advantage Fund - Direct Plan - Growth Option,10.27,2026-05-26
126393,INF740K01K81,,DSP Dynamic Asset Allocation Fund - Direct Plan - Growth,32.641,2026-05-26
150481,INF090I01WQ5,,Franklin India Balanced Advantage Fund- Growth- Direct,15.0287,2026-05-26
118968,INF179K01WA6,,HDFC Balanced Advantage Fund - Growth Plan - Direct Plan,555.773,2026-05-26
152509,INF0R8701145,,Helios Balanced Advantage Fund- Direct Plan- Growth Option,11.76,2026-05-26
151129,INF917K01IN1,,HSBC Balanced Advantage Fund - Direct Growth,50.303,2026-05-26
120377,INF109K012B0,,ICICI Prudential Balanced Advantage Fund - Direct Plan -  Growth,85.08,2026-05-26
120333,INF205K01LN5,,Invesco India Balanced Advantage Fund - Direct Plan - Growth,61.95,2026-05-26
147789,INF00XX01689,,ITI Balanced Advantage Fund - Direct Plan - Growth Option,15.8875,2026-05-26
144335,INF174KA1210,,Kotak Balanced Advantage Fund  - Direct Plan -Growth Option,22.54,2026-05-26
144334,INF174KA1194,INF174KA1202,Kotak Balanced Advantage Fund -Direct Plan  -Payout of Income Distribution cum capital withdrawal option,22.54,2026-05-26
149261,INF767K01QY0,,LIC MF Balanced Advantage Fund-Direct Plan-Growth,14.254,2026-05-26
149406,INF174V01BE0,,Mahindra Manulife Balanced Advantage Fund - Direct Plan - Growth,15.6101,2026-05-26
150470,INF769K01IN6,,Mirae Asset Balanced Advantage Fund Direct Plan- Growth,15.152,2026-05-26
139872,INF247L01635,,Motilal Oswal Balanced Advantage Fund  (MOFDYNAMIC) - Direct Plan - Growth Option,20.3404,2026-05-26
118736,INF204K01G94,,Nippon India Balanced Advantage Fund - Direct Plan Growth Plan - Growth Option,203.8623,2026-05-26
149264,INF0J8L01040,,NJ Balanced Advantage Fund - Direct Plan - Growth Option,14.21,2026-05-26
148658,INF663L01V49,,PGIM India Balanced Advantage Fund -  Direct Plan - Growth Option,16.26,2026-05-26
152468,INF879O01266,,Parag Parikh Dynamic Asset Allocation Fund - Direct Plan Growth,11.6521,2026-05-26
151713,INF966L01BL5,,quant Dynamic Asset Allocation Fund - Growth Option - Direct Plan,17.4046,2026-05-26
152188,INF0K1H01131,,Samco Dynamic Asset Allocation Fund - Direct Plan - Growth Option,10.77,2026-05-26
149134,INF200KA1Y73,,SBI Balanced Advantage Fund - Direct Plan - Growth,16.5114,2026-05-26
147406,INF680P01208,,Shriram Balanced Advantage Fund - Direct Growth,18.5992,2026-05-26
149717,INF173K01FI7,,Sundaram Balanced Advantage Fund ( Formerly Known as Principal Balanced Advantage Fund) - Direct Plan - Growth Option,41.0449,2026-05-26
149718,INF173K01FF3,INF173K01FG1,Sundaram Balanced Advantage Fund (Formerly Known as Principal Balanced Advantage Fund) - Direct Plan - Monthly Income Distribution CUM Capital Withdrawal Option,17.6064,2026-05-26
146006,INF277K014S6,,TATA Balanced Advantage Fund Direct Plan - Payout of Income Distribution cum capital withdrawal option,23.1404,2026-05-26
146008,,INF277K015S3,TATA Balanced Advantage Fund Direct Plan - Reinvestment of Income Distribution cum capital withdrawal option,23.1404,2026-05-26
146010,INF277K013S8,,Tata Balanced Advantage Fund-Direct Plan-Growth,23.1404,2026-05-26
154185,INF2F0001479,,The Wealth Company Balanced Advantage Fund - Direct Growth,9.9905,2026-05-26
153376,INF1MIY01015,,Unifi Dynamic Asset Allocation Fund - Direct Growth,10.9475,2026-05-26
142038,INF582M01DE9,,Union Balanced Advantage Fund - Direct Plan - Growth Option,21.71,2026-05-26
120784,,,UTI - Unit Linked Insurance Plan- Direct,44.5891,2026-05-26
151885,INF789F1AYV3,,UTI Balanced Advantage Fund - Direct Plan - Growth Option,12.7461,2026-05-26
151267,INF03VN01738,,WhiteOak Capital Balanced Advantage Fund Direct Plan Growth,14.985,2026-05-26
132995,INF209KA1TP9,,Aditya Birla Sun Life Equity Savings Fund - Direct Plan - Growth,25.47,2026-05-26
135120,INF846K01VJ3,,Axis Equity Savings Fund - Direct Plan - Growth,25.72,2026-05-26
153758,INF0QA701BT9,,BAJAJ FINSERV EQUITY SAVINGS FUND - DIRECT - GROWTH,10.43,2026-05-26
118477,INF194K01Z02,,BANDHAN Equity Savings Fund-Direct Plan-Growth,35.713,2026-05-26
147496,INF955L01IL3,,Baroda BNP Paribas Equity Savings Fund - Direct Plan - Growth,18.3794,2026-05-26
136567,INF740KA1504,,DSP Equity Savings Fund - Direct Plan - Growth,24.972,2026-05-26
144466,INF090I01PD7,,Franklin India Equity Savings Fund- Growth Direct,18.4197,2026-05-26
119128,INF179K01XT4,,HDFC Equity Savings Fund - Growth Option - Direct Plan,75.278,2026-05-26
151060,INF917K01GE4,,HSBC Equity Savings Fund - Direct Growth,40.1468,2026-05-26
133054,INF109KA11J9,,ICICI Prudential Equity Savings Fund - Direct Plan - Cumulative option,24.78,2026-05-26
146457,INF205KA1049,,Invesco India Equity Savings Fund - Direct Plan - Growth,18.4498,2026-05-26
131373,INF174K01D28,,Kotak Equity Savings Fund - Direct - Growth,29.9528,2026-05-26
131375,INF174K01D36,INF174K01D51,Kotak Equity Savings Fund - Direct - Monthly Payout of Income Distribution cum capital withdrawal option,21.5032,2026-05-26
151952,INF397L01AZ5,,LIC MF Equity Savings Fund-Direct Plan-Growth,31.9904,2026-05-26
140444,INF174V01184,,Mahindra Manulife Equity Savings Fund - Direct Plan -Growth,24.8904,2026-05-26
145693,INF769K01EK1,,Mirae Asset Equity Savings Fund- Direct Plan- Growth,22.514,2026-05-26
134595,INF204KA1W85,,Nippon India Equity Savings Fund- Direct Plan- Growth Plan- Bonus Option,18.076,2026-05-26
134594,INF204KA1W77,,Nippon India Equity Savings Fund- Direct Plan- Growth Plan-Growth Option,18.076,2026-05-26
138376,INF223J01QD0,,PGIM India Equity Savings Fund - Direct Plan - Growth,57.0022,2026-05-26
153705,INF966L01EC8,,quant Equity Savings Fund - Growth Option - Direct Plan,10.5597,2026-05-26
134643,INF200KA1DF3,,SBI Equity Savings Fund - Direct Plan - Growth,27.0275,2026-05-26
149679,INF173K01GZ9,,Sundaram Equity Savings Fund (Formerly Known as Principal Equity Savings Fund) - Direct Plan - Growth Option,82.5475,2026-05-26
144312,INF582M01EC1,,Union Equity Savings Fund - Direct Plan - Growth Option,17.73,2026-05-26
144490,INF789F1A777,,UTI Equity Savings Fund - Direct Plan - Growth Option,20.0586,2026-05-26
153355,INF03VN01AB7,,WhiteOak Capital Equity Savings Fund Direct Plan Growth,11.436,2026-05-26
151307,INF209KB15R9,,Aditya Birla Sun Life Multi Asset Allocation Fund-Direct Growth,17.4528,2026-05-26
120524,INF846K01EV4,,Axis Multi Asset Allocation Fund - Direct Plan - Growth Option,51.6363,2026-05-26
152639,INF0QA701821,,Bajaj Finserv Multi Asset Allocation Fund - Direct Growth,12.4847,2026-05-26
152396,INF761K01FZ3,,Bank of India Multi Asset Allocation Fund-Direct Plan-Growth,12.7423,2026-05-26
150865,INF251K01RF2,,Baroda BNP Paribas Multi Asset Fund - Direct Plan - Growth Option,16.9842,2026-05-26
153465,INF760K01LH1,,Canara Robeco Multi Asset Allocation Fund - Direct Plan - Growth,11.08,2026-05-26
153731,INF090I01YH0,,Franklin India Multi Asset Allocation Fund- Direct-Growth,11.0456,2026-05-26
153821,INF666M01MA9,,Groww Multi Asset Allocation Fund Direct Growth,10.3208,2026-05-26
119131,INF179K01XW8,,HDFC Multi-Asset Fund - Growth Option - Direct Plan,83.645,2026-05-26
152380,INF336L01RI3,,HSBC Multi Asset Allocation Fund - Direct - Growth,14.1983,2026-05-26
153047,INF205KA1AC1,,Invesco India Multi Asset Allocation Fund - Direct Plan - Growth,12.61,2026-05-26
153246,INF767K01RZ5,,LIC MF Multi Asset Allocation Fund-Direct Plan-Growth,12.3488,2026-05-26
152443,INF174V01BW2,,Mahindra Manulife Multi Asset Allocation Fund- Direct Plan - Growth,13.9662,2026-05-26
152344,INF769K01KZ6,,Mirae Asset Multi Asset Allocation Fund - Direct Plan - Growth,13.905,2026-05-26
153987,INF663L010A3,,PGIM India Multi Asset Allocation Fund - Direct Plan - Growth Option,10.51,2026-05-26
120821,INF966L01580,,quant Multi Asset Allocation Fund-GROWTH OPTION-Direct Plan,182.4277,2026-05-26
152474,INF082J01457,,Quantum Multi Asset Allocation Fund - Direct Plan Growth Option,12.26,2026-05-26
119843,INF200K01TZ3,,SBI MULTI ASSET ALLOCATION FUND - DIRECT PLAN - GROWTH,74.4593,2026-05-26
152051,INF680P01406,,Shriram Multi Asset Allocation Fund - Direct Growth,13.756,2026-05-26
152314,INF903JA1LK9,,Sundaram Multi Asset Allocation Fund Direct Plan Growth,13.6539,2026-05-26
153999,INF2F0001347,,The Wealth Company Multi Asset Allocation Fund - Direct Growth,10.8466,2026-05-26
152787,INF582M01JY4,,Union Multi Asset Allocation Fund- Direct Plan - Growth Option,12.21,2026-05-26
120760,INF789F01VE6,,UTI Multi Asset Allocation Fund - Direct Plan - Growth Option,87.7775,2026-05-26
120546,INF209K01YU5,,Aditya Birla Sun Life Gold Fund - Growth - Direct Plan,47.2629,2026-05-26
149780,INF209KB16F2,,Aditya Birla Sun Life Silver ETF FOF-Direct Growth,40.8422,2026-05-26
153827,INF1J2R01098,,ANGEL ONE GOLD ETF FOF- DIRECT GROWTH,14.2362,2026-05-26
154206,INF1J2R01155,,ANGEL ONE SILVER ETF FOF -DIRECT GROWTH,9.1137,2026-05-26
154078,INF846KA1408,,Axis Gold and Silver Passive FOF - Direct Plan - Growth,11.8359,2026-05-26
120473,INF846K01DS2,,Axis Gold Fund - Direct Plan - Growth option,49.3697,2026-05-26
149847,INF846K011G9,,Axis Multi Factor Passive FoF - Direct Plan - Growth Option,15.7377,2026-05-26
150615,INF846K015J4,,Axis Silver Fund of Fund- Direct Plan-Growth Option,44.9939,2026-05-26
118485,INF194K012B6,,Bandhan Aggressive Hybrid Passive FOF - Direct Plan - Growth,53.3092,2026-05-26
118486,INF194K016A9,,Bandhan Conservative Hybrid Passive FOF - Direct Plan - Growth,36.791,2026-05-26
154129,INF194KB1KL3,,Bandhan Gold ETF FOF-Direct-Growth,10.2523,2026-05-26
118410,INF194K01U72,,Bandhan Income Plus Arbitrage Active FOF - Direct Plan - Growth,48.1247,2026-05-26
118489,INF194K019A3,,Bandhan Multi-Asset Passive FOF - Direct Plan - Growth,44.8675,2026-05-26
154136,INF194KB1KN9,,Bandhan Silver ETF FOF-Direct-Growth,8.5855,2026-05-26
153795,INF251K01VF4,,Baroda BNP Paribas Gold ETF Fund of Funds Direct Growth,15.6124,2026-05-26
153536,INF251K01UT7,,Baroda BNP Paribas Income Plus Arbitrage Active FOF Direct Growth,10.5036,2026-05-26
153552,INF251K01UO8,,Baroda BNP Paribas Multi Asset Active FOF Direct Growth,11.3732,2026-05-26
152183,INF740KA1TK6,,DSP Gold ETF Fund of Fund - Direct - Growth,24.6903,2026-05-26
153487,INF740KA1VZ0,,DSP Silver ETF Fund of Fund - Direct - Growth,27.3429,2026-05-26
154200,INF666M01NX9,,Groww BSE Hospitals ETF FOF Direct Growth,10.6461,2026-05-26
153745,INF666M01LN4,,Groww BSE Power ETF FOF Direct Growth,12.6097,2026-05-26
152980,INF666M01IX9,,Groww Gold ETF FOF - DIRECT - GROWTH,19.1963,2026-05-26
153328,INF666M01JQ1,,Groww Nifty 200 ETF FOF - Direct - Growth,11.504,2026-05-26
153453,INF666M01JX7,,Groww Nifty 500 Momentum 50 ETF FOF - Direct Plan - Growth,10.5986,2026-05-26
153908,INF666M01MG6,,Groww Nifty Capital Markets ETF FOF Direct Growth,12.1543,2026-05-26
152770,INF666M01IL4,,Groww Nifty EV & New Age Automotive ETF FOF- Direct Plan - Growth,9.3564,2026-05-26
152925,INF666M01IQ3,,Groww Nifty India Defence ETF FOF - Direct Growth,13.6264,2026-05-26
153626,INF666M01LC7,,Groww Nifty India Internet ETF FOF - Direct - Growth,9.039,2026-05-26
154164,INF666M01NR1,,Groww Nifty PSE ETF FOF Direct Growth,10.0262,2026-05-26
153525,INF666M01KQ9,,Groww Silver ETF FOF - Direct - Growth,25.4868,2026-05-26
153860,INF179KC1JU4,,HDFC Diversified Equity All Cap Active FOF - Direct Plan - Growth Plan,9.839,2026-05-26
119132,INF179K01VX0,,HDFC Gold ETF Fund of Fund - Direct Plan,48.9072,2026-05-26
130543,INF179KA1SC5,,HDFC Income Plus Arbitrage Active FOF - Growth Option - Direct Plan,44.6942,2026-05-26
154262,INF179KC1KE6,,HDFC INCOME PLUS ARBITRAGE OMNI FOF - GROWTH OPTION - DIRECT PLAN,10.0982,2026-05-26
148903,INF179KC1BA3,,HDFC Multi-Asset Active FOF - Growth Option -Direct Plan,20.287,2026-05-26
150737,INF179KC1DU7,,HDFC Silver ETF Fund of Fund - Growth Option - Direct Plan,43.3847,2026-05-26
143903,INF109KC1FX1,,ICICI Prudential BHARAT 22 FOF - Direct Plan Cumulative Option,35.5269,2026-05-26
149331,INF109KC1V91,,ICICI Prudential BSE 500 ETF FOF - Direct Plan - Growth,15.6624,2026-05-26
120702,INF109K01X73,,ICICI Prudential Diversified Debt Strategy Active FOF  - Direct Plan - Growth,48.6088,2026-05-26
154266,INF109K1A468,,ICICI Prudential Diversified Equity All Cap Active FOF - Direct Plan - Growth,10.5811,2026-05-26
120685,INF109K01U92,,ICICI Prudential Gold ETF FOF - Direct Plan - Growth,50.0868,2026-05-26
120313,INF109K01W82,,ICICI Prudential Income plus Arbitrage Omni FOF - Direct Plan - Growth,70.3593,2026-05-26
120242,INF109K01W58,,ICICI Prudential Multi Sector Passive FOF - Direct Plan - Growth,175.0128,2026-05-26
148822,INF109KC1P81,,ICICI Prudential Nifty 100 Low Volatility 30 ETF FOF - Direct Plan - Growth,18.0592,2026-05-26
149158,INF109KC1R89,,ICICI Prudential Nifty Alpha Low - Volatility 30 ETF FOF - Direct Plan - Growth,14.6368,2026-05-26
153394,INF109K1A120,,ICICI Prudential Nifty EV & New Age Automotive ETF FOF - Direct Plan - Growth,11.6255,2026-05-26
149775,INF109KC1Y98,,ICICI Prudential Silver ETF FOF - Direct Plan - Growth,40.2863,2026-05-26
120531,INF205K01NJ9,,Invesco India Gold ETF Fund of Fund - Direct Plan - Growth,45.369,2026-05-26
153697,INF205KA1BA3,,Invesco India Income Plus Arbitrage Active Fund of Fund - Direct Plan - Growth,1038.7094,2026-05-26
119781,INF174K01MP6,,Kotak Gold Fund Growth - Direct,63.243,2026-05-26
119780,INF174K01MQ4,INF174K01MR2,Kotak Gold Fund Payout of Income Distribution cum capital withdrawal option- Direct,63.2425,2026-05-26
153921,INF174KA1XT4,,Kotak Gold Silver Passive FOF - Direct Plan - Growth,16.58,2026-05-26
150822,INF174KA1KJ2,,Kotak Income Plus Arbitrage Omni FOF-Direct Plan-Growth,12.9231,2026-05-26
154275,INF174KA1ZG6,,Kotak Multi Factor Passive FOF - Direct- Growth,10.94,2026-05-26
151603,INF174KA1MQ3,,Kotak Silver ETF Fund of Fund - Direct Plan - Growth Option,35.0624,2026-05-26
151974,INF397L01BU4,,LIC MF Gold ETF Fund of Fund-Direct Plan-Growth,42.655,2026-05-26
154007,INF174V01CU4,,Mahindra Manulife Income Plus Arbitrage Active FOF  - Direct - Growth,10.215,2026-05-26
153380,INF769K01OE3,,Mirae Asset BSE 200 Equal Weight ETF Fund of Fund - Direct Plan - Growth,11.576,2026-05-26
154187,INF769K01QG3,,Mirae Asset BSE India Defence ETF FOF - Direct Plan - Growth,11.403,2026-05-26
153385,INF769K01OK0,,Mirae Asset BSE Select IPO ETF Fund of Fund - Direct Plan - Growth,10.712,2026-05-26
148500,INF769K01GE9,,Mirae Asset Diversified Equity Allocator Passive FOF - Direct Plan - Growth,24.874,2026-05-26
153007,INF769K01MV1,,Mirae Asset Gold ETF Fund of Fund - Direct Plan - Growth,19.75,2026-05-26
153812,INF769K01PM3,,Mirae Asset Gold Silver Passive FoF - Direct Plan - Growth,18.214,2026-05-26
149381,INF769K01HU3,,Mirae AssetHang Seng TECH ETF Fund of Fund Direct Plan - Growth Option,12.4,2026-05-26
153638,INF769K01OY1,,Mirae Asset Income plus Arbitrage Active FOF - Direct Plan - Growth,10.452,2026-05-26
148574,INF769K01GQ3,,Mirae Asset Nifty 100 ESG Sector Leaders Fund of Fund Direct Growth,18.09,2026-05-26
149790,INF769K01HZ2,,Mirae Asset Nifty India Manufacturing ETF FOF - Direct Plan - Growth,20.253,2026-05-26
153192,INF769K01NP1,,Mirae Asset Nifty India New Age Consumption ETF Fund of Fund - Direct Plan - Growth,9.08,2026-05-26
154216,INF769K01QM1,,Mirae Asset Nifty Metal ETF FOF - Direct Plan - Growth,10.854,2026-05-26
152645,INF769K01LN0,,Mirae Asset Nifty MidSmallcap400 Momentum Quality 100 ETF Fund of Fund - Direct Plan - Growth,10.371,2026-05-26
152459,INF769K01LG4,,Mirae Asset Nifty Smallcap 250 Momentum Quality 100 ETF Fund of Fund - Direct Plan - Growth,10.095,2026-05-26
152718,INF769K01LU5,,Mirae Asset Nifty200 Alpha 30 ETF Fund of Fund - Direct Plan - Growth,9.144,2026-05-26
154279,INF769K01QS8,,Mirae Asset Silver ETF FOF - Direct Plan - Growth,11.721,2026-05-26
149240,INF247L01AQ1,,Motilal Oswal 5 Year G-Sec Fund Of Fund Direct -Growth,12.8792,2026-05-26
154112,INF247L01GL9,,Motilal Oswal Diversified Equity Flexicap Passive Fund of Funds- Direct - Growth,10.4035,2026-05-26
150642,INF247L01BM8,,Motilal Oswal Gold and Silver Passive Fund of Funds(Direct Plan),33.191,2026-05-26
154239,INF247L01GT2,,Motilal Oswal Multi Factor Passive Fund of Funds - Direct,10.4908,2026-05-26
145552,INF247L01718,,Motilal Oswal Nasdaq 100 Fund of Fund- Direct Plan Growth,69.7348,2026-05-26
148642,INF204KB16X6,,Nippon India Diversified Equity Flexicap Passive FoF - Direct Plan - Growth Option,21.0056,2026-05-26
118663,INF204K01YC4,,Nippon India Gold Savings Fund - Direct Plan Growth Plan - Growth Option,62.454,2026-05-26
153600,INF204KC1FJ4,,Nippon India Income Plus Arbitrage Active Fund of Fund- Direct Plan- Growth Option,10.4636,2026-05-26
148666,INF204KB16Y4,,Nippon India Multi - Asset Omni FoF - Direct Plan - Growth Option,24.8471,2026-05-26
146513,INF204KB1X25,,Nippon India Nifty Next 50 Junior BeES FoF - Direct Plan - Growth Plan - Growth Option,26.7462,2026-05-26
149760,INF204KC1378,,Nippon India Silver ETF FOF- Direct Plan-Growth Option,40.0621,2026-05-26
115132,INF082J01150,,Quantum Gold Savings Fund - Direct Plan Growth Option,59.9553,2026-05-26
119788,INF200K01RP8,,SBI GOLD FUND- DIRECT PLAN - GROWTH,47.8497,2026-05-26
153498,INF200KB1753,,SBI Income Plus Arbitrage Active FOF- Direct Plan- Growth,10.531,2026-05-26
153501,INF200KB1761,INF200KB1779,SBI Income Plus Arbitrage Active FOF- Direct Plan- Income Distribution Cum Capital Withdrawal Option,10.5309,2026-05-26
152735,INF200KB1233,,SBI Silver ETF Fund of Fund- Direct Plan - Growth,28.0394,2026-05-26
152287,INF277KA1869,,Tata Gold ETF Fund of Fund Direct Plan Growth Option,24.0509,2026-05-26
153513,INF277KA1DT2,,Tata Income Plus Arbitrage Active FOF - Direct Plan Growth Option,10.4663,2026-05-26
150344,INF277KA1430,,Tata Nifty India Digital ETF Fund of Fund-Direct Plan-Growth,12.8084,2026-05-26
152293,INF277KA1943,,Tata Silver ETF Fund of Fund Direct Plan Growth Option,34.4394,2026-05-26
154131,INF2F0001412,,THE WEALTH COMPANY GOLD ETF FOF DIRECT GROWTH,9.9141,2026-05-26
153824,INF582M01LZ7,,Union Diversified Equity All Cap Active FOF - Direct Plan - Growth Option,10.2521,2026-05-26
153340,INF582M01LA0,,Union Gold ETF Fund of Fund - Direct Plan - Growth Option,17.8433,2026-05-26
153575,INF582M01LF9,,Union Income Plus Arbitrage Active FOF - Direct Plan - Growth Option,10.277,2026-05-26
150714,INF789F1AWB9,,UTI Gold ETF Fund of Fund - Direct Plan - Growth Option,30.127,2026-05-26
153442,INF789F1AB55,,UTI Income Plus Arbitrage Active Fund of Fund - Direct Plan - Growth Option,10.6498,2026-05-26
151731,INF789F1AYL4,,UTI Silver ETF Fund of Fund - Direct Plan - Growth Option,33.6044,2026-05-26
153011,INF0R8F01083,,Zerodha Gold ETF FoF-Direct Plan - Growth Option,20.4931,2026-05-26
153757,INF0R8F01117,,Zerodha Multi Asset Passive FoF - Direct - Growth,11.5087,2026-05-26
153656,INF0R8F01109,,Zerodha Silver ETF FoF - Direct Growth,24.0185,2026-05-26
149230,INF174V01AY0,,Mahindra Manulife Asia Pacific REITs FOF - Direct Plan - Growth,11.2995,2026-05-26
153736,INF209KC1589,,Aditya Birla Sun Life BSE 500 Momentum 50 Index Fund-Direct Growth,10.4863,2026-05-26
153740,INF209KC1613,,Aditya Birla Sun Life BSE 500 Quality 50 Index Fund - Direct Growth,10.8981,2026-05-26
153081,INF209KC1332,,Aditya Birla Sun Life BSE India Infrastructure Index Fund-Direct Growth,9.7649,2026-05-26
150702,INF209KB14N1,,Aditya Birla Sun Life Crisil IBX 50:50 Gilt Plus SDL Apr 2028 Index Fund-Direct Growth,13.0751,2026-05-26
150353,INF209KB19H2,,Aditya Birla Sun Life Crisil IBX 60:40 SDL+AAA PSU-Apr 2027 Index Fund-Direct Growth,12.9109,2026-05-26
150778,INF209KB12O3,,Aditya Birla Sun Life Crisil IBX Gilt-Apr-2029 Index Fund-Direct Growth,13.1663,2026-05-26
151577,INF209KB11U2,,Aditya Birla Sun Life Crisil IBX Gilt Apr 2028 Index Fund-Direct Growth,12.4849,2026-05-26
152267,INF209KB19Y7,,Aditya Birla Sun Life Crisil IBX Gilt Apr 2033 Index Fund-Direct Growth,11.9084,2026-05-26
152659,INF209KC1076,,Aditya Birla Sun Life Crisil IBX Gilt June 2027 Index Fund-Direct Growth,11.49,2026-05-26
151427,INF209KB14S0,,Aditya Birla Sun Life CRISIL IBX SDL Jun 2032 INDEX FUND - Direct Growth,12.6757,2026-05-26
153030,INF209KC1290,,Aditya Birla Sun Life Crisil-IBX AAA Financial Services Index-Sep 2027 Fund-Direct Growth,11.1327,2026-05-26
152947,INF209KC1217,,Aditya Birla Sun Life Crisil-IBX AAA NBFC-HFC Index-Sep 2026 Fund-Direct Growth,11.2811,2026-05-26
153179,INF209KC1456,,Aditya Birla Sun Life Crisil-IBX financial Services 3 to 6 months Debt Index Fund-Direct Growth,11.0304,2026-05-26
153443,INF209KC1498,,Aditya Birla Sun Life Crisil-IBX Financial Services 9-12 Months Debt Index Fund-Direct Growth,10.7723,2026-05-26
148962,INF209KB1Z71,,Aditya Birla Sun Life Nifty 50 Equal Weight Index Fund-Direct Growth,18.9356,2026-05-26
119648,INF209K01VY3,,Aditya Birla Sun Life Nifty 50 Index Fund - Growth - Direct Plan,248.4326,2026-05-26
152798,INF209KC1183,,Aditya Birla Sun Life Nifty India Defence Index Fund-Direct Growth,13.2253,2026-05-26
148807,INF209KB1W74,,Aditya Birla Sun Life Nifty Midcap 150 Index Fund-Direct Growth,25.7476,2026-05-26
149838,INF209KB10G3,,Aditya Birla Sun Life Nifty Next 50 Index Fund-Direct Growth,17.6213,2026-05-26
149794,INF209KB11F3,,Aditya Birla Sun Life Nifty SDL Apr 2027 Index Fund-Direct Growth,13.1054,2026-05-26
149199,INF209KB18B7,,Aditya Birla Sun Life Nifty SDL Plus PSU Bond SEP 2026 60:40 Index Fund-Direct Growth,13.0934,2026-05-26
151562,INF209KB16T3,,Aditya Birla Sun Life Nifty SDL SEP 2027 Index Fund-Direct Growth,12.7024,2026-05-26
148815,INF209KB1W17,,Aditya Birla Sun Life Nifty Smallcap 50 Index Fund-Direct Growth,22.0329,2026-05-26
153529,INF1J2R01072,,ANGEL ONE NIFTY 50 INDEX FUND-DIRECT-GROWTH,9.8004,2026-05-26
153330,INF1J2R01023,,ANGEL ONE NIFTY TOTAL MARKET INDEX FUND DIRECT PLAN GROWTH OPTION,11.6152,2026-05-26
153956,INF1J2R01122,,ANGEL ONE NIFTY TOTAL MARKET MOMENTUM QUALITY 50 INDEX FUND - DIRECT GROWTH,10.397,2026-05-26
154171,INF846KA1424,,Axis BSE India Sectors Leaders Index Fund- Direct Plan- Growth Option,9.4269,2026-05-26
152422,INF846K012V6,,Axis BSE Sensex Index Fund - Direct Plan - Growth,10.6463,2026-05-26
151300,INF846K010N7,,Axis CRISIL IBX 50:50 Gilt Plus SDL June 2028 Index Fund - Direct Plan - Growth,12.6628,2026-05-26
151435,INF846K012O1,,AXIS CRISIL IBX 50:50 Gilt Plus SDL September 2027 Index Fund- DIRECT PLAN-GROWTH,12.6936,2026-05-26
149873,INF846K017G6,,Axis CRISIL IBX SDL May 2027 Index Fund - Direct Plan - Growth,12.9874,2026-05-26
153051,INF846K015Y3,,Axis CRISIL-IBX AAA Bond Financial Services - Sep 2027 Index Fund - Direct Plan - Growth Option,11.0975,2026-05-26
152887,INF846K017X1,,Axis CRISIL-IBX AAA Bond NBFC - Jun 2027 Index Fund - Direct Plan - Growth Option,11.2758,2026-05-26
153172,INF846KA1028,,Axis CRISIL-IBX AAA Bond NBFC-HFC - Jun 2027 Index Fund - Direct Plan - Growth option,11.0532,2026-05-26
153879,INF846KA1226,,Axis CRISIL-IBX Financial Services 3-6 Months Debt Index Fund - Direct Plan - Growth option,10.4174,2026-05-26
147666,INF846K01S29,,Axis Nifty 100 Index Fund - Direct Plan - Growth Option,22.2357,2026-05-26
149373,INF846K013D2,,Axis Nifty 50 Index Fund - Direct Plan - Growth,14.4668,2026-05-26
152731,INF846K019W9,,Axis Nifty 500 Index Fund - Direct Plan - Growth Option,10.0235,2026-05-26
152629,INF846K015W7,,Axis Nifty Bank Index Fund - Direct Plan - Growth Option,11.3523,2026-05-26
154348,INF846KA1549,,Axis Nifty Capital Markets Index Fund- Direct Plan,10.123,2026-05-26
154326,INF846KA1523,,Axis Nifty India Defence Index Fund - Direct Plan - Growth,10.2469,2026-05-26
151785,INF846K017R3,,Axis Nifty IT Index Fund - Direct Plan - Growth,10.1757,2026-05-26
149936,INF846K019H0,,Axis Nifty Midcap 50 Index Fund - Direct Plan - Growth Option,21.5466,2026-05-26
149466,INF846K019E7,,Axis Nifty Next 50 Index Fund - Direct Plan - Growth,17.5827,2026-05-26
150854,INF846K018K6,,Axis Nifty SDL September 2026 Debt Index Fund - Direct Plan - Growth,12.8226,2026-05-26
149894,INF846K013H3,,Axis Nifty Smallcap 50 Index Fund - Direct Plan - Growth Option,19.1456,2026-05-26
153244,INF846KA1044,,Axis Nifty500 Momentum 50 Index Fund - Direct Plan - Growth Option,11.0763,2026-05-26
153829,INF846KA1200,,Axis Nifty500 Quality 50 Index Fund - Direct Plan - Growth Option,10.2744,2026-05-26
152949,INF846K013Y8,,Axis Nifty500 Value 50 Index Fund - Direct Plan - Growth Option,11.9355,2026-05-26
153506,INF0QA701BA9,,Bajaj Finserv Nifty 50 Index Fund - Direct - Growth,9.7214,2026-05-26
153479,INF0QA701BG6,,Bajaj Finserv Nifty Next 50 Index Fund - Direct - Growth,11.2857,2026-05-26
152844,INF194KB1IS2,,Bandhan BSE Healthcare Index Fund Direct Plan - Growth,10.9368,2026-05-26
153838,INF194KB1KB4,,Bandhan BSE India Sector Leaders Index Fund - Direct Plan - Growth,9.5127,2026-05-26
150871,INF194KB1EN2,,BANDHAN CRISIL IBX 90:10 SDL PLUS GILT APRIL 2032 INDEX FUND - DIRECT GROWTH,12.8313,2026-05-26
150868,INF194KB1ET9,,BANDHAN CRISIL IBX 90:10 SDL PLUS GILT - NOV 2026 INDEX FUND - DIRECT GROWTH,12.8572,2026-05-26
150888,INF194KB1EZ6,,BANDHAN CRISIL IBX 90:10 SDL PLUS GILT - SEP27 INDEX FUND - DIRECT GROWTH,12.8758,2026-05-26
148792,INF194KB1BV1,,BANDHAN CRISIL IBX Gilt April 2028 Index Fund Direct Plan-Growth,13.7454,2026-05-26
151408,INF194KB1FF5,,BANDHAN CRISIL IBX GILT APRIL 2032 INDEX FUND - DIRECT GROWTH,12.7756,2026-05-26
148789,INF194KB1BP3,,BANDHAN CRISIL IBX Gilt June 2027 Index Fund Direct Plan-Growth,13.6645,2026-05-26
153389,INF194KB1JL5,,Bandhan CRISIL-IBX 10:90 Gilt Plus SDL Index - Dec 2029 Fund-Direct Plan-Growth,10.757,2026-05-26
153407,INF194KB1JR2,,Bandhan CRISIL-IBX Financial Services 3-6 Months Debt Index Fund - Direct Plan - Growth,10.8356,2026-05-26
149832,INF194KB1CR7,,BANDHAN NIFTY 100 INDEX FUND - DIRECT PLAN - GROWTH,14.8928,2026-05-26
153114,INF194KB1JA8,,Bandhan Nifty 200 Quality 30 Index Fund - Direct Plan - Growth,9.5818,2026-05-26
118482,INF194K012A8,,BANDHAN Nifty 50 Index Fund-Direct Plan-Growth,53.2619,2026-05-26
153003,INF194KB1IY0,,Bandhan Nifty 500 Momentum 50 Index Fund Direct Plan-Growth,8.9678,2026-05-26
152990,INF194KB1IW4,,Bandhan Nifty 500 Value 50 Index Fund Direct Plan - Growth,11.8231,2026-05-26
152177,INF194KB1HA2,,Bandhan Nifty Alpha 50 Index Fund - Direct Plan - Growth,13.9881,2026-05-26
153213,INF194KB1JC4,,Bandhan Nifty Alpha Low Volatility 30 Index Fund - Direct Plan - Growth,9.9575,2026-05-26
152793,INF194KB1IO1,,Bandhan Nifty Bank Index Fund - Direct Plan - Growth,10.7964,2026-05-26
152041,INF194KB1GK3,,Bandhan Nifty IT Index Fund - Direct Plan - Growth,9.8594,2026-05-26
152855,INF194KB1IT0,,Bandhan Nifty Midcap 150 Index Fund-Direct Plan-Growth,10.3672,2026-05-26
153350,INF194KB1JK7,,Bandhan Nifty Next 50 Index Fund - Direct Plan - Growth,12.4997,2026-05-26
152264,INF194KB1HG9,,BANDHAN Nifty Smallcap 250 Index Fund - Direct Plan - Growth,12.3247,2026-05-26
152716,INF194KB1IK9,,Bandhan Nifty Total Market Index Fund - Direct Plan - Growth,10.0399,2026-05-26
150636,INF194KB1DV7,,BANDHAN NIFTY100 LOW VOLATILITY 30 INDEX FUND - GROWTH - DIRECT PLAN,15.4915,2026-05-26
150591,INF194KB1DP9,,BANDHAN NIFTY200 MOMENTUM 30 INDEX FUND - GROWTH - DIRECT PLAN,15.7236,2026-05-26
152329,INF251K01SY1,,Baroda BNP Paribas Nifty 50 Index Fund - Direct Plan - Growth option,11.2341,2026-05-26
153000,INF251K01UA7,,Baroda BNP Paribas Nifty Midcap 150 Index Fund - Direct Plan - Growth Option,10.9746,2026-05-26
151283,INF251K01RL0,,Baroda BNP Paribas Nifty SDL December 2026 Index Fund - Direct Plan - Growth Option,12.6915,2026-05-26
151574,INF251K01RR7,,Baroda BNP Paribas NIFTY SDL December 2028 Index Fund - Direct Plan - Growth Option,12.5979,2026-05-26
152931,INF251K01TY9,,Baroda BNP Paribas Nifty200 Momentum 30 Index Fund - Direct Plan - Growth Option,8.1362,2026-05-26
154301,INF2KCX01020,,Choice Nifty 50 Index Fund - Direct Plan Growth,10.3046,2026-05-26
154304,INF2KCX01046,,Choice Nifty Next 50 Index Fund - Direct Plan Growth,11.0331,2026-05-26
153219,INF740KA1VB1,,DSP BSE SENSEX Next 30 Index Fund - Direct - Growth,12.2913,2026-05-26
151329,INF740KA1SB7,,DSP CRISIL-IBX 50:50 Gilt Plus SDL - April 2033 Index Fund - Direct - Growth,12.7428,2026-05-26
141877,INF740KA1CR7,,DSP Nifty 50 Equal Weight Index Fund - Direct Plan - Growth,27.296,2026-05-26
146376,INF740KA1MM7,,DSP Nifty 50 Index Fund - Direct Plan - Growth,23.4861,2026-05-26
154088,INF740KA1XY9,,DSP Nifty 500 Index Fund - Direct - Growth,9.5237,2026-05-26
152654,INF740KA1UO6,,DSP Nifty Bank Index Fund - Direct - Growth,11.3186,2026-05-26
153594,INF740KA1WF0,,DSP Nifty Healthcare Index Fund - Direct- Growth,11.1187,2026-05-26
153590,INF740KA1WL8,,DSP Nifty IT Index Fund - Direct - Growth,7.5825,2026-05-26
154014,INF740KA1XB7,,DSP Nifty Midcap 150 Index Fund - Direct - Growth,10.3977,2026-05-26
150428,INF740KA1RB9,,DSP Nifty Midcap 150 Quality 50 Index Fund - Direct - Growth,14.6177,2026-05-26
146381,INF740KA1MG9,,DSP Nifty Next 50 Index Fund - Direct Plan - Growth,28.0641,2026-05-26
153348,INF740KA1VN6,,DSP Nifty Private Bank Index Fund - Direct - Growth,10.9755,2026-05-26
149970,INF740KA1QV9,,DSP Nifty SDL Plus G-Sec Jun 2028 30:70 Index Fund - Direct - Growth,13.0934,2026-05-26
151373,INF740KA1SH4,,DSP Nifty SDL Plus G-Sec Sep 2027 50:50 Index Fund - Direct - Growth,12.7208,2026-05-26
154018,INF740KA1XH4,,DSP Nifty Smallcap 250 Index Fund - Direct - Growth,10.4413,2026-05-26
152243,INF740KA1TW1,,DSP Nifty Smallcap250 Quality 50 Index Fund - Direct - Growth,10.9757,2026-05-26
152814,INF740KA1UQ1,,DSP Nifty Top 10 Equal Weight Index Fund - Direct - Growth,8.9722,2026-05-26
153801,INF740KA1WR5,,DSP Nifty500 Flexicap Quality 30 Index Fund - Direct - Growth,9.4646,2026-05-26
153497,INF754K01UX2,,Edelweiss BSE Internet Economy Index Fund - Direct Plan - Growth,10.6246,2026-05-26
150671,INF754K01PF9,,Edelweiss CRISIL IBX 50:50 Gilt Plus SDL April 2037 Index Fund - Direct Plan - Growth,13.1304,2026-05-26
150727,INF754K01PN3,,Edelweiss CRISIL IBX 50:50 Gilt Plus SDL June 2027 Index Fund - Direct Plan - Growth,13.0077,2026-05-26
150807,INF754K01PV6,,Edelweiss CRISIL IBX 50:50 Gilt Plus SDL Sep 2028 Index Fund - Direct Plan - Growth,12.9983,2026-05-26
151365,INF754K01RK5,,Edelweiss CRISIL IBX 50:50 Gilt Plus SDL Short Duration Index fund - Direct Plan - Growth,12.6373,2026-05-26
153335,INF754K01UG7,,Edelweiss CRISIL IBX AAA Bond NBFC HFC Jun 2027 Index Fund - Direct Plan - Growth Option,10.9439,2026-05-26
153115,INF754K01TP0,,Edelweiss CRISIL IBX AAA Financial Services - Jan 2028 Index Fund - Direct - Growth,11.095,2026-05-26
149254,INF754K01NJ6,,Edelweiss Nifty 100 Quality 30 Index Fund Direct Plan Growth,14.5447,2026-05-26
149250,INF754K01NB3,,Edelweiss Nifty 50 Index Fund Direct Plan Growth,14.0987,2026-05-26
152616,INF754K01SS6,,Edelweiss Nifty Alpha Low Volatility 30 Index Fund - Direct Plan - Growth,9.7934,2026-05-26
149343,INF754K01NR9,,Edelweiss NIFTY Large Midcap 250 Index Fund - Direct Plan Growth,17.1719,2026-05-26
149339,INF754K01NS7,INF754K01NT5,Edelweiss NIFTY Large Midcap 250 Index Fund - Direct Plan Payout,17.172,2026-05-26
154310,INF754K01WR0,,Edelweiss Nifty LargeMidcap 250 Plus 8-13 yr G-Sec 70-30 Index Fund Direct Plan Growth,10.6627,2026-05-26
150902,INF754K01QD2,,Edelweiss Nifty Midcap150 Momentum 50 Index Fund - Direct Plan - Growth,18.7705,2026-05-26
150899,INF754K01QL5,,Edelweiss Nifty Next 50 Index Fund - Direct Plan - Growth,16.5204,2026-05-26
149247,INF754K01MT7,,Edelweiss NIFTY PSU Bond Plus SDL Apr 2027 50:50 Index Fund - Direct Plan Growth,13.1223,2026-05-26
150892,INF754K01QT8,,Edelweiss Nifty Smallcap 250 Index Fund - Direct Plan - Growth,17.6983,2026-05-26
152985,INF754K01TN5,,Edelweiss Nifty500 Multicap Momentum Quality 50 Index Fund - Direct - Growth,9.4628,2026-05-26
118581,INF090I01GS4,,Franklin India INDEX FUND- NSE NIFTY 50 INDEX FUND- Direct - Growth,203.5083,2026-05-26
153704,INF666M01KT3,,Groww Nifty 50 Index Fund Direct Growth,9.5503,2026-05-26
153230,INF666M01JK4,,Groww Nifty India Railways PSU Index Fund - Direct Plan - Growth,8.4308,2026-05-26
153939,INF666M01MP7,,Groww Nifty Midcap 150 Index Fund Direct Growth,10.2026,2026-05-26
153786,INF666M01LT1,,Groww Nifty Next 50 Index Fund Direct Growth,10.4907,2026-05-26
152637,INF666M01IE9,,Groww Nifty Non-Cyclical Consumer Index Fund - Direct Plan Growth,10.0431,2026-05-26
154278,INF666M01OH0,,Groww Nifty PSU Bank Index Fund Direct Growth,9.8581,2026-05-26
152431,INF666M01HY9,,Groww Nifty Smallcap 250 Index Fund - Direct Plan - Growth,11.3417,2026-05-26
152092,INF666M01HM4,,Groww Nifty Total Market Index Fund - Direct Plan - Growth,13.7265,2026-05-26
151728,INF179KC1GG9,,HDFC BSE 500 Index Fund - Growth Option - Direct Plan,15.4114,2026-05-26
153959,INF179KC1JY6,,HDFC BSE India Sector Leaders India Fund - Direct Plan - Growth Option,9.3262,2026-05-26
119065,INF179K01WN9,,HDFC BSE Sensex Index Fund - Direct Plan,723.8352,2026-05-26
153517,INF179KC1JK5,,HDFC CRISIL-IBX Financial Services 3-6 Months Debt Index Fund - Direct Growth Plan,10.7138,2026-05-26
154308,INF179KC1KI7,,HDFC CRISIL-IBX Financial Services 9-12 Months Debt Index Fund - Direct Growth Plan,10.0914,2026-05-26
149870,INF179KC1CA1,,HDFC Nifty 100 Equal Weight Index Fund - Direct Plan - Growth Option,17.3166,2026-05-26
149868,INF179KC1BY3,,HDFC NIFTY 100 Index Fund - Direct Plan - Growth Option,14.8095,2026-05-26
119063,INF179K01WM1,,HDFC Nifty 50 Index Fund - Direct Plan,232.7748,2026-05-26
151495,INF179KC1FQ0,,HDFC Nifty G-Sec Apr 2029 Index Fund - Growth Option - Direct Plan,12.7619,2026-05-26
150845,INF179KC1EE9,,HDFC Nifty G-Sec Dec 2026 Index Fund - Growth Option - Direct Plan,12.8278,2026-05-26
150847,INF179KC1EH2,,HDFC Nifty G-Sec July 2031 Index Fund - Growth Option - Direct Plan,13.0031,2026-05-26
151181,INF179KC1EJ8,,HDFC Nifty G-Sec Jun 2027 Index Fund - Growth Option - Direct Plan,12.7838,2026-05-26
151489,INF179KC1FS6,,HDFC Nifty G-Sec Jun 2036 Index Fund - Growth Option - Direct Plan,12.8346,2026-05-26
151183,INF179KC1EL4,,HDFC Nifty G-Sec Sep 2032 Index Fund - Growth Option - Direct Plan,12.8765,2026-05-26
154179,INF179KC1KA4,,HDFC Nifty India Consumption Index Fund - Direct Growth Plan,9.5545,2026-05-26
153097,INF179KC1JB4,,HDFC Nifty India Digital Index Fund - Growth Option - Direct,7.9684,2026-05-26
152889,INF179KC1IQ4,,HDFC NIFTY LargeMidcap 250 Index Fund - Growth Option - Direct,10.0581,2026-05-26
151724,INF179KC1GC8,,HDFC NIFTY Midcap 150 Index Fund - Growth Option - Direct Plan,19.4436,2026-05-26
149288,INF179KC1BQ9,,HDFC NIFTY Next 50 Index Fund - Direct Plan - Growth Option,16.7514,2026-05-26
152521,INF179KC1IE0,,HDFC NIFTY Realty Index Fund - Direct Plan,8.7702,2026-05-26
151456,INF179KC1FI7,,HDFC Nifty SDL Oct 2026 Index Fund - Growth Option - Direct Plan,12.6634,2026-05-26
151570,INF179KC1GA2,,HDFC NIFTY SDL Plus G-Sec Jun 2027 40:60 Index Fund - Growth Option - Direct Plan,12.5654,2026-05-26
151727,INF179KC1GE4,,HDFC NIFTY Smallcap 250 Index Fund - Growth Option - Direct Plan,18.5147,2026-05-26
153405,INF179KC1JI9,,HDFC Nifty Top 20 Equal Weight Index Fund - Direct,9.8065,2026-05-26
152713,INF179KC1IM3,HDFCNIVODG,HDFC NIFTY100 Low Volatility 30 Index Fund - Direct Plan,10.1978,2026-05-26
153264,INF179KC1JF5,,HDFC Nifty100 Quality 30 Index Fund - Direct Plan,10.7123,2026-05-26
152430,INF179KC1IC4,,HDFC NIFTY200 Momentum 30 Index Fund - Direct Plan,10.3117,2026-05-26
149107,INF179KC1BM8,,HDFC NIFTY50 Equal weight Index Fund - Direct Plan - Growth Option,18.5219,2026-05-26
152778,INF179KC1IO9,,HDFC NIFTY500 Multicap 50:25:25 Index Fund - Direct Plan,9.8773,2026-05-26
149966,INF336L01QH7,,HSBC CRISIL IBX 50:50 Gilt Plus SDL Apr 2028 Index Fund - Direct - Growth,13.0707,2026-05-26
151479,INF336L01QT2,,HSBC CRISIL IBX Gilt June 2027 Index Fund - Direct - Growth,12.5591,2026-05-26
151157,INF917K01D12,,HSBC NIFTY 50 INDEX FUND - Direct Growth,28.1656,2026-05-26
151160,INF917K01D79,,HSBC NIFTY NEXT 50 INDEX FUND - Direct Growth,31.0219,2026-05-26
141841,INF109KB10X0,,ICICI Prudential BSE Sensex Index Fund - Direct Plan - Cumulative Option,25.2636,2026-05-26
153411,INF109K1A062,,ICICI Prudential CRISIL-IBX Financial Services 3-6 Months Debt Index Fund - Direct Plan - Growth,10.8282,2026-05-26
150452,INF109KC11D8,,ICICI Prudential Nifty 200 Momentum 30 Index Fund - Direct Plan - Growth,16.7428,2026-05-26
120620,INF109K012M7,,ICICI Prudential Nifty 50 Index Fund - Direct Plan Cumulative Option,251.6736,2026-05-26
153161,INF109KC16Y3,,ICICI Prudential Nifty 500 Index Fund - Direct Plan - Growth,10.3165,2026-05-26
150643,INF109KC16J4,,ICICI Prudential Nifty Auto Index Fund - Direct Plan - Growth,21.265,2026-05-26
149858,INF109KC11A4,,ICICI Prudential Nifty Bank Index Fund - Direct Plan Growth,15.8487,2026-05-26
150733,INF109KC18K8,,ICICI Prudential Nifty G-Sec Dec 2030 Index Fund - Direct Plan - Growth,13.1527,2026-05-26
150468,INF109KC13E2,,ICICI Prudential Nifty IT Index Fund - Direct Plan - Growth,10.28,2026-05-26
152482,INF109KC12U0,,ICICI Prudential Nifty LargeMidcap 250 Index Fund - Direct Plan - Growth,12.3594,2026-05-26
149389,INF109KC1W58,,ICICI Prudential Nifty Midcap 150 Index Fund - Direct Plan - Growth,20.3619,2026-05-26
120684,INF109K01Y80,,ICICI Prudential Nifty Next 50 Index Fund - Direct Plan -  Growth,65.9114,2026-05-26
150930,INF109KC11M9,,ICICI Prudential Nifty Pharma Index Fund - Direct Plan - Growth,19.0558,2026-05-26
153679,INF109K1A369,,ICICI Prudential Nifty Private Bank Index Fund - Direct Plan - Growth,9.5776,2026-05-26
149210,INF109KC1S88,,ICICI Prudential Nifty PSU Bond Plus SDL Sep 2027 40:60 Index Fund - Direct Plan Growth,13.084,2026-05-26
150729,INF109KC14L5,,ICICI Prudential Nifty SDL Dec 2028 Index Fund - Direct Plan - Growth,13.0733,2026-05-26
151211,INF109KC13P8,,ICICI Prudential Nifty SDL Sep 2026 Index Fund - Direct Plan - Growth,12.7138,2026-05-26
149999,INF109KC14B6,,ICICI Prudential Nifty SDL Sep 2027 Index Fund - Direct Plan - Growth,12.9899,2026-05-26
149283,INF109KC1V18,,ICICI Prudential Nifty Smallcap 250 Index Fund - Direct Plan - Growth,17.4397,2026-05-26
153614,INF109K1A310,,ICICI Prudential Nifty Top 15 Equal Weight Index Fund - Direct Plan - Growth,9.2651,2026-05-26
153546,INF109K1A252,,ICICI Prudential Nifty200 Quality 30 Index Fund - Direct Plan - Growth,9.8075,2026-05-26
152936,INF109KC13X2,,ICICI Prudential Nifty200 Value 30 Index Fund - Direct Plan - Growth,11.524,2026-05-26
150639,INF109KC10J7,,ICICI Prudential Nifty50 Equal Weight Index Fund- Direct Plan - Growth,17.0454,2026-05-26
152365,INF109KC16T3,,ICICI Prudential Nifty50 Value 20 Index Fund - Direct Plan - Growth,10.3116,2026-05-26
154340,INF205KA1BM8,,Invesco India BSE Sensex Index Fund - Direct Plan - Growth,9.9335,2026-05-26
154343,INF205KA1BO4,,Invesco India Nifty Bank Index Fund - Direct Plan - Growth,10.1413,2026-05-26
151593,INF205KA1775,,Invesco India Nifty G-sec Jul 2027 Index Fund - Direct Plan - Growth,1255.5557,2026-05-26
151597,INF205KA1817,,Invesco India Nifty G-sec Sep 2032 Index Fund - Direct Plan - Growth,1262.2403,2026-05-26
153787,INF22M001044,,JioBlackRock Nifty 50 Index Fund - Direct Plan - Growth Option,9.6432,2026-05-26
153791,INF22M001069,,JioBlackRock Nifty 8-13 yr G-Sec Index Fund - Direct Plan - Growth Option,10.1895,2026-05-26
153788,INF22M001077,,JioBlackRock Nifty Midcap 150 Index Fund - Direct Plan - Growth Option,10.7262,2026-05-26
153789,INF22M001085,,JioBlackRock Nifty Next 50 Index Fund - Direct Plan - Growth Option,10.5651,2026-05-26
153790,INF22M001051,,JioBlackRock Nifty Smallcap 250 Index Fund - Direct Plan - Growth Option,10.0724,2026-05-26
152039,INF174KA1OX5,,Kotak BSE Housing Index Fund - Direct Plan - Growth Option,12.792,2026-05-26
152755,INF174KA1SL1,,Kotak BSE PSU Index Fund - Direct Plan - Growth,9.669,2026-05-26
153286,INF174KA1UV6,,Kotak BSE Sensex Index Fund- Direct - Growth,10.107,2026-05-26
153313,INF174KA1UX2,,Kotak CRISIL - IBX AAA Bond Financial Services Index Dec 2026 Fund - Direct - Growth,10.9312,2026-05-26
152869,INF174KA1TF1,,Kotak CRISIL -IBX AAA Financial Services Index Sep-2027 Fund-DIRECT PLAN-GROWTH Option,11.3051,2026-05-26
153372,INF174KA1VK7,,Kotak CRISIL-IBX Financial Services 3-6 Months Debt Index Fund-Direct-Growth,10.8406,2026-05-26
153875,INF174KA1XM9,,Kotak CRISIL-IBX Financial Services 9 to 12 Months Debt Index Fund - Direct - Growth,10.3421,2026-05-26
153146,INF174KA1TY2,,Kotak Nifty 100 Equal Weight Index Fund - Direct Plan - Growth,10.931,2026-05-26
152663,INF174KA1RZ3,,Kotak NIFTY 100 Low Volatility 30 Index Fund - Direct plan - Growth option,10.6242,2026-05-26
151781,INF174KA1OB1,,Kotak Nifty 200 Momentum 30 Index Fund - Direct Plan - Growth Option,14.69,2026-05-26
153660,INF174KA1WN9,,KOTAK NIFTY 200 QUALITY 30 INDEX FUND - DIRECT PLAN - GROWTH,9.828,2026-05-26
153150,INF174KA1UE2,,Kotak Nifty 50 Equal Weight Index Fund - Direct Plan - Growth,11.145,2026-05-26
148978,INF174KA1HA7,,Kotak Nifty 50 Index Fund - Direct Plan-Growth,15.804,2026-05-26
153680,INF174KA1WY6,,Kotak Nifty AAA Bond Financial Services Mar 2028 Index Fund - Direct Plan - Growth,10.4076,2026-05-26
153781,INF174KA1XG1,,Kotak Nifty Alpha 50 Index Fund - Direct Plan - Growth,10.322,2026-05-26
153353,INF174KA1VE0,,Kotak Nifty Commodities Index Fund-Direct Growth,12.972,2026-05-26
151911,INF174KA1OR7,,Kotak Nifty Financial Services Ex-Bank Index Fund - Direct Plan - Growth option,16.658,2026-05-26
152098,INF174KA1PJ1,,Kotak Nifty G-Sec July 2033 Index Fund - Direct Plan - Growth,12.1618,2026-05-26
152870,INF174KA1SZ1,,Kotak Nifty India Tourism Index Fund-Direct-Growth Option,7.886,2026-05-26
153401,INF174KA1VQ4,,KOTAK NIFTY MIDCAP 150 INDEX FUND-DIRECT PLAN-GROWTH,11.7,2026-05-26
152916,INF174KA1TM7,,Kotak Nifty Midcap 150 Momentum 50 Index Fund-Direct Plan-Growth,9.632,2026-05-26
152767,INF174KA1SR8,,KOTAK NIFTY MIDCAP 50 INDEX FUND-DIRECT PLAN- GROWTH,10.899,2026-05-26
148745,INF174KA1GA9,,Kotak Nifty Next 50 Index Fund - Direct Plan - Growth Option,20.7606,2026-05-26
148746,INF174KA1FZ8,INF174KA1GB7,Kotak Nifty Next 50 Index Fund - Direct Plan -Payout of Income Distribution cum capital withdrawal option,20.7603,2026-05-26
149855,INF174KA1IL2,,Kotak Nifty SDL Apr  2027 Top 12 Equal Weight Index Fund-Direct Plan-Growth,13.011,2026-05-26
149865,INF174KA1IR9,,Kotak Nifty SDL Apr 2032 Top 12 Equal Weight Index Fund-Direct Plan- Growth,13.0938,2026-05-26
151218,INF174KA1LC5,,Kotak Nifty SDL Jul 2026 Index Fund Direct Plan Growth,12.6916,2026-05-26
151420,INF174KA1MJ8,,Kotak Nifty SDL Jul 2033 Index Fund Direct Plan Growth Option,12.6092,2026-05-26
150725,INF174KA1JT3,,Kotak Nifty SDL Plus AAA PSU Bond Jul 2028 60:40 Index Fund Direct Plan - Growth,12.9579,2026-05-26
153223,INF174KA1UK9,,Kotak Nifty SmallCap 250 Index Fund- Direct - Growth,11.042,2026-05-26
151649,INF174KA1NB3,,Kotak Nifty Smallcap 50 Index Fund - Direct Plan - Growth,21.026,2026-05-26
153461,INF174KA1WD0,,Kotak Nifty Top 10 Equal Weight Index Fund-Direct Plan-Growth,9.088,2026-05-26
154145,INF174KA1YP0,,Kotak Nifty200 Value 30 Index Fund - Direct - Growth,10.063,2026-05-26
154032,INF174KA1YC8,,Kotak Nifty500 Momentum 50 Index Fund - Direct Plan - Growth,10.127,2026-05-26
120308,INF767K01FJ4,,LIC MF BSE Sensex Index Fund-Direct Plan-Growth,152.7493,2026-05-26
120307,INF767K01FF2,,LIC MF Nifty 50 Index Fund-Direct Plan-Growth,142.6579,2026-05-26
151937,INF397L01AW2,,LIC MF Nifty Next 50 Index Fund-Direct Plan-Growth,57.9457,2026-05-26
150792,INF769K01IX5,,Mirae Asset CRISIL IBX Gilt Index - April 2033 Index Fund - Direct Plan - Growth,13.1187,2026-05-26
153634,INF769K01OS3,,Mirae Asset CRISIL-IBX Financial Services 9-12 Months Debt Index Fund - Direct Plan - Growth,10.4968,2026-05-26
152972,INF769K01MQ1,,Mirae Asset Nifty 50 Index Fund - Direct Plan - Growth,9.9285,2026-05-26
152976,INF769K01MJ6,,Mirae Asset Nifty LargeMidcap 250 Index Fund - Direct Plan - Growth,10.4447,2026-05-26
150358,INF769K01IH8,,Mirae Asset Nifty SDL Jun 2027 Index Fund -Direct Plan - Growth,13.001,2026-05-26
151691,INF769K01JZ8,,Mirae Asset Nifty SDL June 2028 Index Fund - Direct Plan - Growth,12.5448,2026-05-26
152968,INF769K01MD9,,Mirae Asset Nifty Total Market Index Fund - Direct Plan - Growth,10.209,2026-05-26
153596,INF247L01FM9,,Motilal Oswal BSE 1000 Index Fund - Direct Plan - Growth,9.8507,2026-05-26
150518,INF247L01BF2,,Motilal Oswal BSE Enhanced Value Index Fund-Direct plan,28.7044,2026-05-26
150443,INF247L01BC9,,Motilal Oswal BSE Financials ex Bank 30 Index Fund Direct Growth,17.4531,2026-05-26
149919,INF247L01AY5,,Motilal Oswal BSE Low Volatility Index Fund-Direct plan,16.227,2026-05-26
150521,INF247L01BI6,,Motilal Oswal BSE Quality Index Fund-Direct plan,17.7694,2026-05-26
149800,INF247L01AV1,,Motilal Oswal Nifty 200 Momentum 30 Index Fund-Direct Plan,15.3533,2026-05-26
147794,INF247L01AE7,,Motilal Oswal Nifty 50 Index Fund - Direct plan - Growth,20.7574,2026-05-26
147625,INF247L01957,,Motilal Oswal Nifty 500 Index Fund - Direct Plan,26.6497,2026-05-26
152875,INF247L01DL6,,Motilal Oswal Nifty 500 Momentum 50 Index Fund-Direct Plan-Growth,8.3111,2026-05-26
147620,INF247L01890,,Motilal Oswal Nifty Bank Index Fund - Direct Plan,20.4276,2026-05-26
153138,INF247L01EB5,,Motilal Oswal Nifty Capital Market Index Fund - Direct Plan - Growth,13.4727,2026-05-26
152712,INF247L01CW5,,Motilal Oswal Nifty India Defence Index Fund Direct Plan Growth,12.1179,2026-05-26
151814,INF247L01BQ9,,Motilal Oswal Nifty Microcap 250 Index Fund- Direct- Growth Option,17.3826,2026-05-26
147622,INF247L01916,,Motilal Oswal Nifty Midcap 150 Index Fund - Direct Plan,41.2883,2026-05-26
153027,INF247L01DW3,,Motilal Oswal Nifty MidSmall Financial Services Index Fund - Direct Plan- Growth,14.779,2026-05-26
153023,INF247L01EA7,,Motilal Oswal Nifty MidSmall Healthcare Index Fund- Direct Plan-Growth,11.704,2026-05-26
153025,INF247L01DU7,,Motilal Oswal Nifty MidSmall India Consumption Index Fund - Direct Plan- Growth,9.3437,2026-05-26
153029,INF247L01DY9,,Motilal Oswal Nifty MidSmall IT and Telecom Index Fund - Direct Plan- Growth,9.1715,2026-05-26
147796,INF247L01AC1,,Motilal Oswal Nifty Next 50 Index Fund - Direct plan - Growth,25.451,2026-05-26
147623,INF247L01932,,Motilal Oswal Nifty Smallcap 250 Index Fund- Direct Plan,38.0556,2026-05-26
152062,INF959L01HK9,,NAVI BSE SENSEX INDEX FUND - DIRECT PLAN - GROWTH,11.8018,2026-05-26
149039,INF959L01FP2,,Navi Nifty 50 Index Fund-Direct Plan-Growth,15.7031,2026-05-26
152751,INF959L01HO1,,NAVI NIFTY 500 MULTICAP 50-25-25 DIRECT PLAN,9.9493,2026-05-26
149804,INF959L01FT4,,Navi Nifty Bank Index Fund- Direct Plan- Growth,14.4828,2026-05-26
150515,INF959L01GD6,,Navi Nifty India Manufacturing Index Fund- Direct Plan- Growth,19.3576,2026-05-26
149892,INF959L01FX6,,Navi Nifty Midcap 150 Index Fund Direct Plan- Growth,21.559,2026-05-26
154027,INF959L01HR4,,Navi Nifty midsmallcap 400 Index Fund- Direct - Growth,10.4712,2026-05-26
149447,INF959L01FR8,,Navi Nifty Next 50 Index Fund- Direct Plan- Growth,16.8745,2026-05-26
153362,INF959L01HQ6,,Navi Nifty Smallcap 250 Momentum quality index fund- Direct Plan,11.47,2026-05-26
152535,INF959L01HM5,,Navi NiftyIT Index Fund - Direct Plan- Growth,8.6455,2026-05-26
153567,INF204KC1FD7,,Nippon India BSE Sensex Next 30 Index Fund- Direct Plan- Growth Option,11.0618,2026-05-26
152992,INF204KC1DM3,,Nippon India CRISIL - IBX AAA Financial Services - Dec 2026 Index Fund - Direct Plan - Growth Option,11.1997,2026-05-26
152996,INF204KC1DS0,,Nippon India CRISIL - IBX AAA Financial Services - Jan 2028 Index Fund - Direct Plan - Growth Option,11.1597,2026-05-26
154271,INF204KC1GX3,,Nippon India CRISIL-IBX Financial Services 3-6 Months Debt Index Fund- Direct Plan- Growth Option,10.1422,2026-05-26
154252,INF204KC1GR5,,Nippon India CRISIL-IBX Financial Services 9-12 Months Debt Index Fund -Direct Plan - Growth Option,10.0976,2026-05-26
118785,INF204K01K56,,Nippon India Index Fund - BSE Sensex Plan - Direct Plan Growth Plan - Bonus Option,41.1535,2026-05-26
118791,INF204K01K80,,Nippon India Index Fund - BSE Sensex Plan - Direct Plan Growth Plan - Growth Option,41.1535,2026-05-26
118742,INF204K01H02,,Nippon India Index Fund - Nifty 50 Plan - Direct Plan Growth Plan - Bonus Option,43.91,2026-05-26
118741,INF204K01H36,,Nippon India Index Fund - Nifty 50 Plan - Direct Plan Growth Plan - Growth Option,43.91,2026-05-26
148721,INF204KB12Z0,,Nippon India Nifty 50 Value 20 Index Fund - Direct Plan - Growth Option,18.0077,2026-05-26
152842,INF204KC1DA8,,Nippon India Nifty 500 Equal Weight Index Fund - Direct Plan - Growth Option,9.504,2026-05-26
153474,INF204KC1EQ2,,Nippon India Nifty 500 Low Volatility 50 Index Fund - Direct Plan - Growth Option,10.7143,2026-05-26
152881,INF204KC1DG5,,Nippon India Nifty 500 Momentum 50 Index Fund - Direct Plan - Growth Option,8.3493,2026-05-26
153470,INF204KC1EW0,,Nippon India Nifty 500 Quality 50 Index Fund - Direct Plan - Growth Option,11.1279,2026-05-26
150012,INF204KC1527,,Nippon India Nifty AAA CPSE Bond Plus SDL - Apr 2027 Maturity 60:40 Index Fund - Direct Plan - Growth Option,12.8851,2026-05-26
150754,INF204KC1683,,Nippon India Nifty AAA PSU Bond Plus SDL - Sep 2026 Maturity 50:50 Index Fund-Direct Plan-Growth Option,12.8762,2026-05-26
150487,INF204KC1584,,Nippon India Nifty Alpha Low Volatility 30 Index Fund - Direct Plan - Growth Option,15.6793,2026-05-26
153064,INF204KC1EE8,,Nippon India Nifty Auto Index Fund - Direct Plan- Growth Option,11.2755,2026-05-26
152389,INF204KC1BY2,,Nippon India Nifty Bank Index Fund - Direct Plan - Growth Option,11.8603,2026-05-26
150920,INF204KC1AC0,,Nippon India Nifty G-Sec Jun 2036 Maturity Index Fund-Direct Plan-Growth Option,12.9424,2026-05-26
151440,INF204KC1AO5,,Nippon India Nifty G-Sec Oct 2028 Maturity Index Fund-Direct Plan-Growth Option,12.7279,2026-05-26
150906,INF204KC1881,,Nippon India Nifty G-Sec Sep 2027 Maturity Index Fund-Direct Plan-Growth Option,12.7507,2026-05-26
153806,INF204KC1GL8,,Nippon India Nifty India Manufacturing Index Fund- Direct Plan- Growth Option,11.0968,2026-05-26
152392,INF204KC1CE2,,Nippon India Nifty IT Index Fund - Direct Plan - Growth Option,7.9407,2026-05-26
148726,INF204KB18Z7,,Nippon India Nifty Midcap 150 Index Fund - Direct Plan - Growth Option,26.3595,2026-05-26
153060,INF204KC1DY8,,Nippon India Nifty Realty Index Fund-Direct Plan- Growth Option,7.2383,2026-05-26
150824,INF204KC1741,,Nippon India Nifty SDL Plus G-Sec - Jun 2028 Maturity 70:30 Index Fund-Direct Plan-Growth Option,12.856,2026-05-26
151390,INF204KC1AI7,,Nippon India Nifty SDL Plus G-Sec-Jun 2029 Maturity 70:30 Index Fund-Direct Plan-Growth Option,12.6823,2026-05-26
148519,INF204KB15W0,,Nippon India Nifty Smallcap 250 Index Fund - Direct Plan - Growth Option,33.6812,2026-05-26
151407,INF663L01X21,,"PGIM India CRISIL IBX Gilt Index - Apr 2028 Fund - Direct Plan, Growth Option",12.6706,2026-05-26
153432,INF200KB1688,,SBI BSE PSU BANK INDEX FUND- Direct Plan- Growth,13.2294,2026-05-26
151769,INF200KA16Y4,,SBI BSE Sensex Index Fund - Direct Plan - Growth,12.482,2026-05-26
149474,INF200KA13D5,,SBI CPSE Bond Plus SDL Sep 2026 50:50 Index Fund - Direct Plan - Growth,12.9892,2026-05-26
150706,INF200KA18Q6,,SBI CRISIL IBX Gilt Index - April 2029 Fund - Direct Plan - Growth,13.1171,2026-05-26
150681,INF200KA12Q9,,SBI |CRISIL IBX Gilt Index - June 2036 Fund - Direct Plan - Growth,13.2186,2026-05-26
150711,INF200KA14R3,,SBI CRISIL IBX SDL Index - September 2027 Fund - Direct Plan - Growth,12.9918,2026-05-26
154331,INF200KB1AO0,,SBI CRISIL - IBX Financial Services 3-6 Months Debt Index Fund - Direct Plan - Growth,10.0387,2026-05-26
154334,INF200KB1AU7,,SBI CRISIL - IBX Financial Services 9-12 Months Debt Index Fund - Direct Plan - Growth,9.994,2026-05-26
152908,INF200KB1381,,SBI Nifty 500 Index Fund- Direct Plan- Growth,9.5181,2026-05-26
153250,INF200KB1563,,SBI Nifty Bank Index Fund-Direct Plan- Growth,11.0202,2026-05-26
153252,INF200KB1571,INF200KB1589,SBI Nifty Bank Index Fund-Direct Plan- Income Distribution Cum Capital Withdrawal Option,11.0201,2026-05-26
119827,INF200K01TE8,,SBI NIFTY INDEX FUND - DIRECT PLAN - GROWTH,222.4833,2026-05-26
153015,INF200KB1449,,SBI Nifty India Consumption Index Fund- Direct Plan- Growth,9.9159,2026-05-26
153320,INF200KB1621,,SBI Nifty IT Index Fund - Direct Plan - Growth,7.3269,2026-05-26
150673,INF200KA10P5,,SBI Nifty Midcap 150 Index Fund - Direct Plan - Growth,19.8336,2026-05-26
148945,INF200KA1W00,,SBI Nifty Next 50 Index Fund - Direct Plan - Growth,19.6453,2026-05-26
150677,INF200KA16P2,,SBI Nifty Smallcap 250 Index Fund - Direct Plan - Growth,18.529,2026-05-26
153718,INF200KB1936,,SBI Nifty100 Low Volatility 30 Index Fund- Direct Plan- Growth,9.9661,2026-05-26
153662,INF200KB1878,,SBI Nifty200 Momentum 30 Index Fund- Direct Plan- Growth,9.7711,2026-05-26
153557,INF200KB1829,INF200KB1837,SBI Nifty200 Quality 30 Index Fund- Direct Plan- Income Distribution Cum Capital Withdrawal Option,9.9597,2026-05-26
153555,INF200KB1811,,SBI Nifty200 Quality 30 Index Fund-Direct Plan- Growth,9.9597,2026-05-26
152370,INF200KB1027,,SBI Nifty50 Equal Weight Index Fund - Direct Plan - Growth,12.1978,2026-05-26
152371,INF200KB1035,INF200KB1043,SBI Nifty50 Equal Weight Index Fund - Direct Plan - Income Distribution Cum Capital Withdrawal Option,12.197,2026-05-26
149483,INF173K01EZ4,,Sundaram Nifty 100 Equal Weight Fund (Formerly Known as Principal Nifty 100 Equal Weight Fund) - Direct Plan - Growth Option,191.5741,2026-05-26
149482,INF173K01EW1,INF173K01EX9,Sundaram Nifty 100 Equal Weight Fund (Formerly Known as Principal Nifty 100 Equal Weight Fund)- Direct Plan - Income Distribution CUM Capital Withdrawal Option,78.224,2026-05-26
154066,INF277KA1EP8,,Tata BSE Multicap Consumption 50:30:20 Index Fund - Direct Plan Growth Option,9.3219,2026-05-26
153420,INF277KA1DK1,,Tata BSE Quality Index Fund Direct plan Growth Option,11.5781,2026-05-26
153132,INF277KA1DA2,,Tata BSE Select Business Groups Index Fund - Direct Growth,10.4103,2026-05-26
119287,INF277K01PK1,,Tata S&P BSE Sensex Index Fund - Direct Plan,202.6291,2026-05-26
119288,INF277K01PJ3,,Tata Nifty 50 Index Fund -Direct Plan,161.8141,2026-05-26
152557,INF277KA1AU6,,Tata Nifty Auto Index Fund - Direct Plan - Growth,12.0005,2026-05-26
152951,INF277KA1CO5,,Tata Nifty Capital Markets Index Fund - Direct Plan Growth Option,15.4247,2026-05-26
152577,INF277KA1BA6,,Tata Nifty Financial Services Index Fund - Direct Plan - Growth,12.1579,2026-05-26
151301,INF277KA1794,,Tata Nifty G Sec Dec 2026 Index Fund-Direct Plan-Growth,12.6408,2026-05-26
151273,INF277KA1737,,Tata Nifty G-Sec Dec 2029 Index Fund - Direct Plan - Growth,12.8132,2026-05-26
152742,INF277KA1CC0,,Tata Nifty India Tourism Index Fund - Direct - Growth,8.3766,2026-05-26
153581,INF277KA1DZ9,,Tata Nifty Midcap 150 Index Fund - Direct Plan - Growth Option,10.8322,2026-05-26
150738,INF277KA1612,,Tata Nifty Midcap 150 Momentum 50 Index Fund - Growth - Direct Plan,18.745,2026-05-26
152564,INF277KA1BG3,,Tata Nifty MidSmall Healthcare Index Fund - Direct Plan - Growth,14.2236,2026-05-26
153858,INF277KA1EJ1,,Tata Nifty Next 50 Index Fund - Direct Plan Growth Option,10.4373,2026-05-26
152570,INF277KA1AO9,,Tata Nifty Realty Index Fund - Direct Plan - Growth,8.0158,2026-05-26
150326,INF277KA1372,,Tata Nifty SDL Plus AAA PSU Bond Dec 6040 Index Fund- Direct Plan-Growth,13.0742,2026-05-26
152836,INF277KA1CI7,,Tata Nifty200 Alpha 30 Index Fund - Direct -Growth,8.9389,2026-05-26
152588,INF277KA1BM1,,Tata Nifty500 Multicap India Manufacturing 50:30:20 Index Fund -Direct Plan-Growth,12.114,2026-05-26
152595,INF277KA1BS8,,Tata Nifty500 Multicap Infrastructure 50:30:20 Index Fund - Direct Plan - Growth,11.0922,2026-05-26
118881,INF044D01CQ5,,Taurus Nifty 50 Index Fund - Direct Plan - Growth,48.4014,2026-05-26
118882,INF044D01CR3,INF044D01CS1,Taurus Nifty 50 Index Fund - Direct Plan - Payout of Income Distribution cum Capital Withdrawal option,45.2982,2026-05-26
143341,INF789FC12T1,,UTI Nifty Next 50 Index Fund - Direct Plan - Growth Option,26.2945,2026-05-26
151764,INF789F1AYR1,,UTI BSE Housing Index Fund - Direct Plan - Growth Option,13.7326,2026-05-26
149881,INF789F1AVF2,,UTI BSE Low Volatility Index Fund - Direct Plan  - Growth Option,16.3499,2026-05-26
149803,INF789F1AVD7,,UTI BSE Sensex Index Fund - Direct Plan - Growth Option,13.6772,2026-05-26
151185,INF789F1AWX3,,UTI CRISIL SDL Maturity April 2033 Index Fund - Direct Plan - Growth Option,12.6784,2026-05-26
151239,INF789F1AWZ8,,UTI CRISIL SDL Maturity June 2027 Index Fund - Direct Plan - Growth Option,12.7509,2026-05-26
148703,INF789F1AUT5,,UTI Nifty 200 Momentum 30 Index Fund - Direct Plan - Growth Option,21.3141,2026-05-26
152859,INF789F1AZH9,,UTI Nifty 200 Quality 30 Index Fund - Direct Plan - Growth Option,8.8754,2026-05-26
120716,INF789F01XA0,,UTI Nifty 50 Index Fund - Growth Option- Direct,167.4008,2026-05-26
151739,INF789F1AYN0,,UTI Nifty 500 Value 50 Index Fund - Direct Plan - Growth Option,23.2159,2026-05-26
153086,INF789F1AZM9,,UTI Nifty Alpha Low-Volatility 30 Index Fund - Direct Plan - Growth Option,9.494,2026-05-26
153270,INF789F1AB48,,UTI Nifty India Manufacturing Index Fund - Direct Plan - Growth Option,12.3669,2026-05-26
153089,INF789F1AZO5,,UTI Nifty Midcap 150 Index Fund - Direct Plan - Growth Option,10.9229,2026-05-26
150313,INF789F1AVH8,,UTI Nifty Midcap 150 Quality 50 Index Fund - Direct Plan - Growth Option,14.1733,2026-05-26
153272,INF789F1AB22,,UTI Nifty Midsmallcap 400 Momentum Quality 100 Index Fund - Direct Plan - Growth Option,11.7336,2026-05-26
152864,INF789F1AZJ5,,UTI Nifty Private Bank Index Fund - Direct Plan - Growth Option,9.8993,2026-05-26
151487,INF789F1AXR3,,UTI NIFTY SDL Plus AAA PSU Bond Apr 2028- 75:25 Index Fund - Direct Plan - Growth Option,12.642,2026-05-26
151762,INF789F1AYP5,,UTI Nifty50 Equal Weight Index Fund - Direct Plan - Growth Option,15.1194,2026-05-26
154197,INF789F1AD04,,UTI Nifty500 Shariah Index Fund - Direct Plan Growth Option,10.0604,2026-05-26
152157,INF0R8F01026,,Zerodha ELSS Tax Saver Nifty LargeMidcap 250 Index Fund - Direct Plan - Growth option,14.2181,2026-05-26
153906,INF0R8F01158,,Zerodha Nifty 50 Index Fund - Direct Plan - Growth,9.5136,2026-05-26
152156,INF0R8F01018,,Zerodha Nifty LargeMidcap 250 Index Fund - Direct Plan - Growth option,14.192,2026-05-26
154321,INF0R8F01208,,Zerodha Nifty LargeMidcap250 Plus 8-13 Yr G-Sec 70:30 Index Fund - Direct Plan - Growth Option,10.0657,2026-05-26
154306,INF0R8F01190,,Zerodha Nifty MidSmallcap400 50:50 Index Fund - Direct Plan - Growth Option,10.9046,2026-05-26
154109,INF0R8F01182,,Zerodha Nifty Short Duration G-Sec Index Fund - Direct Plan - Growth Option,1007.8869,2026-05-26
146407,INF209KB1E84,,ADITYA BIRLA SUN LIFE BAL BHAVISHYA YOJNA DIRECT GROWTH,22.73,2026-05-26
135762,INF846K01WO1,,Axis Children's Fund - Lock in - Direct Growth,29.1824,2026-05-26
135764,INF846K01WR4,,Axis Children's Fund - No Lock in - Direct Growth,29.7405,2026-05-26
153171,INF251K01UE9,,Baroda BNP Paribas Children's Fund - Direct Plan - Growth Option,11.205,2026-05-26
119066,INF179KC1IX0,,HDFC Childrens Fund - Direct Plan,313.606,2026-05-26
120579,INF109K01Y49,,ICICI Prudential Children's Fund - Direct Plan,364.74,2026-05-26
120285,INF767K01FB1,,LIC MF Children's Fund-Direct Plan-Growth,36.2913,2026-05-26
119719,INF200K01QR6,,SBI Children's Fund - Savings Plan - DIRECT PLAN - GROWTH,124.1536,2026-05-26
119312,INF277K01QW4,,Tata Childrens Fund-Direct Plan-Growth Option,62.9263,2026-05-26
152219,INF582M01JK3,,Union Children's Fund - Direct Plan - Growth Option,12.75,2026-05-26
120724,INF789F1AZV0,,UTI Children's Equity Fund - Direct Plan - Growth Option,89.2265,2026-05-26
120771,INF789F1AZR8,,UTI Children's Hybrid Fund - Direct Plan,40.6319,2026-05-26
146575,INF209KB1I23,,Aditya Birla Sun Life Retirement Fund-The 30s Plan-Direct Growth,23.735,2026-05-26
146930,INF209KB1I80,,Aditya Birla Sun Life Retirement Fund-The 40s Plan-Direct Plan-Growth,21.006,2026-05-26
146940,INF209KB1J48,,Aditya Birla Sun Life Retirement Fund-The 50s Plan-Direct Plan-Growth,16.4788,2026-05-26
146943,INF209KB1K03,,Aditya Birla Sun Life Retirement Fund-The 50s Plus-Debt Plan-Direct Plan-Growth,14.7102,2026-05-26
147825,INF846K01S86,,Axis Retirement Fund - Aggressive Plan - Direct Growth,19.68,2026-05-26
147830,INF846K01T69,,Axis Retirement Fund - Conservative Plan - Direct Growth,17.2855,2026-05-26
147826,INF846K01T28,,Axis Retirement Fund - Dynamic Plan - Direct Growth,20.9,2026-05-26
152102,INF194KB1GU2,,Bandhan Retirement Fund - Direct Plan - Growth,12.963,2026-05-26
152628,INF251K01TJ0,,Baroda BNP Paribas Retirement Fund - Direct plan - Growth option,11.6529,2026-05-26
118548,INF090I01JZ3,,Franklin India Retirement Fund - Direct - Growth,237.0491,2026-05-26
136094,INF179KB1MF0,,HDFC Retirement Savings Fund - Equity Plan - Growth Option - Direct Plan,54.542,2026-05-26
136465,INF179KB1MJ2,,HDFC Retirement Savings Fund - Hybrid-Debt Plan - Growth Option - Direct Plan,24.4601,2026-05-26
136464,INF179KB1MH6,,HDFC Retirement Savings Fund - Hybrid-Equity Plan - Growth Option - Direct Plan,42.034,2026-05-26
146721,INF109KC1TW4,,ICICI Prudential Retirement Fund - Hybrid Aggressive - Direct Plan - Growth Option,30.8,2026-05-26
146716,INF109KC1UA8,,ICICI Prudential Retirement Fund - Hybrid Conservative - Direct Plan - Growth Option,19.7186,2026-05-26
146727,INF109KC1UE0,,ICICI Prudential Retirement Fund - Pure Debt - Direct Plan - Growth Option,16.8384,2026-05-26
146349,INF109KC1TS2,,ICICI Prudential Retirement Fund - Pure Equity - Direct Plan - Growth Option,38.42,2026-05-26
133569,INF204KA1C30,,Nippon India Retirement Fund- Income Generation Scheme- Direct Plan- Growth Plan - Growth Option,22.7147,2026-05-26
133629,INF204KA1C55,,Nippon India Retirement Fund- Income Generation Scheme- Direct Plan-Growth Plan- Bonus Option,22.7147,2026-05-26
133568,INF204KA1B72,,Nippon India Retirement Fund- Wealth Creation Scheme- Direct Plan- Growth Plan - Growth Option,32.0095,2026-05-26
133630,INF204KA1B98,,Nippon India Retirement Fund- Wealth Creation Scheme- Direct Plan-Growth Plan- Bonus Option,32.0095,2026-05-26
152537,INF663L01Y61,,PGIM India Retirement Fund - Direct Plan - Growth Option,12.16,2026-05-26
148685,INF200KA1S97,,SBI Retirement Benefit Fund - Aggressive Hybrid Plan - Direct Plan - Growth,20.0338,2026-05-26
148683,INF200KA1S55,,SBI Retirement Benefit Fund - Aggressive Plan - Direct Plan - Growth,20.7594,2026-05-26
148690,INF200KA1T70,,SBI Retirement Benefit Fund - Conservative Hybrid Plan - Direct Plan - Growth,15.8998,2026-05-26
148688,INF200KA1T39,,SBI Retirement Benefit Fund - Conservative Plan - Direct Plan - Growth,14.603,2026-05-26
119256,INF277K01QM5,,Tata Retirement Savings Fund- Conservative Plan-Direct Plan-Growth Option,38.0792,2026-05-26
119255,INF277K01QN3,,Tata Retirement Savings Fund- Moderate Plan -Direct Plan-Growth Option,79.8691,2026-05-26
119251,INF277K01QO1,,Tata Retirement Savings Fund- Progressive Plan -Direct Plan-Growth Option,82.7457,2026-05-26
150554,INF582M01IK5,,Union Retirement Fund - Direct Plan - Growth Option,16.85,2026-05-26
120766,INF789F1AA64,,UTI Retirement Fund- Direct Plan,53.8232,2026-05-26
118691,INF204K01F61,,Nippon India Quarterly Interval Fund - Series II - Direct Plan Growth Plan - Growth,38.4653,2026-05-26
141950,INF761K01DS3,,BANK OF INDIA Mid Cap Tax Fund Series 1 Direct Plan Growth,29.83,2026-05-26
144315,INF761K01EL6,,BANK OF INDIA Midcap Tax Fund Series 2 Direct Plan Growth,34.55,2026-05-26
142134,INF109KC1093,,ICICI Prudential Long Term Wealth Enhancement Fund - Direct Plan Cumulative Option,29.09,2026-05-26
140487,INF200KA1LS9,,SBI Long Term Advantage Fund - Series IV - Direct Plan - Growth,49.0906,2026-05-26
142138,INF200KA1RW8,,SBI Long Term Advantage Fund - Series V - Direct Plan - Growth,31.7413,2026-05-26
143178,INF200KA1TO1,,SBI Long Term Advantage Fund - Series VI - Direct Plan - Growth,30.7485,2026-05-26
139711,INF903JA1443,,Sundaram Long Term Micro Cap Tax Advantage Fund Series III Direct Plan - Growth,36.2596,2026-05-26
139990,INF903JA1526,,Sundaram Long Term Micro Cap Tax Advantage Fund Series IV Direct Plan - Growth,31.3512,2026-05-26
141564,INF903JA1AZ0,,Sundaram Long Term Micro Cap Tax Advantage Fund Series VI Direct Plan - Growth,29.5992,2026-05-26
141141,INF903JA1955,,Sundaram Long Term Micro Cap Tax Advantage Fund Series V Direct Plan - Growth,30.7276,2026-05-26
142153,INF903JA1BT1,,Sundaram Long Term Tax Advantage Fund Series III Direct Plan - Growth,31.5441,2026-05-26
143079,INF903JA1CZ6,,Sundaram Long Term Tax Advantage Fund Series IV Direct Plan - Growth,36.3115,2026-05-26
149017,INF209KB12A2,,Aditya Birla Sun Life Fixed Term Plan - Series TI (1837 days) - Direct Plan - Growth Option,13.4866,2026-05-26
149062,INF209KB16A3,,Aditya Birla Sun Life Fixed Term Plan - Series TJ (1838 days) - Direct Plan - Growth Option,13.5102,2026-05-26
150316,INF209KB14H3,,Aditya Birla Sun Life Fixed Term Plan - Series TQ (1879 days) - Direct Plan - Growth Option,13.0592,2026-05-26
154240,INF846KA1440,,Axis Fixed Maturity Plan - Series 129 (108 Days) - Direct Plan - Growth,10.1812,2026-05-26
154292,INF846KA1481,,Axis Fixed Maturity Plan - Series 130 (92 Days) - Direct Plan - Growth,10.156,2026-05-26
151586,INF846K011Q8,,Axis Fixed Term Plan - Series 113 (1228 Days) - Direct Plan - Growth,12.5637,2026-05-26
146701,INF194KB1777,,BANDHAN Fixed Term Plan Series 179 DIRECT PLAN-GROWTH (3652 days),17.6895,2026-05-26
149190,INF740KA1QH8,,DSP FMP Series - 264 - 60M - 17D - Direct - Growth,13.2262,2026-05-26
150842,INF740KA1YL4,,DSP FMP Series - 267 - 1172 Days - Direct - Growth,12.7063,2026-05-26
150885,INF740KA1RO2,,DSP FMP Series - 268 - 1281 Days - Direct - Growth,12.7673,2026-05-26
151449,INF740KA1YR1,,DSP FMP Series - 270 - 1172 Days - Direct - Growth,12.471,2026-05-26
151565,,,HDFC FMP 1269D March 2023 - Growth Option - Direct Plan,12.5122,2026-05-26
150655,,,HDFC FMP 1359D September - Growth Option - Direct Plan,12.9337,2026-05-26
150547,INF179KC1DC5,,HDFC FMP 1406D August 2022 - Growth Option - Direct Plan,12.9235,2026-05-26
149924,INF179KC1CC7,,HDFC FMP 1861D March 2022 - Growth Option - Direct Plan,13.1304,2026-05-26
150002,INF179KC1CO2,,HDFC FMP 1876D March 2022 - Growth Option - Direct Plan,13.0772,2026-05-26
151470,,,HDFC FMP 2638D February 2023 - Growth Option - Direct Plan,12.9381,2026-05-26
146795,INF109KC1VT6,,ICICI Prudential Fixed Maturity Plan - Series 85 - 10 Years Plan I - Direct Plan Cumulative Option,17.629,2026-05-26
151493,INF109KC14R2,,ICICI Prudential Fixed Maturity Plan - Series 88 - 1303 Days Plan S - Direct Plan - Growth,12.6332,2026-05-26
151286,INF174KA1LP7,,Kotak FMP Series 304-Direct Plan-Growth Option,12.93,2026-05-26
147098,INF204KB17B0,,Nippon India Fixed Maturity Plan XLI - Series 8 - Direct Plan - Growth Option,17.3333,2026-05-26
149130,INF204KC1188,,Nippon India Fixed Maturity Plan - XLIII - Series 1 - Direct Plan - Income Distribution Cum Capital Withdrawal Plan,13.343,2026-05-26
149129,INF204KC1170,,Nippon India Fixed Maturity Plan - XLIII - Series 1- Direct Plan - Growth Option,13.3431,2026-05-26
149917,INF204KC1477,,Nippon India Fixed Maturity Plan-XLIII-Series 5- Direct Plan-Growth Option,13.2279,2026-05-26
150627,INF204KC1634,,Nippon India Fixed Maturity Plan-XLIV-Series 1-Direct Plan-Growth Option,13.1601,2026-05-26
151708,INF204KC1BJ3,,Nippon India Fixed Maturity Plan-XLV-Series 5-Direct Plan-Growth Option,13.0052,2026-05-26
146974,INF200KA1D03,,SBI Fixed Maturity Plan (FMP) - Series 1 (3668 Days) - Direct Plan - Growth,17.3498,2026-05-26
148387,INF200KA1Q73,,SBI Fixed Maturity Plan (FMP) - Series 34 (3682 Days) - Direct Plan - Growth,14.5416,2026-05-26
149043,INF200KA1X41,,SBI Fixed Maturity Plan (FMP) - Series 46 (1850 Days) - Direct Plan - Growth,13.4529,2026-05-26
149147,INF200KA1Z23,,SBI Fixed Maturity Plan (FMP) - Series 49 (1823 Days) - Direct Plan - Growth,13.3397,2026-05-26
149174,INF200KA1Z64,,SBI Fixed Maturity Plan (FMP) - Series 50 (1843 Days) - Direct Plan - Growth,13.2053,2026-05-26
149195,INF200KA10A7,,SBI Fixed Maturity Plan (FMP) - Series 51 (1846 Days) - Direct Plan - Growth,13.1949,2026-05-26
149232,INF200KA14A9,,SBI Fixed Maturity Plan (FMP) - Series 52 (1848 Days) - Direct Plan - Growth,13.1742,2026-05-26
149279,INF200KA18A0,,SBI Fixed Maturity Plan (FMP) - Series 53 (1839 Days) - Direct Plan - Growth,13.1879,2026-05-26
149307,INF200KA12B1,,SBI Fixed Maturity Plan (FMP) - Series 54 (1842 Days) - Direct Plan - Growth,13.1659,2026-05-26
149345,INF200KA16B2,,SBI Fixed Maturity Plan (FMP) - Series 55 (1849 Days) - Direct Plan - Growth,13.1363,2026-05-26
149431,INF200KA14C5,,SBI Fixed Maturity Plan (FMP) - Series 57 (1835 Days) - Direct Plan - Growth,13.0566,2026-05-26
149460,INF200KA18C6,,SBI Fixed Maturity Plan (FMP) - Series 58 (1842 Days) - Direct Plan - Growth,13.1667,2026-05-26
149822,INF200KA19D2,,SBI Fixed Maturity Plan (FMP) - Series 59 (1618 Days) - Direct Plan - Growth,12.944,2026-05-26
147248,INF200KA1F27,,SBI Fixed Maturity Plan (FMP) - Series 6 (3668 Days) - Direct Plan - Growth,16.8782,2026-05-26
149878,INF200KA13E3,,SBI Fixed Maturity Plan (FMP) - Series 60 (1878 Days) - Direct Plan - Growth,13.0654,2026-05-26
149993,INF200KA13F0,,SBI Fixed Maturity Plan (FMP)- Series 61 (1927 Days)- Direct Plan- Growth option,13.0844,2026-05-26
149995,INF200KA14F8,,SBI Fixed Maturity Plan (FMP)- Series 61 (1927 Days)- Direct Plan- Income Distribution Cum Capital withdrawal option,13.0846,2026-05-26
150460,INF200KA15M1,,SBI Fixed Maturity Plan (FMP) - Series 67 (1467 Days) - Direct Plan - Growth,13.0277,2026-05-26
148967,INF200KA1W59,,SBI Fixed Maturity Plan (FMP) - Series 44 (1855 Days) - Direct Plan - Growth,13.4808,2026-05-26
148999,INF200KA1W91,,SBI Fixed Maturity Plan (FMP) Series 45 (1840 Days) - Direct Plan - Growth,13.4634,2026-05-26
151252,INF200KA11U3,,SBI Fixed Maturity Plan (FMP)-Series 74 (1243 Days)- Direct Plan- Growth,12.6563,2026-05-26
151253,INF200KA12U1,,SBI Fixed Maturity Plan (FMP)-Series 74 (1243 Days)- Direct Plan- Income Distribution Cum Capital Withdrawal Payout,12.6563,2026-05-26
151351,INF200KA19U6,,SBI Fixed Maturity Plan (FMP) - Series 76 (1221 Days) - Direct Plan - Growth,12.56,2026-05-26
151350,INF200KA10V3,,SBI Fixed Maturity Plan (FMP) - Series 76 (1221 Days) - Direct Plan - Income Distribution Cum Capital Withdrawal Payout,12.5601,2026-05-26
151639,INF200KA17X4,,SBI Fixed Maturity Plan (FMP)-Series 81 (1157 Days) Direct Plan- Growth,12.4674,2026-05-26
151640,INF200KA18X2,,SBI Fixed Maturity Plan (FMP)-Series 81 (1157 Days) Direct Plan- Income Distribution Cum Capital Withdrawal Payout,12.4675,2026-05-26
151620,INF0GCD01651,,TRUSTMF FIXED MATURITY PLAN -SERIES II (1196 DAYS)-DIRECT PLAN -GROWTH,1289.87,2026-05-26
123646,INF789F01VW8,,UTI Annual Interval Fund - I - Direct Plan - Growth Option,36.4446,2026-05-26
151485,INF789F1AXP7,,UTI Fixed Term Income Fund Series XXXVI - I (1574 Days) - Direct Plan - Growth Option,12.8155,2026-05-26
