scheme_code,isin_growth,isin_div_reinv,scheme_name,nav,date
103490,INF082J01036,,Quantum Value Fund - Direct Plan Growth Option,127.75,2026-08-13
103734,INF082J01127,,Quantum Liquid Fund - Direct Plan Growth Option,37.5566,2026-08-13
111549,INF082J01069,,Quantum ELSS Tax Saver Fund - Direct Plan Growth Option,127.65,2026-08-13
112039,INF082J01093,,Quantum Diversified Equity All Cap Active FOF - Direct Plan Growth Option,87.673,2026-08-13
115132,INF082J01150,,Quantum Gold ETF FOF - Direct Plan Growth Option,58.4623,2026-08-13
117608,INF082J01168,,Quantum Multi Asset Active FOF - Direct Plan Growth Option,37.9631,2026-08-13
118267,INF760K01FO9,,CANARA ROBECO INFRASTRUCTURE FUND - DIRECT PLAN - GROWTH OPTION,194.61,2026-08-13
118269,INF760K01FR2,,CANARA ROBECO LARGE CAP FUND - DIRECT PLAN - GROWTH OPTION,73.39,2026-08-13
118272,INF760K01EZ8,,CANARA ROBECO EQUITY HYBRID FUND - DIRECT PLAN - GROWTH OPTION,428.85,2026-08-13
118273,INF760K01DU1,,CANARA ROBECO CONSUMPTION FUND - DIRECT PLAN - GROWTH OPTION,128.25,2026-08-13
118275,INF760K01EF0,,CANARA ROBECO FLEXICAP FUND - DIRECT PLAN - GROWTH OPTION,396.05,2026-08-13
118278,INF760K01EI4,,CANARA ROBECO LARGE AND MID CAP FUND - DIRECT PLAN - GROWTH OPTION,302.88,2026-08-13
118282,INF760K01FI1,,CANARA ROBECO INCOME FUND - DIRECT PLAN - GROWTH OPTION,65.064,2026-08-13
118284,INF760K01EC7,,CANARA ROBECO DYNAMIC BOND FUND - DIRECT PLAN - GROWTH OPTION,33.4355,2026-08-13
118285,INF760K01EL8,,CANARA ROBECO ELSS TAX SAVER - DIRECT PLAN - GROWTH OPTION,205.67,2026-08-13
118291,INF760K01ET1,,CANARA ROBECO SAVINGS FUND - DIRECT PLAN - GROWTH OPTION,46.5033,2026-08-13
118299,INF760K01FC4,,CANARA ROBECO GILT FUND - DIRECT PLAN - GROWTH OPTION,83.8178,2026-08-13
118305,INF760K01FU6,,CANARA ROBECO LIQUID FUND - DIRECT PLAN - GROWTH OPTION,3387.3618,2026-08-13
118309,INF760K01GB4,,CANARA ROBECO CONSERVATIVE HYBRID FUND - DIRECT PLAN - GROWTH OPTION,116.5301,2026-08-13
118317,INF760K01GM1,,CANARA ROBECO ULTRA SHORT TERM FUND - DIRECT PLAN - GROWTH OPTION,4338.8478,2026-08-13
118320,INF760K01DX5,,CANARA ROBECO SHORT DURATION FUND - DIRECT PLAN - GROWTH OPTION,29.5569,2026-08-13
118364,INF194K01I60,,BANDHAN LIQUID Fund -Direct Plan-Growth,3413.0024,2026-08-13
118371,INF194K01J77,,BANDHAN Low Duration Fund-Direct Plan-Growth,42.3907,2026-08-13
118384,INF194K01M80,,Bandhan Money Market Fund -Direct Plan-Growth,46.9948,2026-08-13
118387,INF194K01P38,,Bandhan Gilt Fund with 10 year constant duration Fund - Direct Plan - Growth,49.717,2026-08-13
118394,INF194K01R51,,Bandhan Medium to Long Duration Fund - Direct Plan - Growth,75.4181,2026-08-13
118401,INF194K01S50,,Bandhan Medium Duration Fund - Direct Plan - Growth,53.4003,2026-08-13
118407,INF194K01U07,,Bandhan Short Duration Fund - Direct Plan - Growth,65.8427,2026-08-13
118410,INF194K01U72,,Bandhan Income Plus Arbitrage Active FOF - Direct Plan - Growth,49.2535,2026-08-13
118416,INF194K01N63,,BANDHAN Dynamic Bond Fund-Direct Plan-Growth,40.5251,2026-08-13
118419,INF194K01V89,,Bandhan Large & Mid Cap Fund - Direct Plan - Growth,167.859,2026-08-13
118421,INF194K01W21,,Bandhan Focused Fund - Direct Plan - Growth,105.953,2026-08-13
118424,INF194K01W62,,BANDHAN Flexi Cap Fund-Direct Plan-Growth,235.289,2026-08-13
118464,INF194K01Q29,,Bandhan Gilt Fund - Direct Plan - Growth,41.2724,2026-08-13
118469,INF194K01X46,,BANDHAN Infrastructure Fund-Direct Plan-Growth,59.093,2026-08-13
118473,INF194K01Y29,,BANDHAN ELSS Tax Saver Fund - Direct Plan - Growth,182.614,2026-08-13
118474,INF194K01Y60,,BANDHAN Arbitrage Fund-Direct Plan- Growth,37.6515,2026-08-13
118477,INF194K01Z02,,BANDHAN Equity Savings Fund-Direct Plan-Growth,36.651,2026-08-13
118479,INF194K01Z44,,BANDHAN Large Cap Fund-Direct Plan-Growth,92.71,2026-08-13
118481,INF194K01Z85,,Bandhan Value Fund - Direct Plan - Growth,171.414,2026-08-13
118482,INF194K012A8,,BANDHAN Nifty 50 Index Fund-Direct Plan-Growth,54.6571,2026-08-13
118485,INF194K012B6,,Bandhan Aggressive Hybrid Passive FOF - Direct Plan - Growth,55.0828,2026-08-13
118486,INF194K016A9,,Bandhan Conservative Hybrid Passive FOF - Direct Plan - Growth,37.7581,2026-08-13
118489,INF194K019A3,,Bandhan Multi-Asset Passive FOF - Direct Plan - Growth,46.0667,2026-08-13
118491,INF194K015B9,,BANDHAN Conservative Hybrid Fund-Direct Plan-Growth,37.6156,2026-08-13
118494,INF090I01GY2,,Templeton India Value Fund - Direct - Growth,789.8209,2026-08-13
118498,INF090I01HS2,,Franklin India Government Securities Fund - Direct - Growth,67.9543,2026-08-13
118506,INF090I01GV8,,Franklin India Money Market Fund - Direct - Growth,55.7509,2026-08-13
118508,INF090I01LK1,,Franklin India Floating Rate Fund - Direct - Growth,47.9918,2026-08-13
118510,INF090I01IN1,,Franklin India Large & Mid Cap Fund - Direct - Growth,216.725,2026-08-13
118525,INF090I01IQ4,,Franklin India Small Cap Fund - Direct - Growth,207.2234,2026-08-13
118531,INF090I01FN7,,Franklin India Large Cap Fund- Direct - Growth,1160.1453,2026-08-13
118533,INF090I01FH9,,Franklin India Mid Cap Fund - Direct - Growth,3276.6229,2026-08-13
118535,INF090I01FK3,,Franklin India Flexi Cap Fund - Direct - Growth,1826.8437,2026-08-13
118537,INF090I01FE6,,Franklin India Technology Fund - Direct - Growth,545.9671,2026-08-13
118539,INF090I01GC8,,Franklin India Opportunities Fund - Direct - Growth,299.3952,2026-08-13
118540,INF090I01JS8,,Franklin India ELSS Tax Saver Fund - Direct - Growth,1631.4888,2026-08-13
118543,INF090I01HV6,,Franklin India Dynamic Asset Allocation Active Fund Of Funds - Direct - Growth,192.3561,2026-08-13
118546,INF090I01FZ1,,Franklin India Aggressive Hybrid Fund - Direct - Growth,313.7926,2026-08-13
118548,INF090I01JZ3,,Franklin India Retirement Fund - Direct - Growth,243.6048,2026-08-13
118551,INF090I01JR0,,Franklin U.S. Opportunities Equity Active Fund of Funds - Direct - Growth,107.2764,2026-08-13
118557,INF090I01JF5,,Franklin Build India Fund - Direct - Growth,168.3898,2026-08-13
118559,INF090I01IZ5,,Franklin Asian Equity Fund - Direct - Growth,50.1319,2026-08-13
118564,INF090I01IW2,,Franklin India Focused Equity Fund - Direct - Growth,116.9585,2026-08-13
118569,INF090I01FW8,,Franklin India Corporate Debt Fund - Direct - GROWTH,116.002,2026-08-13
118574,INF090I01GF1,,Franklin India Conservative Hybrid Fund - Direct - GROWTH,103.1007,2026-08-13
118577,INF090I01JV2,,Franklin India Liquid Fund - Super Institutional - Direct - Growth,4249.9986,2026-08-13
118581,INF090I01GS4,,Franklin India INDEX FUND- NSE NIFTY 50 INDEX FUND- Direct - Growth,208.7678,2026-08-13
118585,INF204K01XZ7,,Nippon India Arbitrage Fund - Direct Plan Growth Plan - Growth Option,30.8239,2026-08-13
118588,INF204K01D22,,Nippon India Banking & Financial Services Fund - Direct Plan Growth Plan - Bonus Option,713.7508,2026-08-13
118589,INF204K01XO1,,Nippon India Banking & Financial Services Fund - Direct Plan Growth Plan - Growth Option,713.7508,2026-08-13
118615,INF754K01BS2,,Edelweiss Balanced Advantage Fund -Direct Plan-Growth Option,61.98,2026-08-13
118617,INF754K01BW4,,Edelweiss Large Cap Fund - Direct Plan-Growth option,98.57,2026-08-13
118620,INF754K01CA8,,Edelweiss ELSS Tax Saver Fund - Direct Plan-Growth Option,142.49,2026-08-13
118624,INF754K01CE0,,Edelweiss Aggressive Hybrid Fund-Direct Plan-Growth Option,77.33,2026-08-13
118632,INF204K01XI3,,Nippon India Large Cap Fund - Direct Plan Growth Plan - Growth Option,102.2233,2026-08-13
118633,INF204K01D30,,Nippon India Large Cap Fund - Direct Plan Growth Plan - Bonus Option,102.2233,2026-08-13
118650,INF204K01XF9,,Nippon India Multi Cap Fund - Direct Plan Growth Plan - Growth Option,340.174,2026-08-13
118651,INF204K01D55,,Nippon India Multi Cap Fund - Direct Plan Growth Plan - Bonus Option,340.174,2026-08-13
118656,INF204K01E05,,Nippon India Floater Fund  - Direct Plan Growth Plan - Growth Option,50.9927,2026-08-13
118663,INF204K01YC4,,Nippon India Gold Savings Fund - Direct Plan Growth Plan - Growth Option,60.4723,2026-08-13
118665,INF204K01E21,,Nippon India Growth Mid Cap Fund - Direct Plan Growth Plan - Bonus Option,844.0195,2026-08-13
118668,INF204K01E54,,Nippon India Growth Mid Cap Fund - Direct Plan Growth Plan - Growth Option,5080.2806,2026-08-13
118669,INF204K01E70,,Nippon India Gilt  Fund - Direct Plan - P F Option - Automatic Capital Appreciation Payout Option,44.7723,2026-08-13
118672,INF204K01XP8,,Nippon India Gilt  Fund - Direct Plan Growth Plan - Growth Option,44.8887,2026-08-13
118673,INF204K01E88,,Nippon India Gilt  Fund - Direct Plan - P F Option - Defined Maturity Date Option,45.01,2026-08-13
118674,,INF204K01E62,Nippon India Gilt Fund - Direct Plan - P F Option - Automatic Annual Reinvest Option,24.2964,2026-08-13
118675,INF204K01E96,,Nippon India Vision Large & Mid Cap Fund - Direct Plan Growth Plan - Bonus Option,281.0355,2026-08-13
118678,INF204K01F20,,Nippon India Vision Large & Mid Cap Fund - Direct Plan Growth Plan - Growth Option,1657.6177,2026-08-13
118679,INF204K01F38,,Nippon India Medium to Long Duration  Fund - Direct Plan Growth Plan-Bonus Option,30.2742,2026-08-13
118687,INF204K01XS2,,Nippon India Medium to Long Duration Fund - Direct Plan Growth Plan - Growth Option,105.9428,2026-08-13
118691,INF204K01F61,,Nippon India Quarterly Interval Fund - Series II - Direct Plan Growth Plan - Growth,38.9772,2026-08-13
118692,INF204K01F95,,Nippon India Focused Fund - Direct Plan Growth Plan - Growth Option,138.4753,2026-08-13
118701,INF204K01ZH0,,Nippon India Liquid Fund - Direct Plan Growth Plan - Growth Option,6920.8616,2026-08-13
118702,INF204K01G03,,Nippon India Low Duration Fund - Direct Plan Growth Plan - Bonus Option,2481.4524,2026-08-13
118709,INF204K01ZU3,,Nippon India Low Duration Fund - Direct Plan Growth Plan - Growth Option,4271.7726,2026-08-13
118715,INF204K01G11,,Nippon India Money Market Fund - Direct Plan Growth Plan - Bonus Option,2659.6307,2026-08-13
118719,INF204K01ZP3,,Nippon India Money Market Fund - Direct Plan Growth Plan - Growth Option,4523.0161,2026-08-13
118722,INF204K01G29,,Nippon India Consumption Fund - Direct Plan Growth Plan - Bonus,227.2463,2026-08-13
118724,INF204K01G52,,Nippon India Consumption Fund - Direct Plan Growth Plan - Growth Option,227.2463,2026-08-13
118726,INF204K01YV4,,Nippon India Conservative Hybrid  Fund - Direct Plan Growth Plan - Growth Option,69.4021,2026-08-13
118736,INF204K01G94,,Nippon India Balanced Advantage Fund - Direct Plan Growth Plan - Growth Option,212.9854,2026-08-13
118741,INF204K01H36,,Nippon India Index Fund - Nifty 50 Plan - Direct Plan Growth Plan - Growth Option,45.0662,2026-08-13
118742,INF204K01H02,,Nippon India Index Fund - Nifty 50 Plan - Direct Plan Growth Plan - Bonus Option,45.0662,2026-08-13
118747,INF204K01A25,,Nippon India Dynamic Bond Fund - Direct Plan Growth Plan - Growth Option,42.6102,2026-08-13
118758,INF204K01I27,,Nippon India Pharma Fund - Direct Plan Growth Plan - Bonus Option,645.92,2026-08-13
118759,INF204K01I50,,Nippon India Pharma Fund - Direct Plan Growth Plan - Growth Option,645.92,2026-08-13
118762,INF204K01I68,,Nippon India Power & Infra Fund - Direct Plan Growth Plan - Bonus Option,423.9159,2026-08-13
118763,INF204K01I92,,Nippon India Power & Infra Fund - Direct Plan Growth Plan - Growth Option,423.9159,2026-08-13
118769,INF204K01J34,,Nippon India Quant Fund - Direct Plan Growth Plan - Growth Option,81.4324,2026-08-13
118770,INF204K01J00,,Nippon India Quant Fund - Direct Plan Growth Plan - Bonus Option,81.4324,2026-08-13
118777,INF204K01J83,,Nippon India Small Cap Fund - Direct Plan Growth Plan - Bonus Option,209.3661,2026-08-13
118778,INF204K01K15,,Nippon India Small Cap Fund - Direct Plan Growth Plan - Growth Option,209.3661,2026-08-13
118780,INF204K01A74,,Nippon India Credit Risk Fund - Direct Plan - Growth Plan,42.2176,2026-08-13
118784,INF204K01K49,,Nippon India Value Fund - Direct Plan Growth Plan,250.905,2026-08-13
118785,INF204K01K56,,Nippon India Index Fund - BSE Sensex Plan - Direct Plan Growth Plan - Bonus Option,42.5023,2026-08-13
118791,INF204K01K80,,Nippon India Index Fund - BSE Sensex Plan - Direct Plan Growth Plan - Growth Option,42.5023,2026-08-13
118794,INF204K01B08,,Nippon India Aggressive Hybrid Fund  - Direct Plan Growth Plan,123.6318,2026-08-13
118796,INF204K01B32,,Nippon India Short Duration Fund - Direct Plan Growth Plan - Growth Option,61.6001,2026-08-13
118803,INF204K01L55,,Nippon India ELSS Tax Saver Fund - Direct Plan Growth Plan - Growth Option,146.7207,2026-08-13
118807,INF204K01D63,,Nippon India Corporate Bond Fund - Direct Plan Growth Plan - Bonus,48.0909,2026-08-13
118814,INF204K01C15,,Nippon India Corporate Bond Fund - Direct Plan Growth Plan - Growth Option,67.359,2026-08-13
118825,INF769K01AX2,,Mirae Asset Large Cap Fund - Direct Plan - Growth,129.919,2026-08-13
118834,INF769K01BI1,,Mirae Asset Large & Midcap Fund - Direct Plan - Growth,181.678,2026-08-13
118837,INF769K01BL5,,Mirae Asset Great Consumer Fund - Direct Plan - Growth,115.557,2026-08-13
118840,INF769K01BO9,,Mirae Asset Low Duration Fund - Direct Plan - Growth,2645.664,2026-08-13
118859,INF769K01CM1,,Mirae Asset Liquid Fund - Direct Plan - Growth,2983.6032,2026-08-13
118866,INF044D01CG6,INF044D01AA3,Taurus ELSS Tax Saver Fund - Direct Plan - Growth,201.22,2026-08-13
118867,INF044D01CH4,INF044D01CI2,Taurus ELSS Tax Saver Fund - Direct Plan - Payout of Income Distribution cum Capital Withdrawal option,92.74,2026-08-13
118868,INF044D01CN2,,Taurus Banking & Financial Services Fund - Direct Plan - Growth,59.76,2026-08-13
118869,INF044D01CO0,INF044D01CP7,Taurus Banking & Financial Services Fund - Direct Plan - Payout of Income Distribution cum Capital Withdrawal option,59.07,2026-08-13
118870,INF044D01BX3,,Taurus Large Cap Fund - Direct Plan - Growth,177.91,2026-08-13
118871,INF044D01BY1,INF044D01BZ8,Taurus Large Cap Fund - Direct Plan - Payout of Income Distribution cum Capital Withdrawal option,78.36,2026-08-13
118872,INF044D01CA9,,Taurus Mid Cap Fund - Direct Plan - Growth,136.17,2026-08-13
118873,INF044D01CB7,INF044D01CC5,Taurus Mid Cap Fund - Direct Plan - Payout of Income Distribution cum Capital Withdrawal option,120.97,2026-08-13
118876,INF044D01CJ0,,Taurus Ethical Fund - Direct Plan - Growth,149.49,2026-08-13
118877,INF044D01CK8,INF044D01CL6,Taurus Ethical Fund - Direct Plan - Payout of Income Distribution cum Capital Withdrawal option,100.35,2026-08-13
118878,INF044D01CM4,,Taurus Ethical Fund-Direct Plan-Bonus Option #,48.99,2026-08-13
118879,INF044D01CD3,,Taurus Infrastructure Fund - Direct Plan - Growth,69.13,2026-08-13
118880,INF044D01CE1,INF044D01CF8,Taurus Infrastructure Fund - Direct Plan - Payout of Income Distribution cum Capital Withdrawal option,64.38,2026-08-13
118881,INF044D01CQ5,,Taurus Nifty 50 Index Fund - Direct Plan - Growth,49.582,2026-08-13
118882,INF044D01CR3,INF044D01CS1,Taurus Nifty 50 Index Fund - Direct Plan - Payout of Income Distribution cum Capital Withdrawal option,46.4031,2026-08-13
118883,INF044D01BU9,,Taurus Flexi Cap Fund - Direct Plan - Growth,247.01,2026-08-13
118884,INF044D01BV7,INF044D01BW5,Taurus Flexi Cap Fund - Direct Plan -  Payout of Income Distribution cum Capital Withdrawal option,124.62,2026-08-13
118924,INF740K01MZ3,,DSP Bond Fund - Direct Plan - Growth,92.7311,2026-08-13
118935,INF179K01VC4,,HDFC Value Fund - Growth Option - Direct Plan,904.532,2026-08-13
118942,INF179K01VF7,,HDFC Low Duration  Fund - Direct Plan - Growth,67.3126,2026-08-13
118950,INF179K01VK7,,HDFC Focused Fund - Growth Option - Direct Plan,270.593,2026-08-13
118955,INF179K01UT0,,HDFC Flexi Cap Fund - Growth Option - Direct Plan,2295.275,2026-08-13
118961,INF179K01VQ4,,HDFC Floating Rate Debt Fund - Direct Plan - Growth Option,54.8331,2026-08-13
118968,INF179K01WA6,,HDFC Balanced Advantage Fund - Growth Plan - Direct Plan,576.561,2026-08-13
118979,INF179K01WQ2,,HDFC Infrastructure Fund - Growth Option - Direct Plan,52.906,2026-08-13
118987,INF179K01XD8,,HDFC Corporate Bond Fund - Growth Option - Direct Plan,35.4004,2026-08-13
118989,INF179K01XQ0,,HDFC Mid Cap Fund - Growth Option - Direct Plan,237.08,2026-08-13
118994,INF740K01NO5,,DSP Regular Savings Fund - Direct Plan - Growth,69.4483,2026-08-13
119016,INF179K01YM7,,HDFC Short Term  Debt Fund - Growth Option - Direct Plan,35.4416,2026-08-13
119018,INF179K01YV8,,HDFC Large Cap Fund - Growth Option - Direct Plan,1247.915,2026-08-13
119019,INF740K01NY4,,DSP Aggressive Hybrid Fund - Direct Plan - Growth,400.154,2026-08-13
119028,INF740K01QA7,,DSP Natural Resources and New Energy Fund - Direct Plan - Growth,122.304,2026-08-13
119053,INF277K01MN2,,Tata Aggressive Hybrid Fund -Direct Plan- Growth Option,506.5189,2026-08-13
119060,INF179K01YS4,,HDFC ELSS Tax saver - Growth Option - Direct Plan,1516.288,2026-08-13
119062,INF179K01XZ1,,HDFC Hybrid Equity Fund - Growth Option - Direct Plan,125.976,2026-08-13
119063,INF179K01WM1,,HDFC Nifty 50 Index Fund - Direct Plan,238.7886,2026-08-13
119065,INF179K01WN9,,HDFC BSE Sensex Index Fund - Direct Plan,747.5794,2026-08-13
119066,INF179KC1IX0,,HDFC Childrens Fund - Direct Plan,328.119,2026-08-13
119069,INF179K01WL3,,HDFC Income Fund - Growth Option - Direct Plan,68.0165,2026-08-13
119071,INF740K01PX1,,DSP Midcap Fund - Direct Plan - Growth,177.298,2026-08-13
119075,INF179K01WB4,,HDFC Dynamic Debt Fund - Growth Option - Direct Plan,104.635,2026-08-13
119076,INF740K01PI2,,DSP Flexi Cap Fund - Direct Plan - Growth,118.243,2026-08-13
119081,INF179K01WI9,,HDFC Medium Term Debt Fund - Growth Option - Direct Plan,66.0617,2026-08-13
119082,INF740K01OS4,,DSP Credit Risk Fund - Direct Plan - Growth,60.7449,2026-08-13
119091,INF179KB1HP9,,HDFC Liquid Fund - Growth Option - Direct Plan,5549.8799,2026-08-13
119092,INF179KB1HU9,,HDFC Money Market Fund - Growth Option - Direct Plan,6271.9745,2026-08-13
119096,INF740K01OB0,,DSP Focused Fund - Direct Plan - Growth,63.435,2026-08-13
119099,INF740K01NF3,,DSP Gilt Fund - Direct Plan - Growth,107.3018,2026-08-13
119106,INF740K01NU2,,DSP Savings Fund - Direct Plan - Growth,58.3451,2026-08-13
119110,INF179KB1HT1,,HDFC Overnight Fund - Growth Option - Direct Plan,4068.4815,2026-08-13
119116,INF179K01VS0,,HDFC Gilt Fund - Growth Option - Direct Plan,61.2484,2026-08-13
119118,INF179K01XE6,,HDFC Hybrid Debt Fund - Growth Option - Direct Plan,90.4689,2026-08-13
119125,INF740K01QL4,,DSP Liquidity Fund - Direct Plan - Growth,4043.2223,2026-08-13
119128,INF179K01XT4,,HDFC Equity Savings Fund - Growth Option - Direct Plan,77.225,2026-08-13
119131,INF179K01XW8,,HDFC Multi-Asset Fund - Growth Option - Direct Plan,85.835,2026-08-13
119132,INF179K01VX0,,HDFC Gold ETF Fund of Fund - Direct Plan,47.3202,2026-08-13
119133,INF666M01600,,Groww Largecap Fund (formerly known as Indiabulls Blue Chip Fund) - Direct Plan - Growth Option,53.04,2026-08-13
119134,INF666M01626,INF666M01618,Groww Largecap Fund (formerly known as Indiabulls Bluechip Fund)- Direct Plan- - Income Distribution cum capital withdrawal Option (Payout & Reinvestment),30.71,2026-08-13
119135,INF666M01451,,Groww Liquid Fund ( formerly known as Indiabulls Liquid )Fund - Direct Plan - Growth Option,2739.9487,2026-08-13
119136,,INF666M01469,Groww Liquid Fund (formerly known as Indiabulls Liquid Fund) - Direct Plan- - Income Distribution cum capital withdrawal Option ( Reinvestment),1002.0907,2026-08-13
119137,INF666M01527,INF666M01477,Groww Liquid Fund (formerly known as Indiabulls Liquid Fund)- Direct Plan- Weekly - Income Distribution cum capital withdrawal Option (Payout & Reinvestment),1002.2932,2026-08-13
119138,INF666M01501,INF666M01485,Groww Liquid Fund (formerly known as Indiabulls Liquid Fund)- Direct Plan- Fortnightly - Income Distribution cum capital withdrawal Option (Payout & Reinvestment),1002.2763,2026-08-13
119139,INF666M01519,INF666M01493,Groww Liquid Fund (formerly known as Indiabulls Liquid Fund)- Direct Plan- Monthly - Income Distribution cum capital withdrawal Option (Payout & Reinvestment),1031.2605,2026-08-13
119160,INF277K01QZ7,,Tata Large Cap Fund -Direct Plan Growth Option,600.0527,2026-08-13
119164,INF959L01GF1,,Navi Liquid Fund-Direct Plan-Growth Option,30.5002,2026-08-13
119172,INF277K01NG4,,Tata Ethical Fund -Direct Plan- Growth Option,432.3103,2026-08-13
119178,INF277K01PY2,,Tata Mid Cap Fund - Direct Plan- Growth Option,541.9333,2026-08-13
119202,INF277K01MK8,,Tata Large & MId Cap Fund -Direct Plan- Growth Option,582.4547,2026-08-13
119205,INF740K01ON5,,DSP Ultra Short Fund - Direct Plan - Growth,3984.7059,2026-08-13
119212,INF740K01QD1,,DSP Small Cap Fund - Direct Plan - Growth,253.93,2026-08-13
119218,INF740K01PL6,,DSP Large & Mid Cap Fund - Direct Plan - Growth,708.31,2026-08-13
119226,INF740K01NJ5,,DSP Short Term Fund - Direct Plan - Growth,54.0906,2026-08-13
119231,INF277K01ND1,,Tata Value Fund -Direct Plan Growth Option,404.0129,2026-08-13
119239,INF740K01QG4,,DSP Strategic Bond Fund - Direct Plan - Growth,3737.6202,2026-08-13
119242,INF740K01OK1,,DSP ELSS Tax Saver Fund - Direct Plan - Growth,157.507,2026-08-13
119243,INF277K01PQ8,,Tata Infrastructure Fund -Direct Plan -Growth Option,200.1478,2026-08-13
119247,INF740K01PU7,,DSP India T.I.G.E.R. Fund - Direct Plan - Growth,401.165,2026-08-13
119250,INF740K01PR3,,DSP Large Cap Fund - Direct Plan - Growth,511.433,2026-08-13
119251,INF277K01QO1,,Tata Retirement Savings Fund- Progressive Plan -Direct Plan-Growth Option,86.5166,2026-08-13
119252,INF740K01OH7,,DSP US Specific Equity Omni FoF - Direct Plan - Growth,104.9832,2026-08-13
119255,INF277K01QN3,,Tata Retirement Savings Fund- Moderate Plan -Direct Plan-Growth Option,83.4516,2026-08-13
119256,INF277K01QM5,,Tata Retirement Savings Fund- Conservative Plan-Direct Plan-Growth Option,39.3799,2026-08-13
119275,INF740K01PC5,,DSP Global Clean Energy Overseas Equity Omni FoF Direct Plan - Growth,31.5342,2026-08-13
119277,INF740K01OZ9,,DSP World Gold Mining Overseas Equity Omni FoF - Direct Plan - Growth,62.4623,2026-08-13
119279,INF740K01PF8,,DSP World Mining Overseas Equity Omni FoF - Direct Plan - Growth,36.0558,2026-08-13
119287,INF277K01PK1,,Tata S&P BSE Sensex Index Fund - Direct Plan,209.224,2026-08-13
119288,INF277K01PJ3,,Tata Nifty 50 Index Fund -Direct Plan,166.0084,2026-08-13
119292,INF582M01633,,Union Flexi Cap Fund - Direct Plan - Growth Option,60.18,2026-08-13
119300,INF761K01629,,BANK OF INDIA Large & Mid Cap Fund Direct Plan- Bonus,56.7,2026-08-13
119303,INF582M01674,,Union Liquid Fund - Direct Plan - Growth Option,2726.3757,2026-08-13
119307,INF582M01765,,Union ELSS Tax Saver Fund - Direct Plan - Growth Option,73.27,2026-08-13
119311,INF582M01799,,Union Dynamic Bond Fund - Direct Plan - Growth Option,25.2818,2026-08-13
119312,INF277K01QW4,,Tata Childrens Fund-Direct Plan-Growth Option,63.3687,2026-08-13
119333,INF955L01971,,Baroda BNP Paribas Banking and Financial Services Fund - Direct - Growth Option,57.3889,2026-08-13
119341,INF955L01AD7,,Baroda BNP Paribas GILT FUND - Direct Plan - Growth Option,48.7849,2026-08-13
119350,INF761K01652,,BANK OF INDIA Large & Mid Cap Fund Direct Plan-Growth,109.82,2026-08-13
119351,INF761K01884,,BANK OF INDIA ELSS Tax Saver -Direct Plan- Growth,196.41,2026-08-13
119354,INF955L01AG0,,Baroda BNP Paribas MULTI CAP FUND - Direct Plan - Growth Option,343.6607,2026-08-13
119364,INF761K01702,,BANK OF INDIA Manufacturing & Infrastructure Fund-Direct Plan-Growth,80.33,2026-08-13
119369,INF761K01785,,BANK OF INDIA Liquid Fund- Direct Plan- Growth,3255.2208,2026-08-13
119379,INF761K01892,,BANK OF INDIA Ultra Short Duration Fund- Direct Plan- Growth,3511.1909,2026-08-13
119382,INF761K01736,,BANK OF INDIA Short Term Income Fund-Direct Plan- Growth,31.0602,2026-08-13
119393,INF761K01819,,BANK OF INDIA Conservative Hybrid Fund Fund-Direct Plan-Growth,38.1697,2026-08-13
119400,INF955L01BD5,,Baroda BNP Paribas Short Duration Fund - Direct Plan - Growth Option,33.8937,2026-08-13
119415,INF955L01AL0,,Baroda BNP Paribas LIQUID FUND - DIRECT PLAN - GROWTH OPTION,3257.1835,2026-08-13
119424,INF277K01PR6,,Tata Money Market Fund- Direct Plan- Growth Option,5180.39,2026-08-13
119436,INF209K01VH8,,Aditya Birla Sun Life Large & Mid Cap Fund - Growth - Direct Plan,1091.77,2026-08-13
119498,INF209K01XK8,,Aditya Birla Sun Life Short Term Fund - Growth - Direct Plan,55.2963,2026-08-13
119501,INF209K01UR9,,Aditya Birla Sun Life Savings Fund - Growth - Direct Plan,600.8293,2026-08-13
119505,INF209K01N82,,Aditya Birla Sun Life Dynamic Bond Fund - Growth - Direct Plan,53.1685,2026-08-13
119511,INF209K01UU3,,Aditya Birla Sun Life Money Manager Fund - Growth - Direct Plan,403.2321,2026-08-13
119514,INF209K01WH6,,Aditya Birla Sun Life Infrastructure Fund - Growth - Direct Plan,121.57,2026-08-13
119517,INF209K01WS3,,Aditya Birla Sun Life International Equity Fund - Growth - Direct Plan,58.3652,2026-08-13
119523,INF209K01XU7,,Aditya Birla Sun Life Low duration Fund - Growth - Direct Plan,781.2916,2026-08-13
119526,INF209K01VP1,,Aditya Birla Sun Life Arbitrage Fund - Growth - Direct Plan,30.784,2026-08-13
119528,INF209K01YY7,,Aditya Birla Sun Life Large Cap Fund - Growth - Direct Plan,587.33,2026-08-13
119533,INF209K01S38,,Aditya Birla Sun Life Corporate Bond Fund - Growth - Direct Plan,122.2944,2026-08-13
119539,INF209K01XA9,,Aditya Birla Sun Life Medium Term Plan - Growth - Direct Plan,48.0772,2026-08-13
119544,INF209K01UN8,,Aditya Birla Sun Life ELSS Tax Saver Fund - Growth - Direct Plan,70.5,2026-08-13
119549,INF903J01NN3,,Sundaram Value Fund Direct Plan - Growth,228.3646,2026-08-13
119550,INF209K01YN0,,Aditya Birla Sun Life Banking & PSU Debt Fund- Direct Plan-Growth,405.0629,2026-08-13
119556,INF209K01WN4,,Aditya Birla Sun Life Small Cap Fund - Growth - Direct Plan,115.5209,2026-08-13
119564,INF209K01WE3,,Aditya Birla Sun Life Focused Fund - Growth - Direct Plan,170.4818,2026-08-13
119566,INF903J01PR9,,Sundaram Large and Midcap Fund Direct Plan - Growth,108.3312,2026-08-13
119568,INF209K01VA3,,Aditya Birla Sun Life Liquid Fund - Growth - Direct Plan,456.7491,2026-08-13
119574,INF200K01QU0,,SBI Arbitrage Opportunities Fund - Direct Plan - Gr,38.5811,2026-08-13
119581,INF903J01MJ3,,Sundaram Mid Cap Fund Direct Plan - Growth,1688.5064,2026-08-13
119589,INF903J01NK9,,Sundaram Small Cap Fund Direct Plan - Growth,333.3627,2026-08-13
119591,INF209K01WC7,,Aditya Birla Sun Life Consumption Fund - Growth - Direct Plan,244.95,2026-08-13
119595,INF903J01NH5,,Sundaram Consumption Fund (Formerly Known as Sundaram Rural and Consumption Fund Direct Plan - Growth),107.9693,2026-08-13
119597,INF903J01NB8,,Sundaram Financial Services Opportunities Fund Direct Plan - Growth,125.468,2026-08-13
119598,INF200K01QX4,,SBI Large Cap FUND-DIRECT PLAN -GROWTH,105.6003,2026-08-13
119605,INF209K01XP7,,Aditya Birla Sun Life Government Securities Fund - Growth - Direct Plan,89.7545,2026-08-13
119609,INF200K01RY0,,SBI EQUITY HYBRID FUND - DIRECT PLAN - Growth,355.8407,2026-08-13
119620,INF209K01Q30,,Aditya Birla Sun Life Midcap Fund - Growth - Direct Plan,972.98,2026-08-13
119621,INF903J01NR4,,Sundaram Corporate Bond Fund Direct Plan - Growth,44.1806,2026-08-13
119625,INF903J01PA5,,Sundaram Banking & PSU Fund (Formerly Known as Sundaram Banking and PSU Debt Fund) Direct Plan - Growth,46.5089,2026-08-13
119635,INF903J01OP6,,Sundaram Conservative Hybrid Fund (Formerly Known as Sundaram Debt Oriented Hybrid Fund) Direct Plan - Growth,32.9641,2026-08-13
119646,INF209K01VT3,,Aditya Birla Sun Life MNC Fund - Growth - Direct Plan,1511.94,2026-08-13
119648,INF209K01VY3,,Aditya Birla Sun Life Nifty 50 Index Fund - Growth - Direct Plan,254.9085,2026-08-13
119657,INF209K01WY1,,Aditya Birla Sun Life Income Fund - Growth - Direct Plan,141.9191,2026-08-13
119659,INF209K01WQ7,,Aditya Birla Sun Life Value Fund - Growth - Direct Plan,157.1271,2026-08-13
119671,INF200K01RD4,,SBI Dynamic Bond Fund - DIRECT PLAN - Growth,41.4753,2026-08-13
119675,INF903J01PO6,,Sundaram Medium Duration Fund (Formerly Known as Sundaram Medium Term Bond Fund) Direct Plan - Growth,81.0363,2026-08-13
119700,INF200K01RS2,,SBI INFRASTRUCTURE FUND -  DIRECT PLAN - GROWTH,55.9641,2026-08-13
119705,INF200K01SB6,,SBI COMMA Fund - DIRECT PLAN - Growth,128.3415,2026-08-13
119707,INF200K01SH3,,SBI GILT FUND - DIRECT PLAN - GROWTH,73.1497,2026-08-13
119709,INF200K01SE0,,SBI ESG Exclusionary Strategy Fund - Direct Plan -Growth,267.9213,2026-08-13
119711,INF200K01SN1,,SBI MNC FUND - DIRECT PLAN -GROWTH,463.1209,2026-08-13
119712,INF200K01SO9,,SBI Medium to Long Duration Fund-DIRECT PLAN - Bonus,48.926,2026-08-13
119714,INF200K01SR2,,SBI Medium to Long Duration Fund-DIRECT PLAN -Growth,80.6841,2026-08-13
119716,INF200K01TP4,,SBI MIDCAP FUND - DIRECT PLAN - GROWTH,276.5926,2026-08-13
119718,INF200K01UG1,,SBI Flexicap Fund - DIRECT PLAN - Growth Option,123.644,2026-08-13
119719,INF200K01QR6,,SBI Children's Fund - Savings Plan - DIRECT PLAN - GROWTH,131.0947,2026-08-13
119721,INF200K01UJ5,,SBI LARGE & MIDCAP FUND -DIRECT PLAN -Growth,725.029,2026-08-13
119723,INF200K01UM9,,SBI ELSS Tax Saver FUND - DIRECT PLAN -GROWTH,475.5081,2026-08-13
119727,INF200K01RJ1,,SBI FOCUSED FUND - DIRECT PLAN -GROWTH,454.1854,2026-08-13
119732,INF200K01UY4,,SBI PSU Fund - DIRECT PLAN - GROWTH,38.7707,2026-08-13
119735,INF174K01JC0,,Kotak Bond Fund - Growth - Direct,91.5142,2026-08-13
119739,INF174K01JI7,,Kotak Bond Short Term Plan-(Growth) - Direct,61.3845,2026-08-13
119740,INF174K01MG5,,Kotak Credit Risk Fund - Direct Plan - Standard Income Distribution cum capital withdrawal option,27.2587,2026-08-13
119741,INF174K01LZ7,,Kotak Credit Risk Fund - Growth - Direct,36.2919,2026-08-13
119746,INF174K01MW2,,Kotak Money Market Fund - (Growth) - Direct,4876.4754,2026-08-13
119747,INF174K019O8,INF174K01MX0,Kotak Money Market Fund - (Monthly Payout of Income Distribution cum capital withdrawal option) - Direct,1296.9058,2026-08-13
119750,INF174K01JP2,,Kotak Savings Fund-Growth - Direct,48.2471,2026-08-13
119751,INF174K01JQ0,,Kotak Savings Fund-Monthly Payout of Income Distribution cum capital withdrawal option - Direct,20.8022,2026-08-13
119753,INF174K01JX6,,Kotak Dynamic Bond Fund - Direct Plan - Standard Income Distribution cum capital withdrawal option,15.3961,2026-08-13
119755,INF174K01JU2,,Kotak Dynamic Bond Fund - Growth - Direct,43.8691,2026-08-13
119757,INF174K01KM7,,Kotak Gilt-Investment  Provident Fund and Trust-Growth - Direct,115.4176,2026-08-13
119758,INF174K01KF1,,Kotak Gilt-Investment Regular-Payout of Income Distribution cum capital withdrawal option - Direct,24.7969,2026-08-13
119759,INF174K01KE4,,Kotak Gilt-Investment Regular-Growth - Direct,112.6867,2026-08-13
119764,,INF174K01NH1,Kotak Liquid Fund - Direct Plan - Daily Reinvestment of Income Distribution cum capital withdrawal option,1222.81,2026-08-13
119766,INF174K01NE8,,Kotak Liquid Fund - Direct Plan - Growth,5710.5107,2026-08-13
119769,INF174K01KZ9,,Kotak Contra Fund - Direct Plan - Growth,186.395,2026-08-13
119771,INF174K01LC6,,Kotak Arbitrage Fund - Direct Plan - Growth,43.0495,2026-08-13
119772,INF174K01LJ1,,Kotak ELSS Tax Saver Fund-Payout of Income Distribution cum capital withdrawal option - Direct,58.972,2026-08-13
119773,INF174K01LI3,,Kotak ELSS Tax Saver Fund-Growth - Direct,140.781,2026-08-13
119775,INF174K01LT0,,Kotak Midcap Fund - Direct Plan - Growth,172.865,2026-08-13
119776,INF174K01LO1,INF174K01LP8,Kotak Multi Asset Omni FOF - Direct Payout of Income Distribution cum capital withdrawal option,279.75,2026-08-13
119777,INF174K01LN3,,Kotak Multi Asset Omni FOF - Direct Growth - Direct,284.875,2026-08-13
119778,INF174K01LX2,INF174K01LY0,Kotak Global Emerging Market Overseas Equity Omni FOF - Payout of Income Distribution cum capital withdrawal option - Direct,43.126,2026-08-13
119779,INF174K01LW4,,Kotak Global Emerging Market overseas Equity Omni FOF - Growth - Direct,42.945,2026-08-13
119780,INF174K01MQ4,INF174K01MR2,Kotak Gold Fund Payout of Income Distribution cum capital withdrawal option- Direct,61.3928,2026-08-13
119781,INF174K01MP6,,Kotak Gold Fund Growth - Direct,61.3933,2026-08-13
119783,INF200K01UP2,,SBI HEALTHCARE OPPORTUNITIES FUND - DIRECT PLAN -GROWTH,601.4736,2026-08-13
119788,INF200K01RP8,,SBI GOLD FUND- DIRECT PLAN - GROWTH,46.3806,2026-08-13
119798,INF200K01SV4,,SBI CREDIT RISK FUND - DIRECT PLAN -GROWTH,54.019,2026-08-13
119800,INF200K01UT4,,SBI Liquid Fund - DIRECT PLAN -Growth,4418.6188,2026-08-13
119812,INF200K01VM7,,SBI LOW DURATION FUND - DIRECT PLAN - GROWTH,3892.345,2026-08-13
119816,INF200K01VE4,,SBI SHORT TERM DEBT FUND - DIRECT PLAN -GROWTH,36.4972,2026-08-13
119821,INF200K01SZ5,,SBI  SAVINGS FUND - DIRECT PLAN - GROWTH,47.7733,2026-08-13
119824,INF200K01VB0,,SBI MEDIUM DURATION FUND - DIRECT PLAN - GROWTH,59.7338,2026-08-13
119827,INF200K01TE8,,SBI NIFTY INDEX FUND - DIRECT PLAN - GROWTH,228.2728,2026-08-13
119828,INF200K01TF5,,SBI ULTRA SHORT DURATION FUND - DIRECT PLAN - GROWTH,6524.7975,2026-08-13
119833,INF200K01TK5,,SBI OVERNIGHT FUND - DIRECT PLAN - GROWTH,4462.535,2026-08-13
119835,INF200K01RA0,,SBI CONTRA FUND - DIRECT PLAN - GROWTH,420.3398,2026-08-13
119839,INF200K01TS8,,SBI Conservative Hybrid Fund - Direct Plan - Growth,84.6918,2026-08-13
119843,INF200K01TZ3,,SBI MULTI ASSET ALLOCATION FUND - DIRECT PLAN - GROWTH,75.5897,2026-08-13
119861,INF277K01YE6,,Tata Liquid Fund- Direct Plan-Growth Option,4461.7881,2026-08-13
119863,INF277K01OK4,,Tata Treasury Advantage Fund - Direct Plan - Growth Option,4344.5972,2026-08-13
119949,INF277K01QR4,,Tata Short Term Bond Fund - Direct Plan - Growth Option,56.4886,2026-08-13
119953,INF277K01OX7,,Tata Gilt Securities Fund- Direct Plan - Growth Option,92.0846,2026-08-13
120030,INF336L01CM7,,HSBC Large Cap Fund - Direct Growth,544.7499,2026-08-13
120035,INF336L01BY4,,HSBC Brazil Fund - Growth Direct,10.688,2026-08-13
120038,INF336L01CC8,,HSBC Liquid Fund -  Growth Direct,2815.9888,2026-08-13
120043,INF336L01CJ3,,HSBC Global Emerging Market Fund - Growth Direct,37.9212,2026-08-13
120046,INF336L01DH5,,HSBC Flexi Cap Fund - Direct Growth,265.8571,2026-08-13
120059,INF336L01DE2,,HSBC Medium to Long Duration Fund - Direct Growth,49.2442,2026-08-13
120073,INF336L01DW4,,HSBC Conservative Hybrid Fund - Direct Growth,72.4119,2026-08-13
120084,INF663L01AD7,,PGIM India Dynamic Bond Fund - Direct Plan-Growth Option,3132.6204,2026-08-13
120137,INF200K01SK7,,SBI CONSTANT MATURITY 10 YEAR GILT FUND - DIRECT PLAN - GROWTH,69.9874,2026-08-13
120152,INF174K01KW6,,Kotak Large Cap  Fund - Growth - Direct,669.671,2026-08-13
120153,INF174K01KY2,INF174K01KX4,Kotak Large Cap Fund - Payout of Income Distribution cum capital withdrawal option - Direct,88.566,2026-08-13
120154,INF174K01JZ1,,Kotak Debt Hybrid - Growth - Direct,70.5903,2026-08-13
120155,INF174K01KA2,INF174K01KB0,Kotak Debt Hybrid - Monthly Payout of Income Distribution cum capital withdrawal option - Direct,13.5142,2026-08-13
120158,INF174K01LF9,,Kotak Large & Midcap Fund - Direct- Growth,415.265,2026-08-13
120163,INF174K01KU0,INF174K01KV8,Kotak-Small Cap Fund - Payout of Income Distribution cum capital withdrawal option - Direct,144.102,2026-08-13
120164,INF174K01KT2,,Kotak-Small Cap Fund - Growth - Direct,328.078,2026-08-13
120165,INF174K01LQ6,INF174K01LR4,Kotak Flexicap Fund - Payout of Income Distribution cum capital withdrawal option- Direct,60.158,2026-08-13
120166,INF174K01LS2,,Kotak Flexicap Fund - Growth - Direct,98.505,2026-08-13
120186,INF109K01Z71,,ICICI Prudential US Bluechip Equity Fund - Direct Plan -  Growth,92.64,2026-08-13
120197,INF109K01Q49,,ICICI Prudential Liquid Fund - Direct Plan - Growth,418.2579,2026-08-13
120211,INF109K01R14,,ICICI Prudential Money Market Fund Option - Direct Plan -  Growth,413.073,2026-08-13
120242,INF109K01W58,,ICICI Prudential Multi Sector Passive FOF - Direct Plan - Growth,179.5937,2026-08-13
120244,INF109K013J1,,ICICI Prudential Banking and Financial Services Fund - Direct Plan -  Growth,148.48,2026-08-13
120249,INF767K01DN1,,LIC MF Liquid Fund-Direct Plan-Growth,5131.1521,2026-08-13
120251,INF109K01Y07,,ICICI Prudential Equity & Debt Fund - Direct Plan - Growth,458.6,2026-08-13
120256,INF109K010A6,,ICICI Prudential Banking and PSU Debt Fund - Direct Plan -  Growth,36.5652,2026-08-13
120261,INF767K01ED0,,LIC MF Aggressive Hybrid Fund-Direct Plan-Growth,234.4777,2026-08-13
120264,INF767K01EG3,,LIC MF Flexi Cap Fund-Direct Plan-Growth,121.8438,2026-08-13
120267,INF767K01EJ7,,LIC MF Large Cap Fund-Direct Plan-Growth,62.8257,2026-08-13
120270,INF767K01EM1,,LIC MF ELSS Tax Saver-Direct Plan-Growth,173.5279,2026-08-13
120276,INF767K01EO7,,LIC MF Conservative Hybrid Fund-Direct Plan-Growth,95.4648,2026-08-13
120279,INF767K01EW0,,LIC MF Medium to Long Duration Fund-Direct Plan-Growth,82.6249,2026-08-13
120282,INF767K01EZ3,,LIC MF Gilt Fund-Direct Plan-Growth,67.5823,2026-08-13
120285,INF767K01FB1,,LIC MF Children's Fund-Direct Plan-Growth,39.5735,2026-08-13
120299,INF789F01XV6,,UTI MMF - Direct Plan - Growth Option,3356.8413,2026-08-13
120304,INF789F1AD46,,UTI Liquid Fund - Direct Plan - Growth Option,463.4488,2026-08-13
120307,INF767K01FF2,,LIC MF Nifty 50 Index Fund-Direct Plan-Growth,146.2393,2026-08-13
120308,INF767K01FJ4,,LIC MF BSE Sensex Index Fund-Direct Plan-Growth,157.5934,2026-08-13
120313,INF109K01W82,,ICICI Prudential Income plus Arbitrage Omni FOF - Direct Plan - Growth,72.0452,2026-08-13
120315,INF767K01FM8,,LIC MF Low Duration Fund-Direct Plan-Growth,46.0968,2026-08-13
120323,INF109K012K1,,ICICI Prudential Value Fund (erstwhile Value Discovery Fund) - Direct Plan - Growth,515.78,2026-08-13
120333,INF205K01LN5,,Invesco India Balanced Advantage Fund - Direct Plan - Growth,63.86,2026-08-13
120334,INF109K015K4,,ICICI Prudential Multi-Asset Fund - Direct Plan - Growth,913.089,2026-08-13
120338,INF767K01GI4,,LIC MF Banking & PSU Fund-Direct Plan-Growth,40.0532,2026-08-13
120348,INF205K01LE4,,Invesco India Contra Fund - Direct Plan - Growth,163.09,2026-08-13
120351,INF767K01GW5,,LIC MF Infrastructure Fund-Direct Plan-Growth,64.6205,2026-08-13
120357,INF205K01MA0,,Invesco India Large & Mid Cap Fund - Direct Plan - Growth,133.75,2026-08-13
120364,INF109K016O4,,ICICI Prudential Arbitrage Fund - Direct Plan - Growth,39.5017,2026-08-13
120377,INF109K012B0,,ICICI Prudential Balanced Advantage Fund - Direct Plan -  Growth,90.05,2026-08-13
120381,INF109K011N7,,ICICI Prudential MidCap Fund - Direct Plan -  Growth,393.47,2026-08-13
120385,INF205K01KY4,,Invesco India Financial Services Fund - Direct Plan - Growth,179.05,2026-08-13
120389,INF846K01CX4,,Axis Liquid Fund - Direct Plan - Growth Option,3145.4135,2026-08-13
120392,INF205K01LB0,,Invesco India Largecap Fund - Direct Plan - Growth,89.49,2026-08-13
120395,INF205K01NG5,,Invesco India PSU Equity Fund - Direct Plan - Growth,80.08,2026-08-13
120398,INF109K01O82,,ICICI Prudential Savings Fund - Direct Plan - Growth,593.3717,2026-08-13
120401,INF205K01KR8,,Invesco India Arbitrage Fund - Direct Plan - Growth Option,37.1171,2026-08-13
120403,INF205K01MV6,,Invesco India Midcap Fund - Direct Plan - Growth Option,243.67,2026-08-13
120405,INF205K01MD4,,Invesco India Infrastructure Fund - Direct Plan - Growth Option,84.4,2026-08-13
120406,INF192K01CM6,,JM Liquid Fund (Direct) - Growth Option,77.1018,2026-08-13
120413,INF205K01MS2,,Invesco India Multicap Fund - Direct Plan - Growth Option,160.63,2026-08-13
120416,INF205K01NT8,,Invesco India ELSS Tax Saver Fund - Direct Plan - Growth,152.44,2026-08-13
120425,INF109K01P57,,ICICI Prudential Floating Interest Fund - Direct Plan - Growth,501.5354,2026-08-13
120430,INF192K01CW5,,JM Medium to Long Duration Fund (Direct) - Growth Option,72.6647,2026-08-13
120435,INF192K01DD3,,JM Dynamic Bond Fund - (Direct) - Growth Option,46.6157,2026-08-13
120438,INF846K01CR6,,Axis Banking & PSU Debt Fund - Direct Plan - Growth Option,2901.0571,2026-08-13
120444,INF205K01KT4,,Invesco India Banking and PSU Fund - Direct Plan -  Growth Option,2586.5466,2026-08-13
120447,INF846K01DD4,,Axis Gilt Fund - Direct Plan - Growth Option,28.7653,2026-08-13
120451,INF846K01DI3,,Axis Dynamic Bond Fund - Direct Plan - Growth Option,34.9137,2026-08-13
120465,INF846K01DP8,,Axis Large Cap Fund - Direct Plan - Growth,70.99,2026-08-13
120468,INF846K01CQ8,,Axis Focused Fund - Direct Plan - Growth Option,66.63,2026-08-13
120473,INF846K01DS2,,Axis Gold Fund - Direct Plan - Growth option,47.825,2026-08-13
120475,INF846K01DT0,,Axis Strategic Bond Fund - Direct Plan - Growth Option,33.3895,2026-08-13
120478,INF846K01EB6,INF846K01EC4,Axis Conservative Hybrid Fund - Direct Plan - Half Yearly,13.5691,2026-08-13
120479,INF846K01ED2,INF846K01EE0,Axis Conservative Hybrid Fund - Direct Plan - Quarterly,12.9305,2026-08-13
120480,INF846K01EA8,,Axis Conservative Hybrid Fund - Direct Plan - Growth Option,36.4529,2026-08-13
120482,INF192K01BN6,,JM Arbitrage Fund (Direct) - Growth Option,37.2242,2026-08-13
120484,INF192K01BQ9,,JM Aggressive Hybrid Fund (Direct) - Growth Option,141.8794,2026-08-13
120486,INF192K01BT3,,JM Value Fund (Direct) - Growth Option,110.8899,2026-08-13
120488,INF192K01BW7,,JM Focused Fund (Direct)  - Growth Option,24.8292,2026-08-13
120490,INF192K01BZ0,,JM Large Cap Fund (Direct) - Growth Option,182.3822,2026-08-13
120492,INF192K01CC7,,JM Flexicap Fund (Direct) - Growth Option,117.3687,2026-08-13
120494,INF192K01CE3,,JM ELSS Tax Saver Fund (Direct) - Growth Option,61.5516,2026-08-13
120497,INF205K01RF8,,Invesco India Corporate Bond Fund - Direct Plan - Growth,3635.8702,2026-08-13
120503,INF846K01EW2,,Axis ELSS Tax Saver Fund - Direct Plan - Growth Option,112.6937,2026-08-13
120505,INF846K01EH3,,Axis Midcap Fund - Direct Plan - Growth,144.44,2026-08-13
120507,INF205K01RY9,,Invesco India Money Market Fund - Direct Plan - Growth,3386.4647,2026-08-13
120510,INF846K01EI1,,Axis Short Duration Fund - Direct Plan - Growth Option,36.2825,2026-08-13
120513,INF846K01EN1,,Axis Treasury Advantage Fund - Direct Plan - Growth Option,3488.8914,2026-08-13
120517,INF209K01ZC0,,Aditya Birla Sun Life Equity Hybrid'95 Fund - Direct Plan-Growth,1773.6,2026-08-13
120520,INF205K01SN0,,Invesco India Gilt Fund - Direct  Plan - Growth,3283.7181,2026-08-13
120524,INF846K01EV4,,Axis Multi Asset Allocation Fund - Direct Plan - Growth Option,53.6571,2026-08-13
120531,INF205K01NJ9,,Invesco India Gold ETF Fund of Fund - Direct Plan - Growth,44.0665,2026-08-13
120537,INF205K01MF9,,Invesco India Liquid Fund - Direct Plan - Growth,3879.2135,2026-08-13
120539,INF209K01VF2,,Aditya Birla Sun Life Digital India Fund - Growth - Direct Plan,182.88,2026-08-13
120541,INF205K01TH0,,Invesco India Ultra Short Duration Fund - Direct Plan - Growth,3097.6574,2026-08-13
120546,INF209K01YU5,,Aditya Birla Sun Life Gold Fund - Growth - Direct Plan,45.7983,2026-08-13
120560,INF205K01UH8,,Invesco India Short Duration Fund - Direct Plan - Growth,4209.0286,2026-08-13
120564,INF209K01XX1,,Aditya Birla Sun Life Flexi Cap Fund - Growth - Direct Plan,2233.44,2026-08-13
120570,INF205K01NY8,,Invesco India Low Duration Fund - Direct Plan - Growth,4226.0586,2026-08-13
120575,INF200K01RM5,,SBI CONSUMPTION OPPORTUNITIES FUND - DIRECT PLAN - GROWTH,338.9626,2026-08-13
120578,INF200K01RV6,,SBI TECHNOLOGY OPPORTUNITIES FUND - DIRECT PLAN - GROWTH,238.1328,2026-08-13
120579,INF109K01Y49,,ICICI Prudential Children's Fund - Direct Plan,368.31,2026-08-13
120586,INF109K016L0,,ICICI Prudential Large Cap Fund (erstwhile Bluechip Fund) - Direct Plan - Growth,121.43,2026-08-13
120587,INF109K01Z14,,ICICI Prudential FMCG Fund - Direct Plan -  Growth,462.14,2026-08-13
120590,INF109K018C5,,ICICI Prudential Gilt Fund - Direct Plan - Growth,118.331,2026-08-13
120591,INF109K015M0,,ICICI Prudential Smallcap Fund - Direct Plan - Growth,104.18,2026-08-13
120592,INF109K01Y31,,ICICI Prudential ELSS Tax Saver Fund - Direct Plan - Growth,1060.87,2026-08-13
120594,INF109K01Z48,,ICICI Prudential Technology Fund - Direct Plan -  Growth,208.45,2026-08-13
120596,INF109K011O5,,ICICI Prudential Large & Mid Cap Fund - Direct Plan - Growth,1202.4,2026-08-13
120599,INF109K014O9,,ICICI Prudential Multicap Fund - Direct Plan -  Growth,983.8,2026-08-13
120603,INF109K016E5,,ICICI Prudential All Seasons Bond Fund - Direct Plan - Growth,42.8415,2026-08-13
120616,INF109K01S39,,ICICI Prudential Regular Savings Fund - Direct Plan - Growth,88.2585,2026-08-13
120619,INF109K01V83,,ICICI Prudential Bond Fund - Direct Plan - Growth,45.2641,2026-08-13
120620,INF109K012M7,,ICICI Prudential Nifty 50 Index Fund - Direct Plan Cumulative Option,258.2177,2026-08-13
120621,INF109K018M4,,ICICI Prudential Infrastructure Fund - Direct Plan -  Growth,224.27,2026-08-13
120656,INF789F01US8,,UTI Large Cap Fund - Direct Plan - Growth Option,297.3392,2026-08-13
120662,INF789F01TC4,,UTI - Flexi Cap Fund-Growth Option - Direct,360.545,2026-08-13
120665,INF789F01UG3,,UTI Large & Mid Cap Fund - Direct Plan - Growth Option,203.6997,2026-08-13
120670,INF109K015A5,,ICICI Prudential Medium Term Bond Fund - Direct Plan - Growth,53.8627,2026-08-13
120674,INF789F01SK9,,UTI Aggressive Hybrid Fund -Direct Plan - Growth,447.9247,2026-08-13
120676,INF109K01T04,,ICICI Prudential Ultra Short Term Fund - Direct Plan -  Growth,32.2498,2026-08-13
120679,INF109K01X16,,ICICI Prudential Dynamic Asset Allocation Active FOF - Direct Plan - Growth,141.1482,2026-08-13
120682,INF789F01UD0,,UTI - MNC Fund - Growth Option - Direct,463.6925,2026-08-13
120684,INF109K01Y80,,ICICI Prudential Nifty Next 50 Index Fund - Direct Plan -  Growth,69.5262,2026-08-13
120685,INF109K01U92,,ICICI Prudential Gold ETF FOF - Direct Plan - Growth,48.4954,2026-08-13
120688,INF109K01W25,,ICICI Prudential Exports & Services Fund - Direct Plan - Growth,189.5,2026-08-13
120689,INF789F01SQ6,,UTI Medium to Long Duration Fund-Growth - Direct,83.7615,2026-08-13
120692,INF109K016B1,,ICICI Prudential Corporate Bond Fund - Direct Plan - Growth,33.6164,2026-08-13
120700,INF109K01X40,,ICICI Prudential Aggressive Hybrid Active FOF - Direct Plan - Growth,248.8532,2026-08-13
120702,INF109K01X73,,ICICI Prudential Diversified Debt Strategy Active FOF  - Direct Plan - Growth,50.1042,2026-08-13
120705,INF209K01XH4,,Aditya Birla Sun Life Regular Savings Fund - Growth / Payment - Direct Plan,79.7263,2026-08-13
120711,INF109K01V00,,ICICI Prudential Credit Risk Fund - Direct Plan - Growth,38.6631,2026-08-13
120715,INF789F01TF7,,UTI ELSS Tax Saver Fund - Direct Plan - Growth Option,231.6754,2026-08-13
120716,INF789F01XA0,,UTI Nifty 50 Index Fund - Growth Option- Direct,171.7931,2026-08-13
120718,INF789F01XY0,,UTI Short Duration Fund - Direct Plan - Growth Option,36.0868,2026-08-13
120722,INF109K018N2,,ICICI Prudential Focused Equity Fund - Direct Plan - Growth,111.8,2026-08-13
120724,INF789F1AZV0,,UTI Children's Equity Fund - Direct Plan - Growth Option,92.7124,2026-08-13
120726,INF789F01UA6,,UTI Mid Cap Fund-Growth Option- Direct,361.9236,2026-08-13
120728,INF789F01TU6,,UTI Infrastructure Fund-Growth Option- Direct,154.2979,2026-08-13
120731,INF789F01SH5,,UTI-Transportation and Logistics  Fund-Growth Option- Direct,356.96,2026-08-13
120733,INF789F01SN3,,UTI Banking and Financial Services Fund - Direct Plan - Growth Option,227.9276,2026-08-13
120735,INF789F01XI3,,UTI Low Duration Fund - Direct Plan - Growth Option,3869.8087,2026-08-13
120743,INF109K017L8,,ICICI Prudential Long Term Bond Fund - Direct Plan - Growth,102.7608,2026-08-13
120746,INF789F01TI1,,UTI Ultra Short Duration Fund - Direct Plan - Growth Option,4890.2961,2026-08-13
120751,INF789F01VB2,,UTI Value Fund - Direct Plan - Growth Option,185.4699,2026-08-13
120754,INF109K013N3,,ICICI Prudential Short Term Fund - Direct Plan - Growth Option,70.8092,2026-08-13
120760,INF789F01VE6,,UTI Multi Asset Allocation Fund - Direct Plan - Growth Option,90.3613,2026-08-13
120762,INF789F01XD4,,UTI Dynamic Bond Fund - Direct Plan - Growth Option,35.7073,2026-08-13
120764,INF789F01YB6,,UTI Credit Risk Fund - Direct Plan - Growth Option,20.838,2026-08-13
120766,INF789F1AA64,,UTI Retirement Fund- Direct Plan,55.5706,2026-08-13
120771,INF789F1AZR8,,UTI Children's Hybrid Fund - Direct Plan,41.9407,2026-08-13
120779,INF789F01UJ7,,UTI Conservative Hybrid Fund - Direct Plan - Growth Option,77.777,2026-08-13
120780,INF789F01VF3,,UTI India Consumer Fund - Direct Plan - Growth Option,65.4211,2026-08-13
120782,INF789F01TO9,,UTI Healthcare Fund - Direct Plan - Growth Option,388.909,2026-08-13
120784,,,UTI - Unit Linked Insurance Plan- Direct,47.5038,2026-08-13
120785,INF789FB1S71,,UTI - Overnight Fund - Direct Plan - Growth Option,3757.1243,2026-08-13
120790,INF789F01UM1,,UTI Conservative Hybrid Fund - Direct Plan - Monthly Payment Option,76.5094,2026-08-13
120792,INF789F01TL5,,UTI - GILT FUND - Direct Plan - Growth Option,68.7735,2026-08-13
120795,INF789FB1RG6,,UTI Arbitrage Fund - Direct Plan - Growth Option,40.04,2026-08-13
120819,INF966L01556,,quant Aggressive Hybrid Fund-Growth Option-Direct Plan,518.257,2026-08-13
120821,INF966L01580,,quant Multi Asset Allocation Fund-GROWTH OPTION-Direct Plan,183.982,2026-08-13
120823,INF966L01614,,quant Multi Cap Fund-GROWTH OPTION-Direct Plan,730.6096,2026-08-13
120826,INF966L01648,,quant Large & Mid Cap Fund - Growth Option-Direct Plan,140.2438,2026-08-13
120828,INF966L01689,,quant Small Cap Fund - Growth Option - Direct Plan,314.2098,2026-08-13
120833,INF966L01721,,quant Infrastructure Fund - Growth Option-Direct Plan,46.042,2026-08-13
120834,INF966L01853,,quant Focused Fund - Growth Option-Direct Plan,105.5073,2026-08-13
120837,INF966L01820,,quant Liquid Fund - Growth Option - Direct Plan,45.2648,2026-08-13
120841,INF966L01887,,quant Mid Cap Fund - Growth Option - Direct Plan,252.7377,2026-08-13
120843,INF966L01911,,quant Flexi Cap Fund - Growth Option-Direct Plan,123.4511,2026-08-13
120847,INF966L01986,,quant ELSS Tax Saver Fund - Growth Option - Direct Plan,466.5347,2026-08-13
121279,INF194K015G8,,Bandhan Banking and PSU Fund - Direct Growth,27.1368,2026-08-13
122389,INF247L01189,,Motilal Oswal Focused Fund - Direct Plan Growth Option,62.7141,2026-08-13
122639,INF879O01027,,Parag Parikh Flexi Cap Fund - Direct Plan - Growth,91.7971,2026-08-13
122646,INF209K01UX7,,Aditya Birla Sun Life Floating Rate Fund-Direct Plan-Growth,383.9735,2026-08-13
122715,INF579M01266,,360 ONE Dynamic Bond Fund Direct Plan Growth,25.754,2026-08-13
123646,INF789F01VW8,,UTI Annual Interval Fund - I - Direct Plan - Growth Option,36.8387,2026-08-13
123654,INF109KA1CE0,,ICICI Prudential Global Stable Equity Fund (FOF) - Direct - Growth,37.11,2026-08-13
123692,INF174K01KK1,INF174K01KL9,Kotak Banking and PSU Debt Direct - Monthly Payout of Income Distribution cum capital withdrawal option,10.2492,2026-08-13
123693,INF174K01KH7,,Kotak Banking and PSU Debt Direct - Growth,72.966,2026-08-13
123704,INF666M01AC0,,Groww Short Term Fund (formerly known as Indiabulls Short Term Fund) - Direct Plan - Growth Option,2558.6035,2026-08-13
123705,INF666M01AG1,INF666M01AD8,Groww Short Term Fund (formerly known as Indiabulls Short Term Fund)- Direct Plan- Weekly - Income Distribution cum capital withdrawal Option (Payout & Reinvestment),1019.8402,2026-08-13
123706,INF666M01AH9,INF666M01AE6,Groww Short Term Fund (formerly known as Indiabulls Short Term Fund)- Direct Plan- Fortnightly - Income Distribution cum capital withdrawal Option (Payout & Reinvestment),1019.1445,2026-08-13
123707,INF666M01AI7,INF666M01AF3,Groww Short Term Fund (formerly known as Indiabulls Short Term Fund)- Direct Plan- Monthly - Income Distribution cum capital withdrawal Option (Payout & Reinvestment),1022.9189,2026-08-13
124175,INF740K01ZW2,,DSP Banking & PSU Debt Fund - Direct Plan - Growth,26.4438,2026-08-13
124234,INF247L01247,,Motilal Oswal Ultra Short Term Fund (MOFUSTF) -Direct Plan- Growth,18.6591,2026-08-13
125307,INF663L01DV3,,PGIM India Midcap Fund - Direct Plan - Growth Option,78.84,2026-08-13
125345,INF579M01621,,360 ONE LIQUID FUND DIRECT PLAN  GROWTH,2163.0217,2026-08-13
125354,INF846K01K35,,Axis Small Cap Fund - Direct Plan - Growth,136.47,2026-08-13
125497,INF200K01T51,,SBI Small Cap Fund - Direct Plan - Growth,214.394,2026-08-13
125503,INF200K01V08,,SBI BANKING & PSU FUND - Direct Plan - Growth,3533.0201,2026-08-13
125597,INF209K014W1,,Aditya Birla Sun Life Banking and Financial Services Fund - Direct Plan - Growth,71.99,2026-08-13
125711,INF680P01042,,Shriram Aggressive Hybrid Fund- Direct Growth,37.7027,2026-08-13
126353,INF205K01A24,,Invesco India - Invesco Pan European Equity Fund of Fund - Direct Plan - Growth Option,30.4746,2026-08-13
126389,INF761K01CS5,,BANK OF INDIA Ultra Short Duration Fund- Direct Plan-Bonus,3495.8015,2026-08-13
126393,INF740K01K81,,DSP Dynamic Asset Allocation Fund - Direct Plan - Growth,33.622,2026-08-13
126685,INF760K01HB2,,CANARA ROBECO CORPORATE BOND FUND - DIRECT PLAN - GROWTH OPTION,24.7107,2026-08-13
126940,INF789F015Z6,,UTI Banking & PSU Fund - Direct Plan - Growth Option,23.8973,2026-08-13
127042,INF247L01445,,Motilal Oswal Midcap Fund-Direct Plan-Growth Option,121.326,2026-08-13
127850,INF761K01BO6,,BANK OF INDIA BALANCED ADVANTAGE FUND DIRECT PLAN  GROWTH,28.9247,2026-08-13
128006,INF174K01VQ5,,Kotak Medium Term Fund - Direct Growth,27.6487,2026-08-13
128051,INF179KA1FZ3,,HDFC Credit Risk Debt Fund - Growth Option - Direct Plan,28.3276,2026-08-13
128079,INF174K01VS1,INF174K01VU7,Kotak Medium Term Fund - Direct - Standard Income Distribution cum capital withdrawal option,27.6512,2026-08-13
128629,INF179KA1IZ7,,HDFC Banking and PSU Debt Fund - Growth Option - Direct Plan,25.5673,2026-08-13
129008,INF090I01KR8,,Franklin India Banking & PSU Debt Fund - Direct - Growth,25.2138,2026-08-13
129046,INF247L01502,,Motilal Oswal Flexi cap Fund Direct Plan-Growth Option,71.5493,2026-08-13
129052,INF179KA1KT6,,HDFC ARBITRAGE FUND -Direct Plan - Growth Option,21.654,2026-08-13
129188,INF205K01B49,,Invesco India - Invesco Global Equity Income Fund of Fund - Direct Plan - Growth,43.5406,2026-08-13
129193,INF336L01IJ0,,HSBC Multi Asset Active FOF - Growth Direct,45.1345,2026-08-13
129197,INF336L01IP7,,HSBC Income Plus Arbitrage Active FOF - Growth Direct,24.1606,2026-08-13
129200,INF336L01ID3,,HSBC Aggressive Hybrid Active FOF - Growth Direct,46.1571,2026-08-13
129212,INF903J01F92,,Sundaram Infrastructure Advantage Fund Direct Plan - Growth,110.5769,2026-08-13
129649,INF582M01BU9,,Union Small Cap Fund - Direct Plan - Growth Option,66.66,2026-08-13
130050,INF204KA1QF1,,Nippon India Medium Duration Fund - Direct Plan - Growth Option,18.4044,2026-08-13
130052,INF204KA1QG9,,Nippon India Medium Duration Fund - Direct Plan - Bonus Option,18.408,2026-08-13
130206,INF754K01EA4,,Edelweiss Arbitrage Fund- Direct Plan- Growth Option,22.3475,2026-08-13
130314,INF846K01PJ5,,Axis Credit Risk Fund - Direct Plan - Growth,26.3824,2026-08-13
130493,INF740K01Z50,,DSP Income Plus Arbitrage Omni FoF - Direct Plan - Growth,23.9216,2026-08-13
130498,INF179KA1RQ7,,HDFC Large and Mid Cap Fund - Growth Option - Direct Plan,375.576,2026-08-13
130503,INF179KA1RW5,,HDFC Small Cap Fund - Growth Option - Direct Plan,162.66,2026-08-13
130543,INF179KA1SC5,,HDFC Income Plus Arbitrage Active FOF - Growth Option - Direct Plan,45.7514,2026-08-13
130604,INF192K01GL9,,JM Arbitrage Fund (Direct) - Bonus Option - Principal Units,19.9204,2026-08-13
130722,INF205K01I83,,Invesco India Credit Risk Fund - Direct Plan - Growth,2351.2099,2026-08-13
130773,INF846K01PZ1,,Axis Arbitrage Fund - Direct Plan - Growth,21.8195,2026-08-13
130787,INF205K01P68,,Invesco India Arbitrage Fund - Direct Plan - Annual Bonus,37.1006,2026-08-13
130860,INF204KA1SI1,,Nippon India Japan Equity Fund- Direct Plan- Growth Plan- Growth Option,32.4554,2026-08-13
130861,INF204KA1SK7,,Nippon India Japan Equity Fund- Direct Plan- Growth Plan- Bonus Option,32.4554,2026-08-13
130904,INF192K01HB8,,JM Aggressive Hybrid Fund (Direct) - Annual Bonus Option,142.1118,2026-08-13
131061,INF109KA1O37,,ICICI Prudential Constant Maturity Gilt Fund - Direct Plan - Growth,26.8804,2026-08-13
131301,INF740K019I5,,DSP 10Y G-Sec Fund - Direct Plan - Growth,23.2708,2026-08-13
131355,INF194KA1UH1,,BANDHAN Balanced Advantage Fund Direct Plan Growth,29.923,2026-08-13
131373,INF174K01D28,,Kotak Equity Savings Fund - Direct - Growth,30.8802,2026-08-13
131375,INF174K01D36,INF174K01D51,Kotak Equity Savings Fund - Direct - Monthly Payout of Income Distribution cum capital withdrawal option,22.169,2026-08-13
131580,INF579M01902,,360 ONE Focused Fund-Direct Plan-Growth,56.5301,2026-08-13
131670,INF084M01DJ5,,Aditya Birla Sun Life Balanced Advantage Fund - Direct Plan - Growth Option,131.64,2026-08-13
131865,INF084M01DM9,,Aditya Birla Sun Life Multi Asset Omni FoF- Direct Plan - Growth Option,41.5125,2026-08-13
131898,INF084M01DP2,,Aditya Birla Sun Life Income Plus Arbitrage Active FOF- Direct Plan - Growth Option,42.1859,2026-08-13
132183,INF084M01EQ8,,Aditya Birla Sun Life Conservative Hybrid Active FOF- Direct Plan - Growth Option,38.268,2026-08-13
132185,INF084M01ET2,,Aditya Birla Sun Life Aggressive Hybrid Omni FOF- Direct Plan - Growth Option,47.8316,2026-08-13
132186,INF084M01EW6,,Aditya Birla Sun Life Dynamic Asset Allocation Omni FOF- Direct Plan - Growth Option,63.1763,2026-08-13
132756,INF277K01I86,,Tata ELSS Fund-Growth-Direct Plan,55.4938,2026-08-13
132989,INF090I01LH7,,Franklin India Income Plus Arbitrage Active Fund of Funds- Growth Plan - Direct,25.3263,2026-08-13
132995,INF209KA1TP9,,Aditya Birla Sun Life Equity Savings Fund - Direct Plan - Growth,26.16,2026-08-13
133035,INF174K01F00,,Kotak Aggressive Hybrid Fund - Direct Plan -Growth,78.681,2026-08-13
133054,INF109KA11J9,,ICICI Prudential Equity Savings Fund - Direct Plan - Cumulative option,25.22,2026-08-13
133265,INF204KA1YV2,,Nippon India Gilt  Fund- Direct Plan- Growth Plan- Bonus Option,25.0884,2026-08-13
133386,INF247L01569,,Motilal Oswal ELSS Tax Saver Fund - Direct Plan - Growth Option,66.4245,2026-08-13
133395,INF192K01GX4,,JM Arbitrage Fund (Direct) - Annual Bonus Option - Principal Units,19.1197,2026-08-13
133488,INF955L01FR6,,Baroda BNP Paribas Credit Risk Fund -Direct-Growth Option,26.414,2026-08-13
133516,INF209KA1YK0,,Aditya Birla Sun Life Manufacturing Equity Fund - Direct Plan - Growth,44.66,2026-08-13
133568,INF204KA1B72,,Nippon India Retirement Fund- Wealth Creation Scheme- Direct Plan- Growth Plan - Growth Option,33.3895,2026-08-13
133569,INF204KA1C30,,Nippon India Retirement Fund- Income Generation Scheme- Direct Plan- Growth Plan - Growth Option,23.7811,2026-08-13
133629,INF204KA1C55,,Nippon India Retirement Fund- Income Generation Scheme- Direct Plan-Growth Plan- Bonus Option,23.7811,2026-08-13
133630,INF204KA1B98,,Nippon India Retirement Fund- Wealth Creation Scheme- Direct Plan-Growth Plan- Bonus Option,33.3895,2026-08-13
133710,INF767K01NE9,,LIC MF Large & Mid Cap Fund-Direct Plan-Growth,46.5607,2026-08-13
133791,INF178L01BY0,,Kotak Corporate Bond Fund- Direct Plan- Growth Option,4213.2547,2026-08-13
133792,INF178L01BZ7,,Kotak Corporate Bond Fund- Direct Plan- Monthly Payout of Income Distribution cum capital withdrawal option,1072.2975,2026-08-13
133800,INF178L01AK1,INF178L01AJ3,Kotak Infrastructure & Economic Reform Fund- Direct Plan- Payout of Income Distribution cum capital withdrawal option,84.07,2026-08-13
133801,INF178L01AL9,,Kotak Infrastructure & Economic Reform Fund- Direct Plan- Growth Option,85.042,2026-08-13
133810,INF178L01AX4,,Kotak Low Duration Fund- Direct Plan- Growth Option,3922.5218,2026-08-13
133812,INF178L01AZ9,INF178L01AY2,Kotak Low Duration Fund - Direct Plan- Standard Income Distribution cum capital withdrawal option,1562.7969,2026-08-13
133839,INF663L01FF1,,PGIM India Flexi Cap Fund - Direct Plan - Growth Option,44.44,2026-08-13
133859,INF200KA1507,,SBI BANKING & FINANCIAL SERVICES FUND - DIRECT PLAN - GROWTH,49.3343,2026-08-13
133868,INF761K01DG8,,BANK OF INDIA Credit Risk  Fund - Direct Plan,14.8119,2026-08-13
133925,INF740K013Q1,,DSP Low Duration Fund - Direct Plan - Growth,21.9558,2026-08-13
134017,INF767K01NK6,,LIC MF Banking and Financial Services Fund-Direct Plan-Growth,24.9378,2026-08-13
134387,INF209KA1K88,,Aditya Birla Sun Life Credit Risk Fund - Direct Plan - Growth,28.0931,2026-08-13
134388,INF209KA1L12,,Aditya Birla Sun Life Credit Risk Fund - Direct Plan - Bonus,28.0918,2026-08-13
134494,INF082J01176,,Quantum Dynamic Term Fund - Direct Plan Growth Option,22.9364,2026-08-13
134503,INF789FB1KE6,,UTI Medium Duration Fund - Direct Plan - Growth Option,20.8268,2026-08-13
134547,INF204KA1U53,,Nippon India Banking and PSU  Fund- Direct Plan-Growth Plan- Growth Option,22.9687,2026-08-13
134552,INF204KA1U61,,Nippon India Banking and PSU Fund- Direct Plan-Growth Plan- Bonus Option,22.9681,2026-08-13
134594,INF204KA1W77,,Nippon India Equity Savings Fund- Direct Plan- Growth Plan-Growth Option,18.4006,2026-08-13
134595,INF204KA1W85,,Nippon India Equity Savings Fund- Direct Plan- Growth Plan- Bonus Option,18.4006,2026-08-13
134643,INF200KA1DF3,,SBI Equity Savings Fund - Direct Plan - Growth,27.5353,2026-08-13
134813,INF769K01DH9,,Mirae Asset Aggressive Hybrid Fund - Direct Plan - Growth,39.937,2026-08-13
134923,INF204KA15G5,,Nippon India US Equity Opportunities Fund- Direct Plan- Growth Plan- Growth Option,48.4347,2026-08-13
135120,INF846K01VJ3,,Axis Equity Savings Fund - Direct Plan - Growth,26.76,2026-08-13
135341,INF666M01BE4,,Groww Value Fund (formerly known as Indiabulls Value Fund) - Direct Plan - Growth Option,33.5423,2026-08-13
135342,INF666M01BF1,INF666M01BG9,Groww Value Fund (formerly known as Indiabulls Value Fund)- Direct Plan- - Income Distribution cum capital withdrawal Option (Payout & Reinvestment),33.4173,2026-08-13
135500,INF174K01Z14,INF174K01Z22,Kotak Bond Short Term Plan - Direct - Standard Income Distribution cum capital withdrawal option,16.2886,2026-08-13
135601,INF663L01FN5,,PGIM India ELSS Tax Saver Fund - Direct Plan - Growth Option,40.84,2026-08-13
135677,INF959L01CH6,,Navi Large & Midcap Fund- Direct Plan- Growth Option,45.4484,2026-08-13
135762,INF846K01WO1,,Axis Children's Fund - Lock in - Direct Growth,30.6779,2026-08-13
135764,INF846K01WR4,,Axis Children's Fund - No Lock in - Direct Growth,31.2646,2026-08-13
135781,INF769K01DM9,,Mirae Asset ELSS Tax Saver Fund - Direct Plan - Growth,58.564,2026-08-13
135789,INF277K01Z28,,TATA Banking & Financial Services Fund Direct Plan - Payout of Income Distribution cum capital withdrawal option,50.9393,2026-08-13
135792,,INF277K01Z36,TATA Banking & Financial Services Fund Direct Plan - Reinvestment of Income Distribution cum capital withdrawal option,50.9393,2026-08-13
135793,INF277K01Z10,,Tata Banking And Financial Services Fund-Direct Plan-Growth,52.5864,2026-08-13
135795,INF277K01Z85,,TATA Digital India Fund Direct Plan - Payout of Income Distribution cum capital withdrawal option,48.7809,2026-08-13
135798,,INF277K01Z93,TATA Digital India Fund Direct Plan - Reinvestment of Income Distribution cum capital withdrawal option,48.7809,2026-08-13
135800,INF277K01Z77,,Tata Digital India Fund-Direct Plan-Growth,50.4727,2026-08-13
135801,,INF277K015A1,TATA India Consumer Fund Direct Plan - Reinvestment of Income Distribution cum capital withdrawal option,54.9824,2026-08-13
135805,INF277K013A6,,Tata India Consumer Fund-Direct Plan-Growth,56.7325,2026-08-13
135806,INF277K014A4,,TATA India Consumer Fund Direct Plan - Payout of Income Distribution cum capital withdrawal option,54.9824,2026-08-13
135807,INF277K010B0,,TATA India Pharma & Health Care Fund Direct Plan - Payout of Income Distribution cum capital withdrawal option,38.4916,2026-08-13
135808,,INF277K011B8,TATA India Pharma & Healthcare Fund Direct Plan - Reinvestment of Income Distribution cum capital withdrawal option,38.4916,2026-08-13
135810,INF277K019A3,,Tata India Pharma & Healthcare Fund-Direct Plan-Growth,39.7848,2026-08-13
135813,INF277K015B9,,Tata Resources & Energy Fund-Direct Plan-Growth,58.9934,2026-08-13
135816,,INF277K017B5,TATA Resources & Energy Fund Direct Plan - Reinvestment of Income Distribution cum capital withdrawal option,57.2124,2026-08-13
135817,INF277K016B7,,TATA Resources & Energy Fund Direct Plan - Payout of Income Distribution cum capital withdrawal option,57.2124,2026-08-13
135916,INF194KA1M23,,BANDHAN Corporate Bond Fund - Direct Growth,21.2368,2026-08-13
136094,INF179KB1MF0,,HDFC Retirement Savings Fund - Equity Plan - Growth Option - Direct Plan,56.502,2026-08-13
136464,INF179KB1MH6,,HDFC Retirement Savings Fund - Hybrid-Equity Plan - Growth Option - Direct Plan,43.246,2026-08-13
136465,INF179KB1MJ2,,HDFC Retirement Savings Fund - Hybrid-Debt Plan - Growth Option - Direct Plan,25.0627,2026-08-13
136567,INF740KA1504,,DSP Equity Savings Fund - Direct Plan - Growth,25.299,2026-08-13
138299,INF223J01NS5,,PGIM India Liquid Fund - Direct Plan - Growth,368.8865,2026-08-13
138312,INF663L01GR4,,PGIM India Large Cap Fund - Direct Plan - Growth,405.97,2026-08-13
138330,INF223J01OO2,,PGIM India Corporate Bond Fund - Direct Plan - Growth,51.23,2026-08-13
138358,INF223J01QO7,,PGIM India Ultra Short Duration Fund - Direct Plan - Growth,38.1756,2026-08-13
138376,INF223J01QD0,,PGIM India Equity Savings Fund - Direct Plan - Growth,58.7237,2026-08-13
138386,INF663L01GX2,,PGIM India Aggressive Hybrid Equity Fund - Direct Plan - Growth,158.55,2026-08-13
138456,INF223J01NL0,,PGIM India Emerging Markets Equity Fund of Fund - Direct Plan - Growth,26.7,2026-08-13
138472,INF223J01ND7,,PGIM India Gilt Fund - Direct Plan - Growth,33.8624,2026-08-13
138528,INF223J01NF2,,PGIM India Global Equity Opportunities Fund of Fund- Direct Plan - Growth,58.92,2026-08-13
138875,INF223J013N7,,PGIM India Arbitrage Fund - Direct Plan - Growth,21.0043,2026-08-13
139527,INF761K01DM6,,BANK OF INDIA MID & SMALL CAP EQUITY & DEBT FUND - DIRECT PLAN GROWTH,47.46,2026-08-13
139538,INF174V01044,,Mahindra Manulife Liquid Fund - Direct Plan -Growth,1841.094,2026-08-13
139711,INF903JA1443,,Sundaram Long Term Micro Cap Tax Advantage Fund Series III Direct Plan - Growth,37.9063,2026-08-13
139781,INF174V01093,,Mahindra Manulife ELSS Tax Saver Fund - Direct Plan -Growth,33.4464,2026-08-13
139872,INF247L01635,,Motilal Oswal Balanced Advantage Fund  (MOFDYNAMIC) - Direct Plan - Growth Option,22.0935,2026-08-13
139990,INF903JA1526,,Sundaram Long Term Micro Cap Tax Advantage Fund Series IV Direct Plan - Growth,32.7237,2026-08-13
140175,INF843K01AL0,,Edelweiss Large & Mid Cap Fund - Direct Plan - Growth Option,109.905,2026-08-13
140194,INF754K01GY9,,Edelweiss Liquid Fund - Direct Plan - Bonus Option,2125.9771,2026-08-13
140196,INF754K01GM4,,Edelweiss Liquid Fund - Direct Plan - Growth Option,3654.259,2026-08-13
140228,INF843K01AO4,,Edelweiss Mid Cap Fund - Direct Plan - Growth Option,130.735,2026-08-13
140237,INF843K01CE1,,Edelweiss Money Market Fund - Direct Plan - Growth Option,33.7084,2026-08-13
140243,INF843K01AU1,,Edelweiss Greater China Equity Off-shore Fund - Direct Plan - Growth Option,74.113,2026-08-13
140256,INF843K01AW7,,Edelweiss ASEAN Equity Off-shore Fund - Direct Plan - Growth Option,43.192,2026-08-13
140274,INF843K01EC1,,Edelweiss US Value Equity Offshore Fund - Direct Plan - Growth Option,50.1,2026-08-13
140286,INF843K01FC8,,Edelweiss Banking and PSU Debt Fund - Direct Plan - Growth Option,27.0335,2026-08-13
140296,INF843K01GI3,,Edelweiss Europe Dynamic Equity Offshore Fund - Growth Option - Direct Plan,35.5061,2026-08-13
140298,INF843K01GS2,,Edelweiss Government Securities Fund - Direct Plan - Growth Option,27.0356,2026-08-13
140327,INF843K01IZ3,,Edelweiss Emerging Markets Opportunities Equity Offshore Fund - Direct Plan - Growth Option,30.6665,2026-08-13
140347,INF843K01KC8,,Edelweiss Equity Savings Fund - Direct Plan - Growth Option,30.4636,2026-08-13
140350,INF843K01KD6,,Edelweiss Equity Savings Fund - Direct Plan - Bonus Option,30.4763,2026-08-13
140353,INF843K01KK1,,Edelweiss Flexi Cap Fund - Direct Plan - Growth Option,46.733,2026-08-13
140382,INF194KA1U56,,Bandhan Aggressive Hybrid Fund-Direct Plan Growth,32.561,2026-08-13
140444,INF174V01184,,Mahindra Manulife Equity Savings Fund - Direct Plan -Growth,25.8103,2026-08-13
140487,INF200KA1LS9,,SBI Long Term Advantage Fund - Series IV - Direct Plan - Growth,50.589,2026-08-13
140603,INF194KA1X61,,BANDHAN Credit Risk Fund-Direct Plan-Growth,19.0616,2026-08-13
140613,INF174V01267,,Mahindra Manulife Low Duration Fund - Direct Plan -Growth,1887.3949,2026-08-13
140769,INF769K01DR8,,Mirae Asset Dynamic Bond Fund -Direct Plan -Growth,18.9514,2026-08-13
140809,INF666M01CM5,INF666M01CN3,Groww Largecap Fund (formerly known as Indiabulls Bluechip Fund)- Direct Plan- Monthly - Income Distribution cum capital withdrawal Option (Payout & Reinvestment),23.68,2026-08-13
140811,INF666M01CO1,INF666M01CP8,Groww Largecap Fund (formerly known as Indiabulls Bluechip Fund)- Direct Plan- Quarterly - Income Distribution cum capital withdrawal Option (Payout & Reinvestment),29.58,2026-08-13
140814,INF666M01CQ6,INF666M01CR4,Groww Largecap Fund (formerly known as Indiabulls Bluechip Fund)- Direct Plan- Half Yearly -Income Distribution cum capital withdrawal Option (Payout & Reinvestment),29.81,2026-08-13
140815,INF666M01CY0,INF666M01CZ7,Groww Value Fund (formerly known as Indiabulls Value Fund)- Direct Plan- Monthly - Income Distribution cum capital withdrawal Option (Payout & Reinvestment),24.5991,2026-08-13
140817,INF666M01DA8,INF666M01DB6,Groww Value Fund (formerly known as Indiabulls Value Fund)- Direct Plan- Quarterly - Income Distribution cum capital withdrawal Option (Payout & Reinvestment),26.8349,2026-08-13
140819,INF666M01DC4,INF666M01DD2,Groww Value Fund (formerly known as Indiabulls Value Fund)- Direct Plan- Half Yearly - Income Distribution cum capital withdrawal Option (Payout & Reinvestment),26.8561,2026-08-13
141141,INF903JA1955,,Sundaram Long Term Micro Cap Tax Advantage Fund Series V Direct Plan - Growth,32.2414,2026-08-13
141226,INF174V01341,,Mahindra Manulife Multi Cap Fund - Direct Plan -Growth,46.6385,2026-08-13
141248,INF582M01CU7,,Union Largecap Fund - Direct Plan - Growth Option,25.21,2026-08-13
141564,INF903JA1AZ0,,Sundaram Long Term Micro Cap Tax Advantage Fund Series VI Direct Plan - Growth,30.9742,2026-08-13
141588,INF846K01ZM8,,Axis Corporate Bond Fund - Direct Plan Growth,19.4052,2026-08-13
141642,INF846K01A29,,Axis Balanced Advantage Fund - Direct Plan - Growth,24.53,2026-08-13
141808,INF666M01DK7,,Groww ELSS Tax Saver Fund (formerly known as Indiabulls Tax Savings Fund)- Direct Plan- Growth Option,22.28,2026-08-13
141841,INF109KB10X0,,ICICI Prudential BSE Sensex Index Fund - Direct Plan - Cumulative Option,26.0928,2026-08-13
141877,INF740KA1CR7,,DSP Nifty 50 Equal Weight Index Fund - Direct Plan - Growth,28.0377,2026-08-13
141924,INF179KC1AU3,,HDFC Housing Opportunities Fund  - Growth Option - Direct Plan,23.878,2026-08-13
141925,INF846K01B28,,Axis Flexi Cap Fund - Direct Plan - Growth,31.97,2026-08-13
141950,INF761K01DS3,,BANK OF INDIA Mid Cap Tax Fund Series 1 Direct Plan Growth,31.26,2026-08-13
142038,INF582M01DE9,,Union Balanced Advantage Fund - Direct Plan - Growth Option,22.73,2026-08-13
142110,INF174V01507,,Mahindra Manulife Mid Cap Fund - Direct Plan -Growth,42.961,2026-08-13
142134,INF109KC1093,,ICICI Prudential Long Term Wealth Enhancement Fund - Direct Plan Cumulative Option,31.46,2026-08-13
142138,INF200KA1RW8,,SBI Long Term Advantage Fund - Series V - Direct Plan - Growth,34.1673,2026-08-13
142153,INF903JA1BT1,,Sundaram Long Term Tax Advantage Fund Series III Direct Plan - Growth,33.3747,2026-08-13
142283,INF740KA1DN4,,DSP Arbitrage Fund - Direct - Growth,16.78,2026-08-13
142388,INF754K01ML4,,Edelweiss Recently Listed IPO Fund Direct Plan Growth,34.8189,2026-08-13
142641,INF769K01DX6,,Mirae Asset Short Duration Fund - Direct Plan - Growth,17.8406,2026-08-13
143079,INF903JA1CZ6,,Sundaram Long Term Tax Advantage Fund Series IV Direct Plan - Growth,38.5328,2026-08-13
143163,INF959L01CX3,,Navi Aggressive Hybrid Fund - Direct Plan - Growth,25.9865,2026-08-13
143178,INF200KA1TO1,,SBI Long Term Advantage Fund - Series VI - Direct Plan - Growth,32.5184,2026-08-13
143241,INF582M01DU5,,Union Corporate Bond Fund - Direct Plan - Growth Option,16.5988,2026-08-13
143269,INF879O01068,,Parag Parikh Liquid Fund- Direct Plan- Growth,1562.7472,2026-08-13
143341,INF789FC12T1,,UTI Nifty Next 50 Index Fund - Direct Plan - Growth Option,27.7679,2026-08-13
143494,INF204K01YH3,,Nippon India Ultra Short Duration Fund- Direct Plan- Growth Option,4793.9145,2026-08-13
143508,INF955L01HA8,,Baroda BNP Paribas Ultra Short Duration Fund- Direct Plan- Growth,1679.128,2026-08-13
143537,INF205K014Q7,,Invesco India Aggressive Hybrid Fund - Direct Plan - Growth,24.4817,2026-08-13
143610,INF192K01FL1,,JM Low Duration Fund (Direct) - Bonus Option - Principal Units,24.6136,2026-08-13
143612,INF192K01DW3,,JM Low Duration Fund (Direct) - Growth,40.8798,2026-08-13
143614,INF761K01ED3,,BANK OF INDIA Arbitrage Fund Direct Plan Growth,15.3778,2026-08-13
143704,INF204KB1YQ1,,Nippon India Nivesh Lakshya Long Duration Fund- Direct Plan- Growth Option,18.9994,2026-08-13
143783,INF769K01ED6,,Mirae Asset Healthcare Fund Direct Growth,51.702,2026-08-13
143793,INF959L01DT9,,Navi Flexi Cap Fund - Direct Plan - Growth,29.6325,2026-08-13
143874,INF109KC1GH2,,ICICI Prudential Pharma Healthcare and Diagnostics (P.H.D) Fund - Direct Plan - Cumulative Option,47.67,2026-08-13
143903,INF109KC1FX1,,ICICI Prudential BHARAT 22 FOF - Direct Plan Cumulative Option,33.9867,2026-08-13
144173,INF194KA16R3,,BANDHAN ULTRA SHORT DURATION FUND - DIRECT PLAN GROWTH,16.547,2026-08-13
144312,INF582M01EC1,,Union Equity Savings Fund - Direct Plan - Growth Option,18.32,2026-08-13
144315,INF761K01EL6,,BANK OF INDIA Midcap Tax Fund Series 2 Direct Plan Growth,36.31,2026-08-13
144334,INF174KA1194,INF174KA1202,Kotak Balanced Advantage Fund -Direct Plan  -Payout of Income Distribution cum capital withdrawal option,23.489,2026-08-13
144335,INF174KA1210,,Kotak Balanced Advantage Fund  - Direct Plan -Growth Option,23.489,2026-08-13
144339,INF789F1A538,,UTI Corporate Bond Fund - Direct Plan - Growth Option,17.8947,2026-08-13
144394,INF846K01E25,,Axis Aggressive Hybrid Fund - Direct Plan - Growth Option,23.41,2026-08-13
144403,INF174V01580,,Mahindra Manulife Dynamic Bond Fund - Direct Plan - Growth,16.5042,2026-08-13
144466,INF090I01PD7,,Franklin India Equity Savings Fund- Growth Direct,18.8371,2026-08-13
144490,INF789F1A777,,UTI Equity Savings Fund - Direct Plan - Growth Option,20.4885,2026-08-13
144543,,INF277K016K8,TATA Flexi Cap Fund Direct Plan - Reinvestment of Income Distribution cum capital withdrawal option,25.9163,2026-08-13
144546,INF277K015K0,,Tata Flexi Cap Fund-Direct Plan-Growth,26.8968,2026-08-13
144547,INF277K017K6,,TATA Flexi Cap Fund - Direct Plan - Payout of Income Distribution cum capital withdrawal option,25.9163,2026-08-13
144646,INF740KA1KE8,,DSP Corporate Bond Fund - Direct - Growth,17.3977,2026-08-13
144754,INF846K01F40,,Axis Ultra Short Duration Fund - Direct Plan Growth,16.8265,2026-08-13
144835,INF903JA1FA2,,Sundaram Services Fund Direct Plan - Growth,40.7181,2026-08-13
144905,INF680P01109,,Shriram Flexi Cap Fund - Direct Growth,23.0792,2026-08-13
145034,INF179KB15Q6,,HDFC Ultra Short Term Fund - Direct Plan-Growth Option,16.6124,2026-08-13
145050,INF903JA1FR6,,Sundaram Money Market Fund Direct Plan - Growth,16.227,2026-08-13
145075,INF109KC1LJ8,,ICICI Prudential Manufacturing Fund - Direct Plan - Cumulative Option,43.64,2026-08-13
145110,INF846K01J46,,Axis Large & Mid Cap Fund - Direct Plan - Growth,39.49,2026-08-13
145137,INF205K013T3,,Invesco India Smallcap Fund - Direct Plan - Growth,54.31,2026-08-13
145206,INF277K011O1,,Tata Small Cap Fund-Direct Plan-Growth,44.4607,2026-08-13
145207,INF277K013O7,,TATA SmallCap Fund - Direct Plan - Payout of Income Distribution cum capital withdrawal option,42.9547,2026-08-13
145209,,INF277K012O9,TATA Small Cap Fund Direct Plan - Reinvestment of Income Distribution cum capital withdrawal option,42.9547,2026-08-13
145295,INF789F1ACX5,,UTI - Floater Fund - Direct Plan - Growth Option,1679.195,2026-08-13
145356,INF174V01663,,Mahindra Manulife Consumption Fund - Direct Plan -Growth,25.7441,2026-08-13
145396,INF955L01HF7,,Baroda BNP Paribas Balanced Advantage Fund-Direct Plan-Growth Option,29.0989,2026-08-13
145454,INF740KA1LG1,,DSP Healthcare Fund - Direct Plan - Growth,51.058,2026-08-13
145473,INF582M01EK4,,Union Value Fund - Direct Plan - Growth Option,31.45,2026-08-13
145486,INF209KB1ZH2,,ADITYA BIRLA SUN LIFE OVERNIGHT FUND-DIRECT PLAN-GROWTH,1484.4823,2026-08-13
145536,INF109KC11G1,,ICICI Prudential Overnight Fund - Direct Plan - Growth,1479.0597,2026-08-13
145552,INF247L01718,,Motilal Oswal Nasdaq 100 Fund of Fund- Direct Plan Growth,69.7503,2026-08-13
145589,INF666M01EK5,,Groww Dynamic Term Fund (formerly known as Indiabulls Dynamic Bond Fund) - Direct Plan - Growth option,1582.9841,2026-08-13
145591,INF666M01EQ2,INF666M01ER0,Groww Dynamic Term Fund (formerly known as Indiabulls Dynamic Bond Fund)- Direct Plan- Monthly - Income Distribution cum capital withdrawal Option (Payout & Reinvestment),1017.9506,2026-08-13
145595,INF666M01EO7,INF666M01EP4,Groww Dynamic Term Fund (formerly known as Indiabulls Dynamic Bond Fund)- Direct Plan- Fortnightly - Income Distribution cum capital withdrawal Option (Payout & Reinvestment),1023.2936,2026-08-13
145596,,INF666M01EL3,Groww Dynamic Term Fund (formerly known as Indiabulls Dynamic Bond Fund)- Direct Plan- - Income Distribution cum capital withdrawal Option ( Reinvestment),1019.7291,2026-08-13
145597,INF666M01EM1,INF666M01EN9,Groww Dynamic Term Fund (formerly known as Indiabulls Dynamic Bond Fund)- Direct Plan- Weekly - Income Distribution cum capital withdrawal Option (Payout & Reinvestment),1019.9028,2026-08-13
145599,INF666M01FA3,,Groww Aggressive Hybrid Fund (formerly known as Indiabulls Equity Hybrid Fund) - Direct Plan - Growth option,23.5969,2026-08-13
145600,INF666M01FB1,INF666M01FC9,Groww Aggressive Hybrid Fund (formerly known as Indiabulls Equity Hybrid Fund)- Direct Plan- - Income Distribution cum capital withdrawal Option (Payout & Reinvestment),23.3891,2026-08-13
145601,INF666M01FF2,INF666M01FG0,Groww Aggressive Hybrid Fund (formerly known as Indiabulls Equity Hybrid Fund)- Direct Plan- Quarterly - Income Distribution cum capital withdrawal Option (Payout & Reinvestment),23.1117,2026-08-13
145602,INF666M01FH8,INF666M01FI6,Groww Aggressive Hybrid Fund (formerly known as Indiabulls Equity Hybrid Fund)- Direct Plan- Half Yearly - Income Distribution cum capital withdrawal Option (Payout & Reinvestment),22.6829,2026-08-13
145606,INF666M01FD7,INF666M01FE5,Groww Aggressive Hybrid Fund (formerly known as Indiabulls Equity Hybrid Fund)- Direct Plan- Monthly - Income Distribution cum capital withdrawal Option (Payout & Reinvestment),23.352,2026-08-13
145678,INF761K01EP7,,BANK OF INDIA Small Cap Fund Direct Plan Growth,65.25,2026-08-13
145693,INF769K01EK1,,Mirae Asset Equity Savings Fund- Direct Plan- Growth,23.177,2026-08-13
145724,INF277K017Q3,,Tata Arbitrage Fund-Direct Plan-Growth,16.2536,2026-08-13
145725,,INF277K019Q9,TATA Arbitrage Fund Direct Plan - Monthly Reinvestment of Income Distribution cum capital withdrawal option,15.6145,2026-08-13
145727,INF277K018Q1,,TATA Arbitrage Fund Direct Plan - Monthly Payout of Income Distribution cum capital withdrawal option,15.6145,2026-08-13
145810,INF204KB1R31,,Nippon India Overnight Fund - Direct Plan - Growth Option,147.4538,2026-08-13
145819,INF680P01158,,Shriram ELSS Tax Saver Fund - Direct Growth,24.093,2026-08-13
145834,INF247L01734,,Motilal Oswal Liquid Fund - Direct Growth,14.8826,2026-08-13
145895,INF767K01PP0,,LIC MF Arbitrage Fund-Direct Plan-Growth,15.5058,2026-08-13
145897,INF109KC1RH9,,ICICI Prudential India Opportunities Fund - Direct Plan - Cumulative Option,40.68,2026-08-13
145954,INF767K01PW6,,LIC MF Short Duration Fund-Direct Plan-Growth,16.6727,2026-08-13
145971,INF03VN01043,,WhiteOak Capital Liquid Fund- Direct plan-Growth Option,1512.782,2026-08-13
146006,INF277K014S6,,TATA Balanced Advantage Fund Direct Plan - Payout of Income Distribution cum capital withdrawal option,23.0138,2026-08-13
146008,,INF277K015S3,TATA Balanced Advantage Fund Direct Plan - Reinvestment of Income Distribution cum capital withdrawal option,23.0138,2026-08-13
146010,INF277K013S8,,Tata Balanced Advantage Fund-Direct Plan-Growth,23.8798,2026-08-13
146062,INF740KA1MC8,,DSP Overnight Fund - Direct Plan - Growth,1470.2232,2026-08-13
146067,INF277K014T4,,TATA Ultra Short Term Fund-Direct Plan - Weekly Payout of Income Distribution cum capital withdrawal option,10.406,2026-08-13
146068,,INF277K015T1,TATA Ultra Short Term Fund Direct Plan - Weekly Reinvestment of Income Distribution cum capital withdrawal option,10.406,2026-08-13
146069,INF277K012T8,,TATA Ultra Short Term Fund-Direct Plan - Monthly Payout of Income Distribution cum capital withdrawal option,16.0904,2026-08-13
146075,INF277K011T0,,Tata Ultra Short Term Fund-Direct Plan-Growth,16.0686,2026-08-13
146076,,INF277K013T6,TATA Ultra Short Term Fund Direct Plan - Monthly Reinvestment of Income Distribution cum capital withdrawal option,16.0904,2026-08-13
146130,INF760K01JC6,,CANARA ROBECO SMALL CAP FUND - DIRECT PLAN - GROWTH OPTION,46.42,2026-08-13
146140,,INF174KA1BE2,Kotak Overnight Fund-Direct Plan- Daily Reinvestment of Income Distribution cum capital withdrawal option,1003.6055,2026-08-13
146141,INF174KA1BF9,,Kotak Overnight Fund -Direct Plan-Growth Option,1464.4931,2026-08-13
146191,INF194KB1447,,BANDHAN Overnight Fund - Direct Plan - Growth,1463.8196,2026-08-13
146196,INF754K01JN6,,Edelweiss Small Cap Fund - Direct Plan - Growth,54.224,2026-08-13
146215,INF200KA1YR4,,SBI Corporate Bond Fund - Direct Plan - Growth,17.0493,2026-08-13
146297,INF582M01ES7,,Union Arbitrage Fund - Direct Plan - Growth Option,15.5789,2026-08-13
146349,INF109KC1TS2,,ICICI Prudential Retirement Fund - Pure Equity - Direct Plan - Growth Option,40.08,2026-08-13
146376,INF740KA1MM7,,DSP Nifty 50 Index Fund - Direct Plan - Growth,24.1017,2026-08-13
146381,INF740KA1MG9,,DSP Nifty Next 50 Index Fund - Direct Plan - Growth,29.633,2026-08-13
146407,INF209KB1E84,,ADITYA BIRLA SUN LIFE BAL BHAVISHYA YOJNA DIRECT GROWTH,23.91,2026-08-13
146457,INF205KA1049,,Invesco India Equity Savings Fund - Direct Plan - Growth,19.0282,2026-08-13
146513,INF204KB1X25,,Nippon India Nifty Next 50 Junior BeES FoF - Direct Plan - Growth Plan - Growth Option,28.2024,2026-08-13
146549,INF174V01721,,Mahindra Manulife Large Cap Fund - Direct Plan -Growth,25.768,2026-08-13
146575,INF209KB1I23,,Aditya Birla Sun Life Retirement Fund-The 30s Plan-Direct Growth,25.823,2026-08-13
146643,INF200KA1A71,,SBI Equity Minimum Variance Fund - Direct Plan - Growth,24.9051,2026-08-13
146675,INF846K01N65,,Axis Overnight Fund - Direct Plan - Growth Option,1453.0294,2026-08-13
146701,INF194KB1777,,BANDHAN Fixed Term Plan Series 179 DIRECT PLAN-GROWTH (3652 days),18.1748,2026-08-13
146716,INF109KC1UA8,,ICICI Prudential Retirement Fund - Hybrid Conservative - Direct Plan - Growth Option,20.4404,2026-08-13
146721,INF109KC1TW4,,ICICI Prudential Retirement Fund - Hybrid Aggressive - Direct Plan - Growth Option,32.06,2026-08-13
146727,INF109KC1UE0,,ICICI Prudential Retirement Fund - Pure Debt - Direct Plan - Growth Option,17.2788,2026-08-13
146772,INF336L01NV5,,HSBC Large & Mid Cap Fund - Direct Growth,33.3475,2026-08-13
146795,INF109KC1VT6,,ICICI Prudential Fixed Maturity Plan - Series 85 - 10 Years Plan I - Direct Plan Cumulative Option,18.1042,2026-08-13
146930,INF209KB1I80,,Aditya Birla Sun Life Retirement Fund-The 40s Plan-Direct Plan-Growth,21.947,2026-08-13
146940,INF209KB1J48,,Aditya Birla Sun Life Retirement Fund-The 50s Plan-Direct Plan-Growth,16.9267,2026-08-13
146943,INF209KB1K03,,Aditya Birla Sun Life Retirement Fund-The 50s Plus-Debt Plan-Direct Plan-Growth,15.0132,2026-08-13
146951,INF109KC1YD4,,ICICI Prudential Bharat Consumption Fund - Direct Plan - Growth Option,27.9,2026-08-13
146963,INF903JA1HG5,,Sundaram Overnight Fund Direct Plan - Growth,1457.7059,2026-08-13
146974,INF200KA1D03,,SBI Fixed Maturity Plan (FMP) - Series 1 (3668 Days) - Direct Plan - Growth,17.7795,2026-08-13
146978,,INF277K019T3,TATA Overnight Fund Direct Plan - Daily Reinvestment of Income Distribution cum capital withdrawal option,1000.001,2026-08-13
146980,INF277K018T5,,Tata Overnight Fund-Direct Plan-Growth,1449.1124,2026-08-13
147003,INF582M01FA2,,Union Overnight Fund - Direct Plan - Growth Option,1444.8607,2026-08-13
147098,INF204KB17B0,,Nippon India Fixed Maturity Plan XLI - Series 8 - Direct Plan - Growth Option,17.8097,2026-08-13
147157,INF00XX01283,,ITI Liquid Fund - Direct Plan - Growth Option,1466.9844,2026-08-13
147183,INF00XX01168,,ITI Multi Cap Fund - Direct Plan - Growth Option,30.3516,2026-08-13
147196,INF955L01HV4,,Baroda BNP Paribas Overnight Fund - Direct Plan - Growth,1441.7944,2026-08-13
147206,INF769K01EU0,,Mirae Asset Focused Fund Direct Plan Growth,27.996,2026-08-13
147214,INF090I01SS9,,Franklin India Overnight Fund- Growth - Direct,1432.0366,2026-08-13
147248,INF200KA1F27,,SBI Fixed Maturity Plan (FMP) - Series 6 (3668 Days) - Direct Plan - Growth,17.2887,2026-08-13
147267,,INF174KA1EF3,KOTAK FLOATING RATE FUND-DIRECT PLAN-Standard Reinvestment of Income Distribution cum capital withdrawal option,1451.3927,2026-08-13
147269,INF174KA1EC0,,KOTAK FLOATING RATE FUND-DIRECT PLAN-GROWTH OPTION,1666.0568,2026-08-13
147287,INF336L01OF6,,HSBC Overnight Fund - Direct Growth,1436.3441,2026-08-13
147306,INF740KA1NQ6,,DSP Quant Fund - Direct Plan - Growth,23.012,2026-08-13
147311,INF03VN01209,,WhiteOak Capital Ultra Short Duration Fund- Direct plan-Growth Option,1511.1936,2026-08-13
147346,INF109KC1D93,,ICICI Prudential MNC Fund - Direct Plan - Growth Option,34.56,2026-08-13
147372,INF082J01382,,QUANTUM ESG BEST IN CLASS STRATEGY FUND - DIRECT PLAN - GROWTH OPTION,25.49,2026-08-13
147377,INF955L01ID0,,Baroda BNP Paribas Money Market Fund- Direct Plan - Growth,1504.4075,2026-08-13
147406,INF680P01208,,Shriram Balanced Advantage Fund - Direct Growth,19.1812,2026-08-13
147409,INF209KB1O25,,Aditya Birla Sun Life Pharma and Healthcare Fund-Direct-Growth,40.95,2026-08-13
147445,INF769K01FA9,,Mirae Asset Midcap Fund- Direct Growth Option,44.645,2026-08-13
147446,INF174V01788,,Mahindra Manulife Aggressive Hybrid Fund - Direct Plan -Growth,30.8873,2026-08-13
147450,INF666M01GL8,,Groww Overnight Fund (formerly known as Indiabulls Overnight Fund)- Direct Plan- Growth Option,1413.6773,2026-08-13
147451,INF666M01GN4,INF666M01GO2,Groww Overnight Fund (formerly known as Indiabulls Overnight Fund)- Direct Plan- Weekly - Income Distribution cum capital withdrawal Option (Payout & Reinvestment),1002.7011,2026-08-13
147452,INF666M01GP9,INF666M01GQ7,Groww Overnight Fund (formerly known as Indiabulls Overnight Fund)- Direct Plan- Fortnightly - Income Distribution cum capital withdrawal Option (Payout & Reinvestment),1215.2257,2026-08-13
147453,INF666M01GR5,INF666M01GS3,Groww Overnight Fund (formerly known as Indiabulls Overnight Fund)- Direct Plan- Monthly - Income Distribution cum capital withdrawal Option (Payout & Reinvestment),1002.7648,2026-08-13
147458,,INF666M01GM6,Groww Overnight Fund (formerly known as Indiabulls Overnight Fund)- Direct Plan- - Income Distribution cum capital withdrawal Option ( Reinvestment),1001.4605,2026-08-13
147473,INF174KA1EN7,,Kotak Focused Fund- Direct Plan- Growth option,31.242,2026-08-13
147475,INF174KA1EP2,INF174KA1EO5,Kotak Focused Fund-Direct Plan- Income Distribution cum capital withdrawal option,31.243,2026-08-13
147481,INF879O01100,,Parag Parikh ELSS Tax Saver Fund- Direct Growth,32.2755,2026-08-13
147492,INF582M01FS4,,Union Focused Fund - Direct Plan - Growth Option,30.11,2026-08-13
147496,INF955L01IL3,,Baroda BNP Paribas Equity Savings Fund - Direct Plan - Growth,18.952,2026-08-13
147515,INF767K01QI3,,LIC MF Overnight Fund-Direct Plan-Growth,1422.8032,2026-08-13
147531,INF760K01JM5,,CANARA ROBECO OVERNIGHT FUND - DIRECT PLAN - GROWTH OPTION,1416.8718,2026-08-13
147541,INF00XX01390,,ITI ELSS Tax Saver Fund - Direct Plan - Growth Option,29.2963,2026-08-13
147564,INF174V01838,,Mahindra Manulife Overnight Fund - Direct Plan -Growth,1420.5056,2026-08-13
147567,INF846K01Q62,,Axis Money Market Fund - Direct Plan - Growth Option,1554.5033,2026-08-13
147570,INF754K01JV9,,Edelweiss Overnight Fund - Direct Plan - Growth,1419.8156,2026-08-13
147606,INF663L01T01,,PGIM India Overnight Fund - Direct Plan - Growth Option,1414.5493,2026-08-13
147617,INF00XX01440,,ITI Arbitrage Fund - Direct Plan - Growth Option,14.5117,2026-08-13
147620,INF247L01890,,Motilal Oswal Nifty Bank Index Fund - Direct Plan,21.4529,2026-08-13
147622,INF247L01916,,Motilal Oswal Nifty Midcap 150 Index Fund - Direct Plan,42.7208,2026-08-13
147623,INF247L01932,,Motilal Oswal Nifty Smallcap 250 Index Fund- Direct Plan,41.1648,2026-08-13
147625,INF247L01957,,Motilal Oswal Nifty 500 Index Fund - Direct Plan,27.6569,2026-08-13
147648,INF109KC1F34,,ICICI Prudential Global Advantage Fund (FOF) - Direct Plan - Growth Option,23.8168,2026-08-13
147662,INF109KC1F91,,ICICI Prudential Commodities Fund - Direct Plan - Growth Option,51.91,2026-08-13
147666,INF846K01S29,,Axis Nifty 100 Index Fund - Direct Plan - Growth Option,22.9362,2026-08-13
147704,INF247L01999,,Motilal Oswal Large and Midcap Fund - Direct Plan Growth,40.9565,2026-08-13
147713,INF00XX01564,,ITI Overnight Fund - Direct Plan - Growth Option,1387.9257,2026-08-13
147725,INF174KA1EX6,INF174KA1EY4,Kotak Pioneer Fund-Direct Plan-Reinvestment of Income Distribution cum capital withdrawal option,39.685,2026-08-13
147727,INF174KA1EZ1,,Kotak Pioneer Fund- Direct Plan- Growth Option,39.691,2026-08-13
147731,INF174V01887,,Mahindra Manulife Ultra Short Duration Fund - Direct Plan -Growth,1515.565,2026-08-13
147736,INF769K01FG6,,Mirae Asset Overnight Fund Direct Plan Growth,1407.6587,2026-08-13
147750,INF582M01GA0,,Union Large & Midcap Fund - Direct Plan - Growth Option,29.95,2026-08-13
147757,INF277K017X9,,Tata Focused Fund-Direct Plan-Growth,25.9114,2026-08-13
147758,,INF277K018X7,TATA Focused Fund Direct Plan - Reinvestment of Income Distribution cum capital withdrawal option,24.9562,2026-08-13
147759,INF277K019X5,,TATA Focused Fund Direct Plan - Payout of Income Distribution cum capital withdrawal option,24.9562,2026-08-13
147772,INF767K01QU8,,LIC MF Ultra Short Duration Fund-Direct Plan-Growth,1452.4902,2026-08-13
147789,INF00XX01689,,ITI Balanced Advantage Fund - Direct Plan - Growth Option,16.5144,2026-08-13
147794,INF247L01AE7,,Motilal Oswal Nifty 50 Index Fund - Direct plan - Growth,21.303,2026-08-13
147796,INF247L01AC1,,Motilal Oswal Nifty Next 50 Index Fund - Direct plan - Growth,26.8672,2026-08-13
147825,INF846K01S86,,Axis Retirement Fund - Aggressive Plan - Direct Growth,20.69,2026-08-13
147826,INF846K01T28,,Axis Retirement Fund - Dynamic Plan - Direct Growth,22.13,2026-08-13
147830,INF846K01T69,,Axis Retirement Fund - Conservative Plan - Direct Growth,17.8886,2026-08-13
147837,INF192K01MB8,,JM Overnight Fund - (Direct) - Growth,1390.2305,2026-08-13
147840,INF174V01945,,Mahindra Manulife Large & Mid Cap Fund - Direct Plan -Growth,31.7938,2026-08-13
147844,INF209KB1O82,,Aditya Birla Sun Life PSU Equity Fund-Direct Plan-Growth,40.56,2026-08-13
147857,INF754K01KY1,,Bharat Bond FOF - April 2030 - Direct Plan - Growth Option,16.0768,2026-08-13
147883,INF205KA1163,,Invesco India Overnight Fund - Direct Plan - Growth,1386.8453,2026-08-13
147889,INF846K01U09,,Axis Income Plus Arbitrage Omni FOF - Direct Plan - Growth Option,15.7168,2026-08-13
147908,INF336L01OR1,,HSBC Ultra Short Duration Fund - Direct Growth,1474.8478,2026-08-13
147919,INF00XX01747,,ITI Small Cap Fund - Direct Plan - Growth Option,38.0835,2026-08-13
147928,INF846K01W23,,Axis ESG Integration Strategy Fund - Direct Plan - Growth Option,23.02,2026-08-13
147946,INF194KB1AL4,,BANDHAN SMALL CAP FUND - DIRECT PLAN GROWTH,56.983,2026-08-13
147951,INF761K01EU7,,BANK OF INDIA Overnight Fund Direct Plan Growth,1396.426,2026-08-13
148035,INF109KC1I49,,ICICI Prudential Diversified Equity All Cap Omni FOF - Direct Plan - Growth,33.4637,2026-08-13
148053,INF277K019Y3,,Tata Multi Asset Allocation Fund-Direct Plan-Growth,28.5812,2026-08-13
148063,INF754K01LB7,,Edelweiss US Technology Equity Fund of Fund- Direct Plan- Growth,41.6853,2026-08-13
148073,INF582M01GI3,,Union Midcap Fund - Direct Plan - Growth Option,58.19,2026-08-13
148161,INF663L01T84,,PGIM India Money Market Fund - Direct Plan - Growth Option,1467.4989,2026-08-13
148353,INF00XX01804,,ITI Large Cap Fund - Direct Plan - Growth Option,19.6483,2026-08-13
148381,INF247L01AG2,,Motilal Oswal S&P 500 Index Fund - Direct Plan Growth,34.337,2026-08-13
148387,INF200KA1Q73,,SBI Fixed Maturity Plan (FMP) - Series 34 (3682 Days) - Direct Plan - Growth,14.9457,2026-08-13
148401,INF769K01FS1,,Mirae Asset Arbitrage Fund Direct Growth,14.519,2026-08-13
148404,INF761K01FF5,,BANK OF INDIA Flexi Cap Fund Direct Plan -Growth,42.63,2026-08-13
148411,INF336L01PB2,,HSBC Focused Fund - Direct Growth,29.9039,2026-08-13
148413,,,JM Liquid Fund - Unclaimed Brokerage I.E.F. (Direct) - Growth Plan,41.4437,2026-08-13
148414,,,JM Liquid Fund - Unclaimed Application Refund Amount I.E.F. (Direct) - Growth Plan,41.4437,2026-08-13
148419,INF769K01FY9,,Mirae Asset Banking and PSU Fund - Direct Plan - Growth,14.055,2026-08-13
148450,INF754K01LO0,,BHARAT Bond FOF- April 2031- Direct Plan- Growth Option,14.3764,2026-08-13
148457,INF204KB19V4,,Nippon India Multi Asset Allocation Fund - Direct Plan - Growth Option,27.485,2026-08-13
148468,INF174V01AA0,,Mahindra Manulife Arbitrage Fund - Direct Plan -Growth,13.7301,2026-08-13
148474,INF955L01JU2,,Baroda BNP Paribas Large and Mid Cap Fund- Direct Plan -Growth Option,30.6811,2026-08-13
148481,INF205KA1213,,Invesco India Focused Fund - Direct Plan - Growth,32.46,2026-08-13
148485,INF846K01X06,,Axis Global Equity Alpha Fund of Fund - Direct Plan - Growth Option,27.3437,2026-08-13
148490,INF200KA1R07,,SBI Children's Fund - Investment Plan - Direct Plan - Growth,54.0232,2026-08-13
148500,INF769K01GE9,,Mirae Asset Diversified Equity Allocator Passive FOF - Direct Plan - Growth,25.656,2026-08-13
148507,INF903JA1JC0,,Sundaram Large Cap Fund (Formerly Known as Sundaram Blue Chip Fund)Direct Plan - Growth,23.0895,2026-08-13
148516,INF109KC1O09,,ICICI Prudential ESG Exclusionary Strategy Fund - Direct Plan - Growth,23.44,2026-08-13
148519,INF204KB15W0,,Nippon India Nifty Smallcap 250 Index Fund - Direct Plan - Growth Option,36.4309,2026-08-13
148529,INF769K01GK6,,Mirae Asset Ultra Short Duration Fund Direct Growth,1423.5191,2026-08-13
148534,INF00XX01861,,ITI Banking & PSU Debt Fund - Direct Plan - Growth Option,14.2111,2026-08-13
148539,INF209KB1T79,,Aditya Birla Sun Life Special Opportunities Fund-Direct-Growth,31.41,2026-08-13
148550,INF200KA1R64,,SBI Floating Rate Debt Fund - Direct Plan - Growth,14.4694,2026-08-13
148555,INF754K01LV5,,Edelweiss MSCI India Domestic & World Healthcare 45 Index Fund Direct Plan - Growth,24.7574,2026-08-13
148564,INF966L01AD4,,quant ESG Integration Strategy Fund - Growth Option - Direct Plan,42.9337,2026-08-13
148567,INF174V01AG7,,Mahindra Manulife Focused Fund - Direct Plan -Growth,29.8462,2026-08-13
148574,INF769K01GQ3,,Mirae Asset Nifty 100 ESG Sector Leaders Fund of Fund Direct Growth,18.569,2026-08-13
148592,INF582M01GY0,,Union Aggressive Hybrid Fund - Direct Plan - Growth Option,20.14,2026-08-13
148600,INF109KC1O66,,ICICI Prudential Quant Fund Direct Plan Growth,24.25,2026-08-13
148605,INF174KA1FH6,INF174KA1FJ2,Kotak ESG Exclusionary Strategy Fund - Direct Plan - Payout of Income Distribution cum capital withdrawal option,18.781,2026-08-13
148606,INF174KA1FI4,,Kotak ESG Exclusionary Strategy Fund - Direct Plan - Growth Option,18.78,2026-08-13
148614,INF205KA1270,,Invesco India - Invesco Global Consumer Trends Fund of Fund - Direct Plan - Growth,13.7499,2026-08-13
148618,INF789F1AUQ1,,UTI Small Cap Fund - Direct Plan - Growth Option,30.3104,2026-08-13
148623,INF769K01GX9,,Mirae Asset Banking and Financial Services Fund Direct Growth,23.55,2026-08-13
148634,INF846K01X71,,Axis Innovation Fund - Direct Plan - Growth Option,22.95,2026-08-13
148637,INF209KB1U76,,Aditya Birla Sun Life ESG Integration Strategy Fund-Direct Plan-Growth,19.85,2026-08-13
148642,INF204KB16X6,,Nippon India Diversified Equity Flexicap Passive FoF - Direct Plan - Growth Option,21.7362,2026-08-13
148646,INF174KA1FO2,,Kotak International REIT Overseas Equity Omni FOF - Direct Plan - Growth,12.5005,2026-08-13
148649,INF174KA1FN4,INF174KA1FP9,Kotak International REIT Overseas Equity Omni FOF - Direct Plan - Payout of Income Distribution cum capital withdrawal option,12.5004,2026-08-13
148651,INF109KC1P24,,ICICI Prudential Business Cycle Fund Direct Plan Growth,26.7,2026-08-13
148658,INF663L01V49,,PGIM India Balanced Advantage Fund -  Direct Plan - Growth Option,16.83,2026-08-13
148662,INF174KA1FQ7,,Kotak US Specific Equity Passive FOF- Direct Plan - Growth,29.1099,2026-08-13
148666,INF204KB16Y4,,Nippon India Multi - Asset Omni FoF - Direct Plan - Growth Option,25.4494,2026-08-13
148683,INF200KA1S55,,SBI Retirement Benefit Fund - Aggressive Plan - Direct Plan - Growth,22.054,2026-08-13
148685,INF200KA1S97,,SBI Retirement Benefit Fund - Aggressive Hybrid Plan - Direct Plan - Growth,21.1368,2026-08-13
148688,INF200KA1T39,,SBI Retirement Benefit Fund - Conservative Plan - Direct Plan - Growth,15.1157,2026-08-13
148690,INF200KA1T70,,SBI Retirement Benefit Fund - Conservative Hybrid Plan - Direct Plan - Growth,16.5236,2026-08-13
148699,INF846K01Y39,,Axis Greater China Equity Fund of Fund - Direct Plan - Growth Option,12.7,2026-08-13
148703,INF789F1AUT5,,UTI Nifty 200 Momentum 30 Index Fund - Direct Plan - Growth Option,21.6861,2026-08-13
148711,INF194KB1BA5,,BANDHAN FLOATER FUND  - DIRECT PLAN GROWTH,14.2372,2026-08-13
148721,INF204KB12Z0,,Nippon India Nifty 50 Value 20 Index Fund - Direct Plan - Growth Option,17.9163,2026-08-13
148726,INF204KB18Z7,,Nippon India Nifty Midcap 150 Index Fund - Direct Plan - Growth Option,27.274,2026-08-13
148729,INF174V01AM5,,Mahindra Manulife Short Duration Fund - Direct Plan -Growth,14.3081,2026-08-13
148733,INF00XX01929,,ITI Mid Cap Fund - Direct Plan - Growth Option,26.3235,2026-08-13
148745,INF174KA1GA9,,Kotak Nifty Next 50 Index Fund - Direct Plan - Growth Option,21.9218,2026-08-13
148746,INF174KA1FZ8,INF174KA1GB7,Kotak Nifty Next 50 Index Fund - Direct Plan -Payout of Income Distribution cum capital withdrawal option,21.9215,2026-08-13
148747,INF247L01AL2,,Motilal Oswal Multi Asset Passive Fund of Fund - Direct Growth,20.2737,2026-08-13
148750,INF247L01AN8,,Motilal Oswal Asset Allocation FOF- C- Direct Growth,18.2781,2026-08-13
148751,INF205KA1338,,Invesco India ESG Integration Strategy Fund - Direct Plan - Growth,18.92,2026-08-13
148755,INF769K01HD9,,Mirae Asset Corporate Bond Fund Direct Growth Plan,13.8666,2026-08-13
148760,INF200KA1U28,,SBI US Specific Equity Active FoF - Direct Plan - Growth,25.6596,2026-08-13
148771,INF740KA1PV1,,DSP Floater Fund - Direct Plan - Growth,14.3288,2026-08-13
148789,INF194KB1BP3,,BANDHAN CRISIL IBX Gilt June 2027 Index Fund Direct Plan-Growth,13.8758,2026-08-13
148792,INF194KB1BV1,,BANDHAN CRISIL IBX Gilt April 2028 Index Fund Direct Plan-Growth,13.9705,2026-08-13
148807,INF209KB1W74,,Aditya Birla Sun Life Nifty Midcap 150 Index Fund-Direct Growth,26.6328,2026-08-13
148815,INF209KB1W17,,Aditya Birla Sun Life Nifty Smallcap 50 Index Fund-Direct Growth,24.3589,2026-08-13
148822,INF109KC1P81,,ICICI Prudential Nifty 100 Low Volatility 30 ETF FOF - Direct Plan - Growth,18.8742,2026-08-13
148837,INF0GCD01271,INF0GCD01289,TRUSTMF Liquid Fund-Direct Plan-Weekly Income Distribution cum Capital Withdrawal,1247.3543,2026-08-13
148839,INF0GCD01305,INF0GCD01297,TRUSTMF Liquid Fund-Direct Plan-Monthly Income Distribution cum Capital Withdrawal,1220.2927,2026-08-13
148841,INF0GCD01255,,TRUSTMF Liquid Fund-Direct Plan-Growth,1367.9194,2026-08-13
148842,,INF0GCD01263,TRUSTMF Liquid Fund-Direct Plan-Daily Income Distribution cum Capital Withdrawal,1291.6872,2026-08-13
148883,INF760K01JQ6,,Canara Robeco Focused Fund - Direct Plan - Growth Option,21.77,2026-08-13
148903,INF179KC1BA3,,HDFC Multi-Asset Active FOF - Growth Option -Direct Plan,21.071,2026-08-13
148913,INF00XX01AE2,,ITI Ultra Short Term Fund - Direct Plan - Growth Option,1373.517,2026-08-13
148921,INF209KB1Y49,,Aditya Birla Sun Life Multi-Cap Fund-Direct Growth,23.03,2026-08-13
148925,INF966L01AK9,,quant Quantamental Fund - Growth Option - Direct Plan,27.1934,2026-08-13
148928,INF769K01HH0,,Mirae Asset NYSE FANG + ETF Fund of Fund Direct Growth,44.287,2026-08-13
148945,INF200KA1W00,,SBI Nifty Next 50 Index Fund - Direct Plan - Growth,20.7496,2026-08-13
148954,INF846K01Z20,,Axis Global Innovation Fund of Fund - Direct Plan - Growth,20.76,2026-08-13
148958,INF879O01175,,Parag Parikh Conservative Hybrid Fund - Direct Plan - Growth,16.2204,2026-08-13
148962,INF209KB1Z71,,Aditya Birla Sun Life Nifty 50 Equal Weight Index Fund-Direct Growth,19.4465,2026-08-13
148972,INF00XX01AQ6,,ITI Value Fund - Direct Plan - Growth Option,19.119,2026-08-13
148978,INF174KA1HA7,,Kotak Nifty 50 Index Fund - Direct Plan-Growth,16.225,2026-08-13
148980,INF761K01FL3,,BANK OF INDIA Large Cap Fund Direct Plan Growth,18.09,2026-08-13
148986,INF179KC1BG0,,HDFC Banking & Financial Services Fund - Growth Option - Direct Plan,19.377,2026-08-13
148990,INF109KC1R14,,ICICI Prudential Flexicap Fund - Direct Plan - Growth,22.36,2026-08-13
148993,INF846K01Z87,,Axis Quant Fund - Direct Plan - Growth,17.85,2026-08-13
149007,INF277KA1026,,Tata Floating Rate Fund -Direct Plan-Growth,13.9447,2026-08-13
149011,INF205KA1429,,Invesco India Medium Duration Fund - Direct Plan - Growth,1363.6873,2026-08-13
149019,INF663L01W06,,PGIM India Small Cap Fund - Direct Plan- Growth Option,20.04,2026-08-13
149029,INF00XX01BC4,,ITI Dynamic Term Fund - Direct Plan - Growth Option,13.5589,2026-08-13
149039,INF959L01FP2,,Navi Nifty 50 Index Fund-Direct Plan-Growth,16.1149,2026-08-13
149049,INF846K014A6,,Axis Floater Fund - Direct Plan - Growth,1428.8324,2026-08-13
149059,INF174KA1HG4,,Kotak Global Innovation Overseas Equity Omni FOF- Direct Plan -Growth,16.195,2026-08-13
149071,INF277KA1166,,Tata Business Cycle Fund-Direct Plan-Growth,20.8099,2026-08-13
149076,INF0GCD01370,,TRUSTMF Short Duration Fund-Direct Plan-Growth,1358.9876,2026-08-13
149077,,INF0GCD01388,TRUSTMF Short Duration Fund-Direct Plan-Weekly Income Distribution Cum Capital Withdrawal,1139.2841,2026-08-13
149078,INF0GCD01396,INF0GCD01404,TRUSTMF Short Duration Fund-Direct Plan-Monthly Income Distribution Cum Capital Withdrawal,1164.4301,2026-08-13
149079,INF0GCD01412,INF0GCD01420,TRUSTMF Short Duration Fund-Direct Plan-Quarterly Income Distribution Cum Capital Withdrawal,1180.9566,2026-08-13
149085,INF760K01JW4,,Canara Robeco Value Fund - Direct Plan - Growth Option,19.78,2026-08-13
149091,INF789F1AVA3,,UTI Focused Fund - Direct Plan - Growth Option,16.9608,2026-08-13
149094,INF204KC1121,,Nippon India Flexi Cap Fund - Direct Plan - Growth Plan - Growth Option,18.2452,2026-08-13
149098,INF194KB1CF2,,Bandhan US specific Equity Active FOF - GROWTH - DIRECT PLAN,20.891,2026-08-13
149104,INF174V01AS2,,Mahindra Manulife Flexi Cap Fund - Direct Plan -Growth,17.691,2026-08-13
149107,INF179KC1BM8,,HDFC NIFTY50 Equal weight Index Fund - Direct Plan - Growth Option,19.0097,2026-08-13
149112,INF769K01HN8,,Mirae Asset Money Market Fund Direct Growth,1373.59,2026-08-13
149117,INF582M01HG5,,Union Money Market Fund - Direct Plan -  Growth Option,1363.437,2026-08-13
149134,INF200KA1Y73,,SBI Balanced Advantage Fund - Direct Plan - Growth,16.8244,2026-08-13
149141,INF955L01KK1,,Baroda BNP Paribas Business Cycle Fund - Direct Plan - Growth,17.5718,2026-08-13
149147,INF200KA1Z23,,SBI Fixed Maturity Plan (FMP) - Series 49 (1823 Days) - Direct Plan - Growth,13.4938,2026-08-13
149158,INF109KC1R89,,ICICI Prudential Nifty Alpha Low - Volatility 30 ETF FOF - Direct Plan - Growth,15.4345,2026-08-13
149166,INF846K010C0,,Axis Value Fund - Direct Plan - Growth,21.78,2026-08-13
149170,INF769K01HR9,,Mirae Asset S&P 500 Top 50 ETF Fund of Fund Direct Growth,28.711,2026-08-13
149174,INF200KA1Z64,,SBI Fixed Maturity Plan (FMP) - Series 50 (1843 Days) - Direct Plan - Growth,13.3639,2026-08-13
149180,INF179KC1BO4,,HDFC Developed World Overseas Equity Passive FOF - Direct Plan - Growth Option,22.343,2026-08-13
149185,INF174KA1HV3,,Kotak Multicap Fund-Direct Plan-Growth,21.853,2026-08-13
149190,INF740KA1QH8,,DSP FMP Series - 264 - 60M - 17D - Direct - Growth,13.3936,2026-08-13
149195,INF200KA10A7,,SBI Fixed Maturity Plan (FMP) - Series 51 (1846 Days) - Direct Plan - Growth,13.3545,2026-08-13
149199,INF209KB18B7,,Aditya Birla Sun Life Nifty SDL Plus PSU Bond SEP 2026 60:40 Index Fund-Direct Growth,13.2697,2026-08-13
149210,INF109KC1S88,,ICICI Prudential Nifty PSU Bond Plus SDL Sep 2027 40:60 Index Fund - Direct Plan Growth,13.3596,2026-08-13
149219,INF109KC1U50,,ICICI Prudential NASDAQ 100 Index Fund - Direct Plan - Growth,24.9629,2026-08-13
149230,INF174V01AY0,,Mahindra Manulife Asia Pacific REITs FOF - Direct Plan - Growth,11.3622,2026-08-13
149232,INF200KA14A9,,SBI Fixed Maturity Plan (FMP) - Series 52 (1848 Days) - Direct Plan - Growth,13.3339,2026-08-13
149240,INF247L01AQ1,,Motilal Oswal 5 Year G-Sec Fund Of Fund Direct -Growth,13.3603,2026-08-13
149247,INF754K01MT7,,Edelweiss NIFTY PSU Bond Plus SDL Apr 2027 50:50 Index Fund - Direct Plan Growth,13.3631,2026-08-13
149250,INF754K01NB3,,Edelweiss Nifty 50 Index Fund Direct Plan Growth,14.4728,2026-08-13
149254,INF754K01NJ6,,Edelweiss Nifty 100 Quality 30 Index Fund Direct Plan Growth,15.2607,2026-08-13
149261,INF767K01QY0,,LIC MF Balanced Advantage Fund-Direct Plan-Growth,15.204,2026-08-13
149264,INF0J8L01040,,NJ Balanced Advantage Fund - Direct Plan - Growth Option,14.81,2026-08-13
149268,INF00XX01BO9,,ITI Pharma and Healthcare Fund - Direct Plan - Growth Option,19.8837,2026-08-13
149279,INF200KA18A0,,SBI Fixed Maturity Plan (FMP) - Series 53 (1839 Days) - Direct Plan - Growth,13.3546,2026-08-13
149283,INF109KC1V18,,ICICI Prudential Nifty Smallcap 250 Index Fund - Direct Plan - Growth,18.8617,2026-08-13
149288,INF179KC1BQ9,,HDFC NIFTY Next 50 Index Fund - Direct Plan - Growth Option,17.686,2026-08-13
149291,INF209KB18C5,,Aditya Birla Sun Life US Equity Passive FOF-Direct-Growth,23.5485,2026-08-13
149295,INF209KB14D2,,Aditya Birla Sun Life Business Cycle Fund-Direct Growth,17.47,2026-08-13
149298,INF663L01W63,,PGIM India Global Select Real Estate Securities Fund of Fund - Direct Plan - Growth Option,14.16,2026-08-13
149303,INF194KB1CL0,,BANDHAN MULTI CAP FUND - GROWTH - DIRECT PLAN,19.182,2026-08-13
149307,INF200KA12B1,,SBI Fixed Maturity Plan (FMP) - Series 54 (1842 Days) - Direct Plan - Growth,13.3396,2026-08-13
149318,INF579M01AI2,,360 ONE QUANT FUND DIRECT GROWTH,20.5807,2026-08-13
149319,INF579M01AJ0,INF579M01AK8,360 ONE QUANT FUND DIRECT INCOME DISTRIBUTION CUM CAPITAL WITHDRAWAL,20.5807,2026-08-13
149321,INF00XX01BU6,,ITI Banking and Financial Services Fund - Direct Plan - Growth Option,17.7945,2026-08-13
149329,INF204KC1303,,Nippon India Taiwan Equity Fund- Direct Plan- Growth Option,37.5743,2026-08-13
149331,INF109KC1V91,,ICICI Prudential BSE 500 ETF FOF - Direct Plan - Growth,16.2235,2026-08-13
149335,INF966L01AN3,,Quant Value Fund - Growth Option  - Direct Plan,24.1738,2026-08-13
149339,INF754K01NS7,INF754K01NT5,Edelweiss NIFTY Large Midcap 250 Index Fund - Direct Plan Payout,16.715,2026-08-13
149343,INF754K01NR9,,Edelweiss NIFTY Large Midcap 250 Index Fund - Direct Plan Growth,17.7384,2026-08-13
149345,INF200KA16B2,,SBI Fixed Maturity Plan (FMP) - Series 55 (1849 Days) - Direct Plan - Growth,13.3093,2026-08-13
149361,INF277KA1224,,Tata Corporate Bond Fund-Direct Plan-Growth,13.4573,2026-08-13
149368,INF179KC1BS5,,HDFC Multi Cap Fund - Growth Option - Direct Plan,20.202,2026-08-13
149373,INF846K013D2,,Axis Nifty 50 Index Fund - Direct Plan - Growth,14.8448,2026-08-13
149381,INF769K01HU3,,Mirae AssetHang Seng TECH ETF Fund of Fund Direct Plan - Growth Option,12.157,2026-08-13
149383,INF846K013E0,,Axis Multicap Fund - Direct Growth,20.93,2026-08-13
149389,INF109KC1W58,,ICICI Prudential Nifty Midcap 150 Index Fund - Direct Plan - Growth,21.0643,2026-08-13
149401,INF754K01NY5,,BHARAT Bond ETF FOF - April 2032 Direct Growth,13.5142,2026-08-13
149406,INF174V01BE0,,Mahindra Manulife Balanced Advantage Fund - Direct Plan - Growth,16.3413,2026-08-13
149409,INF109KC17H6,,ICICI Prudential Overnight fund - Direct Plan - Unclaimed Redemption Stable Scheme,1000.0,2026-08-13
149410,INF109KC15H0,,ICICI Prudential Overnight fund - Direct Plan - Unclaimed Redemption Transitory Scheme,1305.0134,2026-08-13
149431,INF200KA14C5,,SBI Fixed Maturity Plan (FMP) - Series 57 (1835 Days) - Direct Plan - Growth,13.2237,2026-08-13
149441,INF109KC1Y15,,ICICI Prudential Passive Multi-Asset Fund of Funds - Direct Plan - Growth,17.2052,2026-08-13
149447,INF959L01FR8,,Navi Nifty Next 50 Index Fund- Direct Plan- Growth,17.8195,2026-08-13
149450,INF0K1H01024,,Samco Flexi Cap Fund - Direct Plan - Growth Option,10.69,2026-08-13
149455,INF109KC1Z55,,ICICI Prudential Strategic Metal and Energy Equity Fund of Fund - Direct Plan Growth,32.2258,2026-08-13
149460,INF200KA18C6,,SBI Fixed Maturity Plan (FMP) - Series 58 (1842 Days) - Direct Plan - Growth,13.339,2026-08-13
149466,INF846K019E7,,Axis Nifty Next 50 Index Fund - Direct Plan - Growth,18.5661,2026-08-13
149474,INF200KA13D5,,SBI CPSE Bond Plus SDL Sep 2026 50:50 Index Fund - Direct Plan - Growth,13.1711,2026-08-13
149482,INF173K01EW1,INF173K01EX9,Sundaram Nifty 100 Equal Weight Fund (Formerly Known as Principal Nifty 100 Equal Weight Fund)- Direct Plan - Income Distribution CUM Capital Withdrawal Option,81.6139,2026-08-13
149483,INF173K01EZ4,,Sundaram Nifty 100 Equal Weight Fund (Formerly Known as Principal Nifty 100 Equal Weight Fund) - Direct Plan - Growth Option,199.8761,2026-08-13
149526,INF173K01FS6,,Sundaram Low Duration Fund (Formerly Known as Principal Low Duration Fund) - Direct Plan - Growth Option,3977.8177,2026-08-13
149533,INF173K01EK6,,Sundaram Focused Fund (Formerly Known as Principal Focused Multicap Fund)- Direct Plan - Growth Option,188.1706,2026-08-13
149539,INF173K01HI3,,Sundaram Ultra Short Duration Fund (Formerly Known as Principal Ultra Short Term Fund)- Direct Plan -Growth Option,3146.8765,2026-08-13
149549,INF173K01NC4,INF173K01NE0,Sundaram Arbitrage Fund( Formerly Known as Principal Arbitrage Fund) - Direct Plan- Monthly Income Distribution CUM Capital Withdrawal,13.3148,2026-08-13
149550,INF173K01NF7,,Sundaram Arbitrage Fund (Formerly Known as Prinicpal Arbitrage Fund) - Direct Plan - Growth,16.3773,2026-08-13
149570,INF173K01HZ7,,Sundaram ELSS Tax Saver Fund Direct Plan Growth,542.2337,2026-08-13
149587,INF173K01GP0,,Sundaram Short Duration Fund (Formerly Known as Principal Short Term Debt Fund)- Direct Plan - Growth Option,51.248,2026-08-13
149601,INF173K01FE6,,Sundaram Aggressive Hybrid Fund (Formerly Known as Principal Hybrid Equity Fund)- Direct Plan - Growth Option,189.1323,2026-08-13
149602,INF173K01FB2,INF173K01FC0,Sundaram Aggressive Hybrid Fund(Formerly Known as Principal Hybrid Equity Fund)-Direct Plan - Monthly Income Distribution CUM Capital Withdrawal Option,39.6585,2026-08-13
149664,INF173K01GU0,,Sundaram Liquid Fund (Formerly Known as Principal Cash Management Fund) - Direct Plan - Growth Option,2499.4129,2026-08-13
149669,INF173K01FQ0,,Sundaram Multi Cap Fund (Formerly Known as Principal Multi Cap Growth Fund)-Direct Plan - Growth Option,447.9372,2026-08-13
149679,INF173K01GZ9,,Sundaram Equity Savings Fund (Formerly Known as Principal Equity Savings Fund) - Direct Plan - Growth Option,84.8238,2026-08-13
149717,INF173K01FI7,,Sundaram Balanced Advantage Fund ( Formerly Known as Principal Balanced Advantage Fund) - Direct Plan - Growth Option,42.7001,2026-08-13
149718,INF173K01FF3,INF173K01FG1,Sundaram Balanced Advantage Fund (Formerly Known as Principal Balanced Advantage Fund) - Direct Plan - Monthly Income Distribution CUM Capital Withdrawal Option,18.0294,2026-08-13
149760,INF204KC1378,,Nippon India Silver ETF FOF- Direct Plan-Growth Option,35.212,2026-08-13
149763,INF205KA1494,,Invesco India Flexi Cap Fund - Direct Plan - Growth,21.3,2026-08-13
149775,INF109KC1Y98,,ICICI Prudential Silver ETF FOF - Direct Plan - Growth,35.4188,2026-08-13
149780,INF209KB16F2,,Aditya Birla Sun Life Silver ETF FOF-Direct Growth,35.9378,2026-08-13
149790,INF769K01HZ2,,Mirae Asset Nifty India Manufacturing ETF FOF - Direct Plan - Growth,21.174,2026-08-13
149794,INF209KB11F3,,Aditya Birla Sun Life Nifty SDL Apr 2027 Index Fund-Direct Growth,13.2845,2026-08-13
149797,INF0GCD01453,,TRUST MF OVERNIGHT FUND-DIRECT PLAN-GROWTH,1297.4951,2026-08-13
149800,INF247L01AV1,,Motilal Oswal Nifty 200 Momentum 30 Index Fund-Direct Plan,15.5949,2026-08-13
149803,INF789F1AVD7,,UTI BSE Sensex Index Fund - Direct Plan - Growth Option,14.1273,2026-08-13
149804,INF959L01FT4,,Navi Nifty Bank Index Fund- Direct Plan- Growth,15.2126,2026-08-13
149826,INF192K01MK9,,JM Overnight Fund - (Direct) - Unclaimed Redemption I.E.F. - Growth Plan,1073.9936,2026-08-13
149829,INF192K01MI3,,JM Overnight Fund - (Direct) - Unclaimed Redemption - Growth Plan,1390.2508,2026-08-13
149830,INF959L01FV0,,Navi Total Stock Market US Specific Equity Passive FoF- Direct Plan- Growth,23.3049,2026-08-13
149832,INF194KB1CR7,,BANDHAN NIFTY 100 INDEX FUND - DIRECT PLAN - GROWTH,15.3645,2026-08-13
149838,INF209KB10G3,,Aditya Birla Sun Life Nifty Next 50 Index Fund-Direct Growth,18.6032,2026-08-13
149841,INF174KA1IF4,,Kotak Manufacture in India Fund - Direct Plan Growth,23.952,2026-08-13
149847,INF846K011G9,,Axis Multi Factor Passive FoF - Direct Plan - Growth Option,15.9786,2026-08-13
149855,INF174KA1IL2,,Kotak Nifty SDL Apr  2027 Top 12 Equal Weight Index Fund-Direct Plan-Growth,13.2046,2026-08-13
149858,INF109KC11A4,,ICICI Prudential Nifty Bank Index Fund - Direct Plan Growth,16.6464,2026-08-13
149865,INF174KA1IR9,,Kotak Nifty SDL Apr 2032 Top 12 Equal Weight Index Fund-Direct Plan- Growth,13.5841,2026-08-13
149868,INF179KC1BY3,,HDFC NIFTY 100 Index Fund - Direct Plan - Growth Option,15.2757,2026-08-13
149870,INF179KC1CA1,,HDFC Nifty 100 Equal Weight Index Fund - Direct Plan - Growth Option,18.0446,2026-08-13
149873,INF846K017G6,,Axis CRISIL IBX SDL May 2027 Index Fund - Direct Plan - Growth,13.2042,2026-08-13
149878,INF200KA13E3,,SBI Fixed Maturity Plan (FMP) - Series 60 (1878 Days) - Direct Plan - Growth,13.2572,2026-08-13
149881,INF789F1AVF2,,UTI BSE Low Volatility Index Fund - Direct Plan  - Growth Option,16.6214,2026-08-13
149882,INF200KA18E2,,SBI Multicap Fund- Direct Plan- Growth option,18.0353,2026-08-13
149892,INF959L01FX6,,Navi Nifty Midcap 150 Index Fund Direct Plan- Growth,22.2992,2026-08-13
149894,INF846K013H3,,Axis Nifty Smallcap 50 Index Fund - Direct Plan - Growth Option,21.1747,2026-08-13
149910,INF959L01FZ1,,Navi NASDAQ100 US Specific Equity Passive FOF- Direct- Growth,25.6101,2026-08-13
149917,INF204KC1477,,Nippon India Fixed Maturity Plan-XLIII-Series 5- Direct Plan-Growth Option,13.5577,2026-08-13
149919,INF247L01AY5,,Motilal Oswal BSE Low Volatility Index Fund-Direct plan,16.495,2026-08-13
149924,INF179KC1CC7,,HDFC FMP 1861D March 2022 - Growth Option - Direct Plan,13.326,2026-08-13
149936,INF846K019H0,,Axis Nifty Midcap 50 Index Fund - Direct Plan - Growth Option,22.3854,2026-08-13
149961,INF205KA1585,,Invesco India - Invesco EQQQ Nasdaq-100 ETF Fund of Fund - Direct Plan - Growth,26.8458,2026-08-13
149966,INF336L01QH7,,HSBC CRISIL IBX 50:50 Gilt Plus SDL Apr 2028 Index Fund - Direct - Growth,13.3485,2026-08-13
149970,INF740KA1QV9,,DSP Nifty SDL Plus G-Sec Jun 2028 30:70 Index Fund - Direct - Growth,13.3545,2026-08-13
149993,INF200KA13F0,,SBI Fixed Maturity Plan (FMP)- Series 61 (1927 Days)- Direct Plan- Growth option,13.3024,2026-08-13
149995,INF200KA14F8,,SBI Fixed Maturity Plan (FMP)- Series 61 (1927 Days)- Direct Plan- Income Distribution Cum Capital withdrawal option,13.3026,2026-08-13
149999,INF109KC14B6,,ICICI Prudential Nifty SDL Sep 2027 Index Fund - Direct Plan - Growth,13.2592,2026-08-13
150002,INF179KC1CO2,,HDFC FMP 1876D March 2022 - Growth Option - Direct Plan,13.2788,2026-08-13
150012,INF204KC1527,,Nippon India Nifty AAA CPSE Bond Plus SDL - Apr 2027 Maturity 60:40 Index Fund - Direct Plan - Growth Option,13.1163,2026-08-13
150159,INF251K01HF3,,BARODA BNP PARIBAS ELSS Tax Saver Fund - Direct Plan - Growth Option,117.6468,2026-08-13
150169,INF251K01GJ7,,BARODA BNP PARIBAS LOW DURATION Fund - Direct Plan - Growth Option,47.1856,2026-08-13
150180,INF251K01GW0,,Baroda BNP Paribas Dynamic Bond Fund - Direct Plan - Growth Option,52.6391,2026-08-13
150187,INF251K01HN7,,BARODA BNP PARIBAS LARGE CAP Fund - Direct Plan - Growth Option,264.1129,2026-08-13
150206,INF251K01HR8,,BARODA BNP PARIBAS Conservative Hybrid Fund - Direct Plan - Growth Option,58.0434,2026-08-13
150212,INF251K01HQ0,,BARODA BNP PARIBAS Mid Cap Fund - Direct Plan - Growth Option,137.4018,2026-08-13
150237,INF251K01GP4,,BARODA BNP PARIBAS Corporate Bond Fund - Direct Plan - Growth Option,31.3815,2026-08-13
150251,INF251K01OT0,,BARODA BNP PARIBAS ARBITRAGE FUND-DIRECT PLAN-GROWTH OPTION,18.1829,2026-08-13
150260,INF251K01OZ7,,Baroda BNP Paribas Aggressive Hybrid Fund- DIRECT PLAN - GROWTH OPTION,33.1536,2026-08-13
150264,INF251K01PN0,,BARODA BNP PARIBAS Focused Fund - Direct Plan - Growth Option,24.9534,2026-08-13
150266,INF251K01PT7,,BARODA BNP PARIBAS India Consumption Fund - Direct Plan - Growth Option,35.2467,2026-08-13
150285,INF251K01QT5,,Baroda BNP Paribas Aqua Fund of Fund - Direct Plan - Growth Option,16.8576,2026-08-13
150310,INF109KC10C2,,ICICI PRUDENTIAL HOUSING OPPORTUNITIES FUND - Direct Plan Growth,18.44,2026-08-13
150313,INF789F1AVH8,,UTI Nifty Midcap 150 Quality 50 Index Fund - Direct Plan - Growth Option,14.8078,2026-08-13
150316,INF209KB14H3,,Aditya Birla Sun Life Fixed Term Plan - Series TQ (1879 days) - Direct Plan - Growth Option,13.2557,2026-08-13
150326,INF277KA1372,,Tata Nifty SDL Plus AAA PSU Bond Dec 6040 Index Fund- Direct Plan-Growth,13.3541,2026-08-13
150344,INF277KA1430,,Tata Nifty India Digital ETF Fund of Fund-Direct Plan-Growth,14.2556,2026-08-13
150346,INF03VN01530,,WhiteOak Capital Flexi Cap Fund Direct Plan-Growth,19.439,2026-08-13
150353,INF209KB19H2,,Aditya Birla Sun Life Crisil IBX 60:40 SDL+AAA PSU-Apr 2027 Index Fund-Direct Growth,13.1225,2026-08-13
150358,INF769K01IH8,,Mirae Asset Nifty SDL Jun 2027 Index Fund -Direct Plan - Growth,13.2215,2026-08-13
150367,INF0J8L01065,,NJ Arbitrage Fund - Direct Plan - Growth Option,13.0786,2026-08-13
150369,INF0J8L01081,,NJ Overnight Fund - Direct Plan - Growth Option,1270.1085,2026-08-13
150376,INF754K01OP1,,Edelweiss Focused Fund - Direct Plan - Growth,18.225,2026-08-13
150387,INF251K01QZ2,,Baroda BNP Paribas Flexi Cap Fund - Direct Plan - Growth Option,17.2691,2026-08-13
150390,INF082J01416,,Quantum Nifty 50 ETF FOF - Direct Plan - Growth,14.5221,2026-08-13
150392,INF767K01RE0,,LIC MF Money Market Fund-Direct Plan-Growth,1295.8651,2026-08-13
150404,INF194KB1DJ2,,BANDHAN MIDCAP FUND - GROWTH - DIRECT PLAN,20.589,2026-08-13
150407,INF582M01HW2,,Union Gilt Fund - Direct Plan - Growth Option,12.6775,2026-08-13
150410,INF789F1AVR7,,UTI Gilt Fund with 10 year Constant Duration - Direct Plan - Growth Option,13.4883,2026-08-13
150428,INF740KA1RB9,,DSP Nifty Midcap 150 Quality 50 Index Fund - Direct - Growth,15.2737,2026-08-13
150440,INF966L01AT0,,quant Large Cap Fund - Growth Option - Direct Plan,16.9991,2026-08-13
150443,INF247L01BC9,,Motilal Oswal BSE Financials ex Bank 30 Index Fund Direct Growth,18.4767,2026-08-13
150452,INF109KC11D8,,ICICI Prudential Nifty 200 Momentum 30 Index Fund - Direct Plan - Growth,17.0135,2026-08-13
150468,INF109KC13E2,,ICICI Prudential Nifty IT Index Fund - Direct Plan - Growth,11.1814,2026-08-13
150470,INF769K01IN6,,Mirae Asset Balanced Advantage Fund Direct Plan- Growth,15.667,2026-08-13
150481,INF090I01WQ5,,Franklin India Balanced Advantage Fund- Growth- Direct,15.563,2026-08-13
150484,INF209KB17J2,,Aditya Birla Sun Life Long Duration Fund-Direct Growth,13.5981,2026-08-13
150487,INF204KC1584,,Nippon India Nifty Alpha Low Volatility 30 Index Fund - Direct Plan - Growth Option,16.5741,2026-08-13
150505,INF760K01KC4,,Canara Robeco Banking and PSU Debt Fund- Direct Plan- Growth Option,12.9304,2026-08-13
150513,INF0GCD01503,,TRUSTMF MONEY MARKET FUND-DIRECT PLAN-GROWTH,1316.0421,2026-08-13
150515,INF959L01GD6,,Navi Nifty India Manufacturing Index Fund- Direct Plan- Growth,20.246,2026-08-13
150518,INF247L01BF2,,Motilal Oswal BSE Enhanced Value Index Fund-Direct plan,27.9468,2026-08-13
150521,INF247L01BI6,,Motilal Oswal BSE Quality Index Fund-Direct plan,18.0111,2026-08-13
150532,INF277KA1497,,Tata Housing Opportunities Fund - Direct Plan - Growth,16.1133,2026-08-13
150539,INF109KC12I5,,ICICI Prudential PSU Equity Fund - Direct Plan - Growth,23.41,2026-08-13
150545,INF192K01MP8,,JM Short Duration Fund (Direct) - Growth,13.1299,2026-08-13
150554,INF582M01IK5,,Union Retirement Fund - Direct Plan - Growth Option,17.72,2026-08-13
150571,INF903JA1LE2,,Sundaram Flexicap Fund Direct Growth,15.4995,2026-08-13
150581,INF754K01OX5,,Edelweiss Gold and Silver ETF FOF - Direct Plan - Growth,34.318,2026-08-13
150584,INF03VN01597,,WhiteOak Capital Mid Cap Fund Direct Plan Growth,23.658,2026-08-13
150587,INF03VN01621,,WhiteOak Capital ELSS Tax Saver Fund Direct Plan Growth,19.551,2026-08-13
150591,INF194KB1DP9,,BANDHAN NIFTY200 MOMENTUM 30 INDEX FUND - GROWTH - DIRECT PLAN,15.9689,2026-08-13
150595,INF769K01IQ9,,Mirae Asset Global Electric & Autonomous Vehicles Equity Passive FOF - Direct Plan - Growth,17.076,2026-08-13
150597,INF769K01IS5,,Mirae Asset Global X Artificial Intelligence & Technology ETF Fund of Fund - Direct Plan- Growth,36.203,2026-08-13
150615,INF846K015J4,,Axis Silver Fund of Fund- Direct Plan-Growth Option,39.72,2026-08-13
150624,INF174KA1JN6,,Kotak Business Cycle - Direct Plan - Growth,18.568,2026-08-13
150627,INF204KC1634,,Nippon India Fixed Maturity Plan-XLIV-Series 1-Direct Plan-Growth Option,13.3796,2026-08-13
150631,INF0K1H01040,,Samco Overnight Fund - Direct Plan - Growth Option,1252.5277,2026-08-13
150636,INF194KB1DV7,,BANDHAN NIFTY100 LOW VOLATILITY 30 INDEX FUND - GROWTH - DIRECT PLAN,16.2326,2026-08-13
150639,INF109KC10J7,,ICICI Prudential Nifty50 Equal Weight Index Fund- Direct Plan - Growth,17.4972,2026-08-13
150642,INF247L01BM8,,Motilal Oswal Gold and Silver Passive Fund of Funds(Direct Plan),31.0555,2026-08-13
150643,INF109KC16J4,,ICICI Prudential Nifty Auto Index Fund - Direct Plan - Growth,23.7822,2026-08-13
150659,INF767K01RK7,,LIC MF Multi Cap Fund-Direct Plan-Growth,19.8548,2026-08-13
150671,INF754K01PF9,,Edelweiss CRISIL IBX 50:50 Gilt Plus SDL April 2037 Index Fund - Direct Plan - Growth,13.6047,2026-08-13
150673,INF200KA10P5,,SBI Nifty Midcap 150 Index Fund - Direct Plan - Growth,20.5238,2026-08-13
150677,INF200KA16P2,,SBI Nifty Smallcap 250 Index Fund - Direct Plan - Growth,20.0383,2026-08-13
150681,INF200KA12Q9,,SBI |CRISIL IBX Gilt Index - June 2036 Fund - Direct Plan - Growth,13.664,2026-08-13
150685,INF109KC12K1,,ICICI PRUDENTIAL TRANSPORTATION AND LOGISTICS FUND - Direct Plan - Growth,24.18,2026-08-13
150688,INF209KB15M0,,Aditya Birla Sun Life Multi-Asset Passive FOF-Direct Growth,18.0529,2026-08-13
150702,INF209KB14N1,,Aditya Birla Sun Life Crisil IBX 50:50 Gilt Plus SDL Apr 2028 Index Fund-Direct Growth,13.3533,2026-08-13
150706,INF200KA18Q6,,SBI CRISIL IBX Gilt Index - April 2029 Fund - Direct Plan - Growth,13.4193,2026-08-13
150711,INF200KA14R3,,SBI CRISIL IBX SDL Index - September 2027 Fund - Direct Plan - Growth,13.2546,2026-08-13
150714,INF789F1AWB9,,UTI Gold ETF Fund of Fund - Direct Plan - Growth Option,29.2435,2026-08-13
150716,INF194KB1EB7,,BANDHAN TRANSPORTATION AND LOGISTICS FUND - GROWTH - DIRECT PLAN,22.558,2026-08-13
150725,INF174KA1JT3,,Kotak Nifty SDL Plus AAA PSU Bond Jul 2028 60:40 Index Fund Direct Plan - Growth,13.2743,2026-08-13
150727,INF754K01PN3,,Edelweiss CRISIL IBX 50:50 Gilt Plus SDL June 2027 Index Fund - Direct Plan - Growth,13.2098,2026-08-13
150729,INF109KC14L5,,ICICI Prudential Nifty SDL Dec 2028 Index Fund - Direct Plan - Growth,13.4288,2026-08-13
150733,INF109KC18K8,,ICICI Prudential Nifty G-Sec Dec 2030 Index Fund - Direct Plan - Growth,13.5124,2026-08-13
150737,INF179KC1DU7,,HDFC Silver ETF Fund of Fund - Growth Option - Direct Plan,38.143,2026-08-13
150738,INF277KA1612,,Tata Nifty Midcap 150 Momentum 50 Index Fund - Growth - Direct Plan,18.9548,2026-08-13
150751,INF846K012K9,,Axis NASDAQ 100 US Specific Equity Passive FOF - Direct Plan - Growth,30.3649,2026-08-13
150754,INF204KC1683,,Nippon India Nifty AAA PSU Bond Plus SDL - Sep 2026 Maturity 50:50 Index Fund-Direct Plan-Growth Option,13.0561,2026-08-13
150778,INF209KB12O3,,Aditya Birla Sun Life Crisil IBX Gilt-Apr-2029 Index Fund-Direct Growth,13.4681,2026-08-13
150792,INF769K01IX5,,Mirae Asset CRISIL IBX Gilt Index - April 2033 Index Fund - Direct Plan - Growth,13.5968,2026-08-13
150797,INF03VN01696,,WhiteOak Capital Large Cap Fund Direct Plan Growth,16.142,2026-08-13
150805,INF179KC1DY9,,HDFC Business Cycle Fund - Growth Option - Direct Plan,16.047,2026-08-13
150807,INF754K01PV6,,Edelweiss CRISIL IBX 50:50 Gilt Plus SDL Sep 2028 Index Fund - Direct Plan - Growth,13.2858,2026-08-13
150815,INF192K01MV6,,JM Midcap Fund (Direct) - Growth,22.9586,2026-08-13
150817,INF760K01KI1,,Canara Robeco Mid Cap Fund- Direct Plan- Growth Option,19.63,2026-08-13
150822,INF174KA1KJ2,,Kotak Income Plus Arbitrage Omni FOF-Direct Plan-Growth,13.2333,2026-08-13
150824,INF204KC1741,,Nippon India Nifty SDL Plus G-Sec - Jun 2028 Maturity 70:30 Index Fund-Direct Plan-Growth Option,13.1415,2026-08-13
150838,INF0K1H01065,,Samco ELSS Tax Saver Fund - Direct Plan - Growth Option,13.92,2026-08-13
150842,INF740KA1YL4,,DSP FMP Series - 267 - 1172 Days - Direct - Growth,13.0555,2026-08-13
150845,INF179KC1EE9,,HDFC Nifty G-Sec Dec 2026 Index Fund - Growth Option - Direct Plan,12.9997,2026-08-13
150847,INF179KC1EH2,,HDFC Nifty G-Sec July 2031 Index Fund - Growth Option - Direct Plan,13.4719,2026-08-13
150854,INF846K018K6,,Axis Nifty SDL September 2026 Debt Index Fund - Direct Plan - Growth,12.9807,2026-08-13
150858,INF582M01IO7,,Union Multicap Fund - Direct Plan - Growth Option,18.58,2026-08-13
150865,INF251K01RF2,,Baroda BNP Paribas Multi Asset Fund - Direct Plan - Growth Option,17.3685,2026-08-13
150868,INF194KB1ET9,,BANDHAN CRISIL IBX 90:10 SDL PLUS GILT - NOV 2026 INDEX FUND - DIRECT GROWTH,13.0246,2026-08-13
150871,INF194KB1EN2,,BANDHAN CRISIL IBX 90:10 SDL PLUS GILT APRIL 2032 INDEX FUND - DIRECT GROWTH,13.3186,2026-08-13
150888,INF194KB1EZ6,,BANDHAN CRISIL IBX 90:10 SDL PLUS GILT - SEP27 INDEX FUND - DIRECT GROWTH,13.1436,2026-08-13
150892,INF754K01QT8,,Edelweiss Nifty Smallcap 250 Index Fund - Direct Plan - Growth,19.1495,2026-08-13
150899,INF754K01QL5,,Edelweiss Nifty Next 50 Index Fund - Direct Plan - Growth,17.4547,2026-08-13
150902,INF754K01QD2,,Edelweiss Nifty Midcap150 Momentum 50 Index Fund - Direct Plan - Growth,19.0527,2026-08-13
150906,INF204KC1881,,Nippon India Nifty G-Sec Sep 2027 Maturity Index Fund-Direct Plan-Growth Option,12.9539,2026-08-13
150915,INF174V01BK7,,Mahindra Manulife Small Cap Fund - Direct Plan - Growth,23.4506,2026-08-13
150920,INF204KC1AC0,,Nippon India Nifty G-Sec Jun 2036 Maturity Index Fund-Direct Plan-Growth Option,13.3755,2026-08-13
150930,INF109KC11M9,,ICICI Prudential Nifty Pharma Index Fund - Direct Plan - Growth,20.6735,2026-08-13
150989,INF754K01RC2,,BHARAT Bond ETF FOF - April 2033 - Direct Plan - Growth,13.1895,2026-08-13
150996,INF917K01HN3,,HSBC Corporate Bond Fund - Direct Growth,83.221,2026-08-13
151014,INF917K01FI7,,HSBC Gilt Fund - Direct Growth,78.3432,2026-08-13
151036,INF917K01FZ1,,HSBC Midcap Fund - Direct Growth,540.1554,2026-08-13
151040,INF917K01FW8,,HSBC Infrastructure Fund - Direct Growth,58.1772,2026-08-13
151045,INF917K01UH8,,HSBC Credit Risk Fund - Direct Growth,37.6719,2026-08-13
151054,INF917K01FE6,,HSBC Money Market Fund - Direct Growth,29.7578,2026-08-13
151060,INF917K01GE4,,HSBC Equity Savings Fund - Direct Growth,41.2921,2026-08-13
151067,INF917K01IQ4,,HSBC Short Duration Fund - Direct Growth,29.9954,2026-08-13
151078,INF917K01GP0,,HSBC ELSS Tax saver Fund - Direct Growth,158.0094,2026-08-13
151087,INF917K01HA0,,HSBC Dynamic Bond Fund - Direct Growth,33.6839,2026-08-13
151107,INF917K01HH5,,HSBC Banking and PSU Debt Fund - Direct Growth,27.2706,2026-08-13
151113,INF917K01HD4,,HSBC Value Fund - Direct Growth,130.4604,2026-08-13
151117,INF917K01GM7,,HSBC Low Duration Fund - Direct Growth,32.5409,2026-08-13
151122,INF917K01LE4,,HSBC Aggressive Hybrid Fund - Direct Growth,68.8268,2026-08-13
151129,INF917K01IN1,,HSBC Balanced Advantage Fund - Direct Growth,52.4476,2026-08-13
151130,INF917K01QA1,,HSBC Small Cap Fund - Direct Growth,101.0457,2026-08-13
151138,INF917K01QR5,,HSBC Arbitrage Fund - Direct Growth,21.8061,2026-08-13
151142,INF917K01RI2,,HSBC Business Cycles Fund - Direct Growth,49.2859,2026-08-13
151146,INF917K01TK4,,HSBC Medium Duration Fund - Direct Growth,23.9571,2026-08-13
151157,INF917K01D12,,HSBC NIFTY 50 INDEX FUND - Direct Growth,28.8985,2026-08-13
151160,INF917K01D79,,HSBC NIFTY NEXT 50 INDEX FUND - Direct Growth,32.8004,2026-08-13
151165,INF579M01AN2,,360 ONE ELSS Tax Saver Nifty 50 Index Fund - Direct Plan - Growth,13.8805,2026-08-13
151179,INF846K014L3,,Axis Long Duration Fund - Direct Plan - Growth,1285.5976,2026-08-13
151181,INF179KC1EJ8,,HDFC Nifty G-Sec Jun 2027 Index Fund - Growth Option - Direct Plan,12.9858,2026-08-13
151183,INF179KC1EL4,,HDFC Nifty G-Sec Sep 2032 Index Fund - Growth Option - Direct Plan,13.3723,2026-08-13
151185,INF789F1AWX3,,UTI CRISIL SDL Maturity April 2033 Index Fund - Direct Plan - Growth Option,13.1777,2026-08-13
151190,INF966L01AZ7,,quant Overnight Fund - Growth Option - Direct Plan,12.5372,2026-08-13
151211,INF109KC13P8,,ICICI Prudential Nifty SDL Sep 2026 Index Fund - Direct Plan - Growth,12.8678,2026-08-13
151214,INF200KA16T4,,SBI Long Duration Fund - Direct Plan - Growth,12.9195,2026-08-13
151228,INF966L01BF7,,quant Gilt Fund - Growth Option - Direct Plan,12.6549,2026-08-13
151232,INF277KA1679,,Tata Multicap Fund - Direct Plan - Growth,16.5179,2026-08-13
151239,INF789F1AWZ8,,UTI CRISIL SDL Maturity June 2027 Index Fund - Direct Plan - Growth Option,12.9575,2026-08-13
151267,INF03VN01738,,WhiteOak Capital Balanced Advantage Fund Direct Plan Growth,15.8,2026-08-13
151273,INF277KA1737,,Tata Nifty G-Sec Dec 2029 Index Fund - Direct Plan - Growth,13.1284,2026-08-13
151283,INF251K01RL0,,Baroda BNP Paribas Nifty SDL December 2026 Index Fund - Direct Plan - Growth Option,12.8631,2026-08-13
151286,INF174KA1LP7,,Kotak FMP Series 304-Direct Plan-Growth Option,13.3966,2026-08-13
151290,INF336L01QN5,,HSBC Multi Cap Fund - Direct - Growth,21.4407,2026-08-13
151300,INF846K010N7,,Axis CRISIL IBX 50:50 Gilt Plus SDL June 2028 Index Fund - Direct Plan - Growth,12.954,2026-08-13
151301,INF277KA1794,,Tata Nifty G Sec Dec 2026 Index Fund-Direct Plan-Growth,12.813,2026-08-13
151307,INF209KB15R9,,Aditya Birla Sun Life Multi Asset Allocation Fund-Direct Growth,18.0222,2026-08-13
151313,INF179KC1ET7,,HDFC Long Duration Debt Fund - Growth Option - Direct Plan,12.7713,2026-08-13
151320,INF0GCD01560,,TRUSTMF CORPORATE BOND FUND-DIRECT PLAN-GROWTH,1277.0791,2026-08-13
151329,INF740KA1SB7,,DSP CRISIL-IBX 50:50 Gilt Plus SDL - April 2033 Index Fund - Direct - Growth,13.2261,2026-08-13
151365,INF754K01RK5,,Edelweiss CRISIL IBX 50:50 Gilt Plus SDL Short Duration Index fund - Direct Plan - Growth,12.9244,2026-08-13
151368,INF846K016N4,,Axis Business Cycles Fund - Direct Plan - Growth,18.26,2026-08-13
151373,INF740KA1SH4,,DSP Nifty SDL Plus G-Sec Sep 2027 50:50 Index Fund - Direct - Growth,12.9566,2026-08-13
151379,INF00XX01CO7,,ITI Flexi Cap Fund- Direct Plan- Growth,21.2314,2026-08-13
151384,INF174KA1MD1,,Kotak Banking & Financial Services Fund - Direct Plan - Growth,17.32,2026-08-13
151390,INF204KC1AI7,,Nippon India Nifty SDL Plus G-Sec-Jun 2029 Maturity 70:30 Index Fund-Direct Plan-Growth Option,13.0098,2026-08-13
151407,INF663L01X21,,"PGIM India CRISIL IBX Gilt Index - Apr 2028 Fund - Direct Plan, Growth Option",12.8735,2026-08-13
151408,INF194KB1FF5,,BANDHAN CRISIL IBX GILT APRIL 2032 INDEX FUND - DIRECT GROWTH,13.2388,2026-08-13
151412,INF769K01JJ2,,Mirae Asset Flexi Cap Fund - Direct Plan - Growth,17.163,2026-08-13
151420,INF174KA1MJ8,,Kotak Nifty SDL Jul 2033 Index Fund Direct Plan Growth Option,13.1022,2026-08-13
151427,INF209KB14S0,,Aditya Birla Sun Life CRISIL IBX SDL Jun 2032 INDEX FUND - Direct Growth,13.1437,2026-08-13
151435,INF846K012O1,,AXIS CRISIL IBX 50:50 Gilt Plus SDL September 2027 Index Fund- DIRECT PLAN-GROWTH,12.9229,2026-08-13
151440,INF204KC1AO5,,Nippon India Nifty G-Sec Oct 2028 Maturity Index Fund-Direct Plan-Growth Option,12.9938,2026-08-13
151443,INF761K01FR0,,Bank of India Multi Cap Fund Direct Plan - Growth,20.89,2026-08-13
151449,INF740KA1YR1,,DSP FMP Series - 270 - 1172 Days - Direct - Growth,12.8118,2026-08-13
151456,INF179KC1FI7,,HDFC Nifty SDL Oct 2026 Index Fund - Growth Option - Direct Plan,12.8168,2026-08-13
151458,INF179KC1FC0,,HDFC MNC Fund - Growth Option - Direct Plan,14.944,2026-08-13
151470,,,HDFC FMP 2638D February 2023 - Growth Option - Direct Plan,13.2884,2026-08-13
151471,INF959L01GR6,,NAVI ELSS TAX SAVER NIFTY 50 INDEX FUND - DIRECT PLAN GROWTH,14.847,2026-08-13
151479,INF336L01QT2,,HSBC CRISIL IBX Gilt June 2027 Index Fund - Direct - Growth,12.7557,2026-08-13
151485,INF789F1AXP7,,UTI Fixed Term Income Fund Series XXXVI - I (1574 Days) - Direct Plan - Growth Option,13.0208,2026-08-13
151487,INF789F1AXR3,,UTI NIFTY SDL Plus AAA PSU Bond Apr 2028- 75:25 Index Fund - Direct Plan - Growth Option,12.9516,2026-08-13
151489,INF179KC1FS6,,HDFC Nifty G-Sec Jun 2036 Index Fund - Growth Option - Direct Plan,13.2691,2026-08-13
151493,INF109KC14R2,,ICICI Prudential Fixed Maturity Plan - Series 88 - 1303 Days Plan S - Direct Plan - Growth,12.7909,2026-08-13
151495,INF179KC1FQ0,,HDFC Nifty G-Sec Apr 2029 Index Fund - Growth Option - Direct Plan,13.0551,2026-08-13
151523,INF789F1AYB5,,UTI Long Duration Fund - Direct Plan - Growth Option,12.5109,2026-08-13
151548,INF194KB1FV2,,Bandhan US Treasury Bond 0-1 year specific Debt Passive FOF - DIRECT PLAN - GROWTH,13.3965,2026-08-13
151562,INF209KB16T3,,Aditya Birla Sun Life Nifty SDL SEP 2027 Index Fund-Direct Growth,12.9462,2026-08-13
151565,,,HDFC FMP 1269D March 2023 - Growth Option - Direct Plan,12.6554,2026-08-13
151570,INF179KC1GA2,,HDFC NIFTY SDL Plus G-Sec Jun 2027 40:60 Index Fund - Growth Option - Direct Plan,12.7611,2026-08-13
151574,INF251K01RR7,,Baroda BNP Paribas NIFTY SDL December 2028 Index Fund - Direct Plan - Growth Option,12.9395,2026-08-13
151577,INF209KB11U2,,Aditya Birla Sun Life Crisil IBX Gilt Apr 2028 Index Fund-Direct Growth,12.6787,2026-08-13
151580,INF109KC12T2,,ICICI Prudential Innovation Fund - Direct Plan - Growth,20.6,2026-08-13
151593,INF205KA1775,,Invesco India Nifty G-sec Jul 2027 Index Fund - Direct Plan - Growth,1275.2536,2026-08-13
151597,INF205KA1817,,Invesco India Nifty G-sec Sep 2032 Index Fund - Direct Plan - Growth,1307.8397,2026-08-13
151603,INF174KA1MQ3,,Kotak Silver ETF Fund of Fund - Direct Plan - Growth Option,30.8304,2026-08-13
151611,INF0J8L01115,,NJ ELSS Tax Saver Scheme Direct Growth,15.25,2026-08-13
151649,INF174KA1NB3,,Kotak Nifty Smallcap 50 Index Fund - Direct Plan - Growth,23.258,2026-08-13
151691,INF769K01JZ8,,Mirae Asset Nifty SDL June 2028 Index Fund - Direct Plan - Growth,12.8573,2026-08-13
151708,INF204KC1BJ3,,Nippon India Fixed Maturity Plan-XLV-Series 5-Direct Plan-Growth Option,13.3164,2026-08-13
151713,INF966L01BL5,,quant Dynamic Asset Allocation Fund - Growth Option - Direct Plan,17.3302,2026-08-13
151724,INF179KC1GC8,,HDFC NIFTY Midcap 150 Index Fund - Growth Option - Direct Plan,20.1137,2026-08-13
151727,INF179KC1GE4,,HDFC NIFTY Smallcap 250 Index Fund - Growth Option - Direct Plan,20.026,2026-08-13
151728,INF179KC1GG9,,HDFC BSE 500 Index Fund - Growth Option - Direct Plan,16.0041,2026-08-13
151731,INF789F1AYL4,,UTI Silver ETF Fund of Fund - Direct Plan - Growth Option,29.553,2026-08-13
151739,INF789F1AYN0,,UTI Nifty 500 Value 50 Index Fund - Direct Plan - Growth Option,22.5866,2026-08-13
151745,INF03VN01761,,WhiteOak Capital Multi Asset Allocation Fund Direct Plan Growth,16.806,2026-08-13
151750,INF179KC1GI5,,HDFC Defence Fund - Growth Option - Direct Plan,31.721,2026-08-13
151753,INF0K1H01081,,Samco Active Momentum Fund - Direct Plan - Growth Option,15.66,2026-08-13
151755,INF251K01SD5,,Baroda BNP Paribas Value Fund - Direct Plan - Growth option,14.5257,2026-08-13
151757,INF966L01BR2,,quant Business Cycle Fund - Growth Option - Direct Plan,17.4133,2026-08-13
151762,INF789F1AYP5,,UTI Nifty50 Equal Weight Index Fund - Direct Plan - Growth Option,15.5281,2026-08-13
151764,INF789F1AYR1,,UTI BSE Housing Index Fund - Direct Plan - Growth Option,14.4796,2026-08-13
151769,INF200KA16Y4,,SBI BSE Sensex Index Fund - Direct Plan - Growth,12.8903,2026-08-13
151777,INF00XX01CS8,,ITI Focused Fund - Direct Plan - Growth,17.7317,2026-08-13
151781,INF174KA1OB1,,Kotak Nifty 200 Momentum 30 Index Fund - Direct Plan - Growth Option,14.933,2026-08-13
151785,INF846K017R3,,Axis Nifty IT Index Fund - Direct Plan - Growth,11.0639,2026-08-13
151791,INF966L01BX0,,quant BFSI Fund - Growth Option - Direct Plan,21.3983,2026-08-13
151792,INF754K01RS8,,Edelweiss Multi Asset Allocation Fund - Direct Plan - Growth,12.6204,2026-08-13
151796,INF579M01AS1,,360 ONE FLEXICAP FUND-DIRECT PLAN- GROWTH,17.3369,2026-08-13
151804,INF179KC1GO3,,HDFC Consumption Fund - Growth Option - Direct Plan,14.627,2026-08-13
151810,INF769K01KK8,,Mirae Asset Multicap Fund - Direct Plan - Growth,15.598,2026-08-13
151814,INF247L01BQ9,,Motilal Oswal Nifty Microcap 250 Index Fund- Direct- Growth Option,19.1017,2026-08-13
151816,INF194KB1GB2,,BANDHAN FINANCIAL SERVICES FUND - DIRECT PLAN - GROWTH,15.874,2026-08-13
151824,INF760K01KO9,,Canara Robeco Multi Cap Fund - Direct Plan - Growth Option,15.88,2026-08-13
151833,INF0QA701011,,Bajaj Finserv Liquid Fund - Direct Plan - Growth,1233.754,2026-08-13
151849,INF0QA701177,,Bajaj Finserv Overnight Fund - Direct Plan - Growth,1204.3963,2026-08-13
151853,INF966L01CD0,,quant Healthcare Fund - Growth Option - Direct Plan,18.8544,2026-08-13
151881,INF174KA1OL0,,Kotak Quant Fund - Direct Plan - Growth Option,15.712,2026-08-13
151885,INF789F1AYV3,,UTI Balanced Advantage Fund - Direct Plan - Growth Option,13.2485,2026-08-13
151889,INF0QA701334,,Bajaj Finserv Money Market Fund-Direct Plan-Growth,1248.8748,2026-08-13
151895,INF0QA701342,,Bajaj Finserv Flexi Cap Fund-Direct Plan-Growth,16.519,2026-08-13
151901,INF179KC1GU0,,HDFC Transportation and Logistics Fund - Growth Option - Direct Plan,20.83,2026-08-13
151905,INF582M01JE6,,Union Innovation & Opportunities Fund - Direct Plan - Growth Option,16.81,2026-08-13
151911,INF174KA1OR7,,Kotak Nifty Financial Services Ex-Bank Index Fund - Direct Plan - Growth option,17.138,2026-08-13
151916,INF966L01CJ7,,quant Manufacturing Fund - Growth Option - Direct Plan,17.4443,2026-08-13
151917,INF0J8L01156,,NJ Flexi Cap Fund - Direct Plan - Growth Option,14.03,2026-08-13
151937,INF397L01AW2,,LIC MF Nifty Next 50 Index Fund-Direct Plan-Growth,61.3902,2026-08-13
151952,INF397L01AZ5,,LIC MF Equity Savings Fund-Direct Plan-Growth,32.8116,2026-08-13
151974,INF397L01BU4,,LIC MF Gold ETF Fund of Fund-Direct Plan-Growth,41.4576,2026-08-13
152002,INF397L01JK8,,LIC MF Mid Cap Fund-Direct Plan-Growth,35.6819,2026-08-13
152004,INF397L01JS1,,LIC MF Small Cap Fund-Direct Plan-Growth,39.4233,2026-08-13
152010,INF397L01KA7,,LIC MF Focused Fund-Direct Plan-Growth,25.1322,2026-08-13
152018,INF397L01KU5,,LIC MF Value Fund-Direct Plan-Growth,31.8462,2026-08-13
152024,INF397L01LK4,,LIC MF Healthcare Fund-Direct Plan-Growth,37.587,2026-08-13
152032,INF336L01QZ9,,HSBC Consumption Fund - Direct Growth,16.0978,2026-08-13
152033,INF204KC1BO3,,Nippon India Innovation Fund-Direct Plan-Growth Option,15.8685,2026-08-13
152039,INF174KA1OX5,,Kotak BSE Housing Index Fund - Direct Plan - Growth Option,13.493,2026-08-13
152041,INF194KB1GK3,,Bandhan Nifty IT Index Fund - Direct Plan - Growth,10.7133,2026-08-13
152045,INF174V01BQ4,,Mahindra Manulife Business Cycle Fund - Direct Plan - Growth,16.8148,2026-08-13
152051,INF680P01406,,Shriram Multi Asset Allocation Fund - Direct Growth,14.0783,2026-08-13
152056,INF740KA1TE9,,DSP Multi Asset Allocation Fund - Direct - Growth,17.0513,2026-08-13
152059,INF179KC1HI3,,HDFC Technology Fund - Growth Option - Direct Plan,12.624,2026-08-13
152062,INF959L01HK9,,NAVI BSE SENSEX INDEX FUND - DIRECT PLAN - GROWTH,12.18,2026-08-13
152064,INF174KA1PD4,,Kotak Multi Asset Allocation Fund - Direct Plan - Growth Option,16.837,2026-08-13
152067,INF966L01CT6,,quant Teck Fund - Growth Option - Direct Plan,12.1156,2026-08-13
152071,INF03VN01803,,WhiteOak Capital Multi Cap Fund Direct Plan Growth,17.126,2026-08-13
152076,INF579M01AY9,,360 ONE Balanced Hybrid Fund- Direct Plan - Growth,13.9432,2026-08-13
152077,INF0QA701524,,Bajaj Finserv Arbitrage Fund-Direct Plan-Growth,12.199,2026-08-13
152082,INF179KC1HO1,,HDFC Pharma and Healthcare Fund - Growth Option - Direct Plan,22.166,2026-08-13
152087,INF789F1AZA4,,UTI Innovation Fund - Direct Plan - Growth Option,12.2288,2026-08-13
152090,INF247L01BT3,,Motilal Oswal Developed Market Ex US ETFs Fund of Funds Direct Plan Growth,19.2301,2026-08-13
152092,INF666M01HM4,,Groww Nifty Total Market Index Fund - Direct Plan - Growth,14.2643,2026-08-13
152094,INF754K01SD8,,Edelweiss Multi Cap Fund - Direct Plan - Growth,16.8592,2026-08-13
152098,INF174KA1PJ1,,Kotak Nifty G-Sec July 2033 Index Fund - Direct Plan - Growth,12.6095,2026-08-13
152102,INF194KB1GU2,,Bandhan Retirement Fund - Direct Plan - Growth,13.435,2026-08-13
152107,INF082J01432,,QUANTUM SMALL CAP FUND - DIRECT PLAN GROWTH OPTION,14.28,2026-08-13
152109,INF879O01225,,Parag Parikh Arbitrage Fund - Direct Plan Growth,12.0864,2026-08-13
152128,INF251K01SR5,,Baroda BNP Paribas Small Cap Fund - Direct Plan - Growth option,14.7824,2026-08-13
152132,INF03VN01829,,WhiteOak Capital Balanced Hybrid Fund Direct Plan Growth,14.036,2026-08-13
152135,INF0R8701046,,Helios Flexi Cap Fund - Direct Plan - Growth Option,16.29,2026-08-13
152140,INF209KB16W7,,Aditya Birla Sun Life US Treasury 1-3 Year Bond ETFs Fund Of Funds-Direct Growth,12.9026,2026-08-13
152150,INF209KB12X4,,Aditya Birla Sun Life US Treasury 3-10 Year Bond ETFs Fund Of Funds-Direct Growth,13.0784,2026-08-13
152152,INF0R8701079,,Helios Overnight Fund - Direct Plan - Growth Option,1176.7901,2026-08-13
152156,INF0R8F01018,,Zerodha Nifty LargeMidcap 250 Index Fund - Direct Plan - Growth option,14.6752,2026-08-13
152157,INF0R8F01026,,Zerodha ELSS Tax Saver Nifty LargeMidcap 250 Index Fund - Direct Plan - Growth option,14.7061,2026-08-13
152158,INF209KB15X7,,Aditya Birla Sun Life Transportation and Logistics Fund-Direct Growth,18.3,2026-08-13
152162,INF0QA701607,,Bajaj Finserv Banking and PSU Fund-Direct Plan- Growth,12.2381,2026-08-13
152169,INF174KA1PP8,,Kotak Consumption Fund - Direct plan - Growth Option,15.067,2026-08-13
152177,INF194KB1HA2,,Bandhan Nifty Alpha 50 Index Fund - Direct Plan - Growth,14.9008,2026-08-13
152183,INF740KA1TK6,,DSP Gold ETF Fund of Fund - Direct - Growth,23.9202,2026-08-13
152188,INF0K1H01131,,Samco Dynamic Asset Allocation Fund - Direct Plan - Growth Option,10.67,2026-08-13
152189,INF966L01CZ3,,quant Momentum Fund - Growth Option - Direct Plan,15.9393,2026-08-13
152194,INF0QA701656,,Bajaj Finserv Balanced Advantage Fund-Direct Plan-Growth,12.375,2026-08-13
152202,INF846K016S3,,Axis India Manufacturing Fund - Direct Plan - Growth,16.85,2026-08-13
152206,INF740KA1TQ3,,DSP Banking & Financial Services Fund - Direct - Growth,15.73,2026-08-13
152214,INF174KA1PZ7,,Kotak Healthcare Fund - Direct Plan - Growth Option,17.371,2026-08-13
152219,INF582M01JK3,,Union Children's Fund - Direct Plan - Growth Option,13.53,2026-08-13
152226,INF03VN01845,,Whiteoak Capital Large & Mid Cap Fund Direct Plan Growth,14.729,2026-08-13
152237,INF247L01BY3,,Motilal Oswal Small Cap Fund - Direct - Growth,17.5701,2026-08-13
152240,INF846K017T9,,Axis US Specific Treasury Dynamic Debt Passive FOF - Direct Plan - Growth Option,12.269,2026-08-13
152243,INF740KA1TW1,,DSP Nifty Smallcap250 Quality 50 Index Fund - Direct - Growth,11.4394,2026-08-13
152254,INF666M01HS1,,Groww Banking & Financial Services Fund - Direct Plan - Growth,13.6334,2026-08-13
152255,INF966L01DF3,,quant Commodities Fund - Growth Option - Direct Plan,15.3785,2026-08-13
152264,INF194KB1HG9,,BANDHAN Nifty Smallcap 250 Index Fund - Direct Plan - Growth,13.3316,2026-08-13
152267,INF209KB19Y7,,Aditya Birla Sun Life Crisil IBX Gilt Apr 2033 Index Fund-Direct Growth,12.3372,2026-08-13
152287,INF277KA1869,,Tata Gold ETF Fund of Fund Direct Plan Growth Option,23.2961,2026-08-13
152293,INF277KA1943,,Tata Silver ETF Fund of Fund Direct Plan Growth Option,30.2651,2026-08-13
152310,INF740KA1UC1,,DSP Multicap Fund - Direct - Growth,12.883,2026-08-13
152314,INF903JA1LK9,,Sundaram Multi Asset Allocation Fund Direct Plan Growth,14.0515,2026-08-13
152321,INF03VN01860,,WhiteOak Capital Banking & Financial Services Fund - Direct Growth,13.721,2026-08-13
152324,INF194KB1HM7,,Bandhan Multi Asset Allocation Fund - Direct Plan - Growth,15.0038,2026-08-13
152329,INF251K01SY1,,Baroda BNP Paribas Nifty 50 Index Fund - Direct Plan - Growth option,11.5262,2026-08-13
152336,INF966L01DN7,,quant Consumption Fund - Growth Option - Direct Plan,10.5195,2026-08-13
152344,INF769K01KZ6,,Mirae Asset Multi Asset Allocation Fund - Direct Plan - Growth,14.256,2026-08-13
152349,INF03VN01886,,WhiteOak Capital Pharma and Heathcare Fund Direct Plan Growth,17.581,2026-08-13
152354,INF247L01CE3,,Motilal Oswal Large Cap Direct Plan Growth,14.1999,2026-08-13
152358,INF0S5R01042,,Old Bridge Focused Fund - Direct Growth,14.31,2026-08-13
152365,INF109KC16T3,,ICICI Prudential Nifty50 Value 20 Index Fund - Direct Plan - Growth,10.2649,2026-08-13
152370,INF200KB1027,,SBI Nifty50 Equal Weight Index Fund - Direct Plan - Growth,12.5185,2026-08-13
152371,INF200KB1035,INF200KB1043,SBI Nifty50 Equal Weight Index Fund - Direct Plan - Income Distribution Cum Capital Withdrawal Option,12.5177,2026-08-13
152380,INF336L01RI3,,HSBC Multi Asset Allocation Fund - Direct - Growth,14.4848,2026-08-13
152382,INF663L01Y12,,PGIM India Large and Midcap Fund - Direct Plan - Growth Option,13.49,2026-08-13
152389,INF204KC1BY2,,Nippon India Nifty Bank Index Fund - Direct Plan - Growth Option,12.4545,2026-08-13
152392,INF204KC1CE2,,Nippon India Nifty IT Index Fund - Direct Plan - Growth Option,8.6346,2026-08-13
152396,INF761K01FZ3,,Bank of India Multi Asset Allocation Fund-Direct Plan-Growth,13.2191,2026-08-13
152408,INF0QA701763,,Bajaj Finserv Large and Mid Cap Fund- Direct Plan- Growth,13.02,2026-08-13
152409,INF582M01JQ0,,Union Business Cycle Fund - Direct Plan - Growth Option,12.35,2026-08-13
152415,INF966L01DT4,,quant PSU Fund - Growth Option - Direct Plan,11.036,2026-08-13
152417,INF200KB1126,,SBI Energy Opportunities Fund - Direct Plan - Growth,11.4777,2026-08-13
152420,INF200KB1134,INF200KB1142,SBI Energy Opportunities Fund - Direct Plan - Income Distribution Cum Capital Withdrawal Option,11.4775,2026-08-13
152422,INF846K012V6,,Axis BSE Sensex Index Fund - Direct Plan - Growth,10.9986,2026-08-13
152430,INF179KC1IC4,,HDFC NIFTY200 Momentum 30 Index Fund - Direct Plan,10.4755,2026-08-13
152431,INF666M01HY9,,Groww Nifty Smallcap 250 Index Fund - Direct Plan - Growth,12.2633,2026-08-13
152437,INF754K01SK3,,Edelweiss Technology Fund - Direct Plan - Growth,13.5436,2026-08-13
152443,INF174V01BW2,,Mahindra Manulife Multi Asset Allocation Fund- Direct Plan - Growth,14.5766,2026-08-13
152449,INF760K01KY8,INF760K01KX0,Canara Robeco Manufacturing Fund - Direct Plan - IDWC Option,14.72,2026-08-13
152450,INF760K01KZ5,,Canara Robeco Manufacturing Fund - Direct Plan - Growth Option,14.72,2026-08-13
152459,INF769K01LG4,,Mirae Asset Nifty Smallcap 250 Momentum Quality 100 ETF Fund of Fund - Direct Plan - Growth,10.786,2026-08-13
152462,INF174KA1QZ5,,Kotak Technology Fund - Direct Plan - Growth Option,10.959,2026-08-13
152468,INF879O01266,,Parag Parikh Dynamic Asset Allocation Fund - Direct Plan Growth,11.8972,2026-08-13
152470,INF251K01TE1,,Baroda BNP Paribas Innovation Fund Direct plan - Growth Option,14.4024,2026-08-13
152474,INF082J01457,,Quantum Multi Asset Allocation Fund - Direct Plan Growth Option,12.51,2026-08-13
152482,INF109KC12U0,,ICICI Prudential Nifty LargeMidcap 250 Index Fund - Direct Plan - Growth,12.7631,2026-08-13
152491,INF174KA1RF5,,Kotak Long Duration Fund - Direct Plan - Growth,11.3778,2026-08-13
152509,INF0R8701145,,Helios Balanced Advantage Fund- Direct Plan- Growth Option,12.07,2026-08-13
152520,INF194KB1HY2,,Bandhan Long Duration Fund - Direct Plan - Growth,11.5933,2026-08-13
152521,INF179KC1IE0,,HDFC NIFTY Realty Index Fund - Direct Plan,10.1049,2026-08-13
152528,INF740KA1UJ6,,DSP US Specific Debt Passive FoF - Direct - Growth,12.5718,2026-08-13
152535,INF959L01HM5,,Navi NiftyIT Index Fund - Direct Plan- Growth,9.386,2026-08-13
152537,INF663L01Y61,,PGIM India Retirement Fund - Direct Plan - Growth Option,13.0,2026-08-13
152557,INF277KA1AU6,,Tata Nifty Auto Index Fund - Direct Plan - Growth,13.4184,2026-08-13
152564,INF277KA1BG3,,Tata Nifty MidSmall Healthcare Index Fund - Direct Plan - Growth,15.3942,2026-08-13
152570,INF277KA1AO9,,Tata Nifty Realty Index Fund - Direct Plan - Growth,9.2341,2026-08-13
152577,INF277KA1BA6,,Tata Nifty Financial Services Index Fund - Direct Plan - Growth,12.4012,2026-08-13
152584,INF0GCD01743,,TRUSTMF Flexi Cap Fund-Direct Plan- Growth,12.92,2026-08-13
152586,INF0K1H01180,,Samco Special Opportunities Fund - Direct Plan - Growth,9.14,2026-08-13
152588,INF277KA1BM1,,Tata Nifty500 Multicap India Manufacturing 50:30:20 Index Fund -Direct Plan-Growth,12.7145,2026-08-13
152595,INF277KA1BS8,,Tata Nifty500 Multicap Infrastructure 50:30:20 Index Fund - Direct Plan - Growth,11.2549,2026-08-13
152600,INF179KC1II1,,HDFC Manufacturing fund - Growth Option - Direct Plan,12.393,2026-08-13
152607,INF194KB1IE2,,Bandhan Innovation Fund - Direct Plan - Growth,16.15,2026-08-13
152614,INF192K01NH3,,JM Small Cap Fund (Direct) - Growth Option,11.9632,2026-08-13
152616,INF754K01SS6,,Edelweiss Nifty Alpha Low Volatility 30 Index Fund - Direct Plan - Growth,10.3488,2026-08-13
152628,INF251K01TJ0,,Baroda BNP Paribas Retirement Fund - Direct plan - Growth option,12.2787,2026-08-13
152629,INF846K015W7,,Axis Nifty Bank Index Fund - Direct Plan - Growth Option,11.9226,2026-08-13
152637,INF666M01IE9,,Groww Nifty Non-Cyclical Consumer Index Fund - Direct Plan Growth,10.6864,2026-08-13
152639,INF0QA701821,,Bajaj Finserv Multi Asset Allocation Fund - Direct Growth,12.8553,2026-08-13
152644,INF03VN01902,,WhiteOak Capital Special Opportunities Fund - Direct Growth,15.262,2026-08-13
152645,INF769K01LN0,,Mirae Asset Nifty MidSmallcap400 Momentum Quality 100 ETF Fund of Fund - Direct Plan - Growth,10.587,2026-08-13
152651,INF247L01CL8,,Motilal Oswal Multi Cap Fund-Direct Plan Growth,15.3776,2026-08-13
152654,INF740KA1UO6,,DSP Nifty Bank Index Fund - Direct - Growth,11.8874,2026-08-13
152655,INF200KB1191,INF200KB1209,SBI Automotive Opportunities Fund - Direct Plan - Income Distribution Cum Capital Withdrawal Option,13.8608,2026-08-13
152657,INF200KB1183,,SBI Automotive Opportunities Fund - Direct Plan - Growth,13.8612,2026-08-13
152659,INF209KC1076,,Aditya Birla Sun Life Crisil IBX Gilt June 2027 Index Fund-Direct Growth,11.6646,2026-08-13
152663,INF174KA1RZ3,,Kotak NIFTY 100 Low Volatility 30 Index Fund - Direct plan - Growth option,11.1495,2026-08-13
152672,INF174V01CC2,,Mahindra Manulife Manufacturing Fund - Direct Plan - Growth,11.1865,2026-08-13
152677,INF903JA1LQ6,,Sundaram Business Cycle Fund Direct Plan Growth,11.9554,2026-08-13
152679,INF0R8701202,,Helios Financial Services Fund - Direct Plan - Growth Option,12.09,2026-08-13
152684,INF209KC1118,,Aditya Birla Sun Life Quant Fund - Direct Growth,10.72,2026-08-13
152688,INF760K01LD0,,Canara Robeco Balanced Advantage Fund - Direct Plan - Growth Option,10.7,2026-08-13
152694,INF247L01CS3,,Motilal Oswal Quant Fund - Direct - Growth,10.7306,2026-08-13
152697,INF251K01TP7,,Baroda BNP Paribas Manufacturing Fund - Direct Plan - Growth Option,11.7478,2026-08-13
152702,INF174KA1SF3,,Kotak Special Opportunities Fund - Direct Plan - Growth Option,11.615,2026-08-13
152710,INF754K01TA2,,Edelweiss Business Cycle Fund - Direct Plan - Growth,9.4423,2026-08-13
152712,INF247L01CW5,,Motilal Oswal Nifty India Defence Index Fund Direct Plan Growth,12.8598,2026-08-13
152713,INF179KC1IM3,HDFCNIVODG,HDFC NIFTY100 Low Volatility 30 Index Fund - Direct Plan,10.6833,2026-08-13
152716,INF194KB1IK9,,Bandhan Nifty Total Market Index Fund - Direct Plan - Growth,10.4267,2026-08-13
152718,INF769K01LU5,,Mirae Asset Nifty200 Alpha 30 ETF Fund of Fund - Direct Plan - Growth,9.368,2026-08-13
152728,INF109KC12W6,,ICICI PRUDENTIAL ENERGY OPPORTUNITIES FUND - Direct Plan - Growth,11.93,2026-08-13
152731,INF846K019W9,,Axis Nifty 500 Index Fund - Direct Plan - Growth Option,10.4016,2026-08-13
152735,INF200KB1233,,SBI Silver ETF Fund of Fund- Direct Plan - Growth,24.6503,2026-08-13
152739,INF090I01XA7,,Franklin India Multi Cap Fund - Direct - Growth,11.4149,2026-08-13
152742,INF277KA1CC0,,Tata Nifty India Tourism Index Fund - Direct - Growth,9.2507,2026-08-13
152751,INF959L01HO1,,NAVI NIFTY 500 MULTICAP 50-25-25 DIRECT PLAN,10.3834,2026-08-13
152755,INF174KA1SL1,,Kotak BSE PSU Index Fund - Direct Plan - Growth,9.595,2026-08-13
152756,INF205KA1908,,Invesco India Manufacturing Fund - Direct Plan - Growth,12.21,2026-08-13
152760,INF247L01DA9,,Motilal Oswal Manufacturing Fund - Direct Plan- Growth,12.247,2026-08-13
152767,INF174KA1SR8,,KOTAK NIFTY MIDCAP 50 INDEX FUND-DIRECT PLAN- GROWTH,11.323,2026-08-13
152770,INF666M01IL4,,Groww Nifty EV & New Age Automotive ETF FOF- Direct Plan - Growth,10.4489,2026-08-13
152776,INF200KB1324,,SBI Innovative Opportunities Fund - Direct Plan - Growth,10.7952,2026-08-13
152777,INF200KB1332,INF200KB1340,SBI Innovative Opportunities Fund - Direct Plan - Income Distribution Cum Capital Withdrawal Option,10.7952,2026-08-13
152778,INF179KC1IO9,,HDFC NIFTY500 Multicap 50:25:25 Index Fund - Direct Plan,10.3178,2026-08-13
152783,INF0QA701896,,BAJAJ FINSERV LARGE CAP FUND - DIRECT PLAN - GROWTH,10.575,2026-08-13
152787,INF582M01JY4,,Union Multi Asset Allocation Fund- Direct Plan - Growth Option,12.62,2026-08-13
152789,INF761K01GF3,,Bank of India Business Cycle Fund - Direct Plan - Growth,10.0,2026-08-13
152793,INF194KB1IO1,,Bandhan Nifty Bank Index Fund - Direct Plan - Growth,11.3347,2026-08-13
152796,INF247L01DG6,,Motilal Oswal Business Cycle Fund - Direct Plan- Growth,13.1242,2026-08-13
152798,INF209KC1183,,Aditya Birla Sun Life Nifty India Defence Index Fund-Direct Growth,14.0407,2026-08-13
152805,INF846K013X0,,Axis Consumption Fund Direct Plan - Growth,9.82,2026-08-13
152814,INF740KA1UQ1,,DSP Nifty Top 10 Equal Weight Index Fund - Direct - Growth,9.0859,2026-08-13
152815,INF663L01Z03,,PGIM India Multi Cap Fund - Direct Plan - Growth Option,11.05,2026-08-13
152821,INF00XX01DA4,,ITI Large & Midcap Fund - Direct Plan - Growth,10.3527,2026-08-13
152825,INF090I01XL4,,Franklin India Ultra Short Duration Fund - Direct - Growth,11.4693,2026-08-13
152829,INF336L01RO1,,HSBC India Export Opportunities Fund - Direct Growth,11.9783,2026-08-13
152836,INF277KA1CI7,,Tata Nifty200 Alpha 30 Index Fund - Direct -Growth,9.1684,2026-08-13
152842,INF204KC1DA8,,Nippon India Nifty 500 Equal Weight Index Fund - Direct Plan - Growth Option,10.0482,2026-08-13
152844,INF194KB1IS2,,Bandhan BSE Healthcare Index Fund Direct Plan - Growth,11.7888,2026-08-13
152847,INF0K1H01198,,Samco Multi Cap Fund - Direct Plan - Growth,9.11,2026-08-13
152849,INF03VN01910,,WhiteOak Capital Arbitrage Fund Direct Plan Growth,11.464,2026-08-13
152851,INF090I01XG4,,Franklin India Medium to Long Duration Fund - Direct Growth,11.3679,2026-08-13
152855,INF194KB1IT0,,Bandhan Nifty Midcap 150 Index Fund-Direct Plan-Growth,10.7173,2026-08-13
152859,INF789F1AZH9,,UTI Nifty 200 Quality 30 Index Fund - Direct Plan - Growth Option,9.2293,2026-08-13
152863,INF205KA1965,,Invesco India Technology Fund - Direct Plan - Growth,10.3,2026-08-13
152864,INF789F1AZJ5,,UTI Nifty Private Bank Index Fund - Direct Plan - Growth Option,10.1291,2026-08-13
152869,INF174KA1TF1,,Kotak CRISIL -IBX AAA Financial Services Index Sep-2027 Fund-DIRECT PLAN-GROWTH Option,11.5515,2026-08-13
152870,INF174KA1SZ1,,Kotak Nifty India Tourism Index Fund-Direct-Growth Option,8.711,2026-08-13
152875,INF247L01DL6,,Motilal Oswal Nifty 500 Momentum 50 Index Fund-Direct Plan-Growth,8.543,2026-08-13
152878,INF194KB1IQ6,,Bandhan Business Cycle Fund - Direct Plan - Growth,10.221,2026-08-13
152881,INF204KC1DG5,,Nippon India Nifty 500 Momentum 50 Index Fund - Direct Plan - Growth Option,8.6328,2026-08-13
152887,INF846K017X1,,Axis CRISIL-IBX AAA Bond NBFC - Jun 2027 Index Fund - Direct Plan - Growth Option,11.5207,2026-08-13
152889,INF179KC1IQ4,,HDFC NIFTY LargeMidcap 250 Index Fund - Growth Option - Direct,10.3889,2026-08-13
152908,INF200KB1381,,SBI Nifty 500 Index Fund- Direct Plan- Growth,9.8724,2026-08-13
152910,INF174KA1TG9,,Kotak MNC Fund-Direct Plan-Growth,12.971,2026-08-13
152915,INF03VN01936,,WhiteOak Capital Digital Bharat Fund Direct Plan Growth,10.712,2026-08-13
152916,INF174KA1TM7,,Kotak Nifty Midcap 150 Momentum 50 Index Fund-Direct Plan-Growth,9.754,2026-08-13
152920,INF767K01RR2,,LIC MF Manufacturing Fund-Direct Plan-Growth,12.0402,2026-08-13
152925,INF666M01IQ3,,Groww Nifty India Defence ETF FOF - Direct Growth,14.4295,2026-08-13
152931,INF251K01TY9,,Baroda BNP Paribas Nifty200 Momentum 30 Index Fund - Direct Plan - Growth Option,8.2653,2026-08-13
152936,INF109KC13X2,,ICICI Prudential Nifty200 Value 30 Index Fund - Direct Plan - Growth,11.2117,2026-08-13
152939,INF0GCD01800,,TRUSTMF SMALL CAP FUND -DIRECT PLAN-GROWTH,13.69,2026-08-13
152941,INF0R8701269,,Helios Large & Mid Cap Fund - Direct Plan - Growth Option,11.75,2026-08-13
152947,INF209KC1217,,Aditya Birla Sun Life Crisil-IBX AAA NBFC-HFC Index-Sep 2026 Fund-Direct Growth,11.4682,2026-08-13
152949,INF846K013Y8,,Axis Nifty500 Value 50 Index Fund - Direct Plan - Growth Option,11.6206,2026-08-13
152951,INF277KA1CO5,,Tata Nifty Capital Markets Index Fund - Direct Plan Growth Option,14.5595,2026-08-13
152962,INF03VN01951,,WhiteOak Capital ESG Best-In-Class Strategy Fund Direct Plan Growth,10.669,2026-08-13
152964,INF247L01DN2,,Motilal Oswal Digital India Fund - Direct Plan - Growth,10.3431,2026-08-13
152968,INF769K01MD9,,Mirae Asset Nifty Total Market Index Fund - Direct Plan - Growth,10.6174,2026-08-13
152972,INF769K01MQ1,,Mirae Asset Nifty 50 Index Fund - Direct Plan - Growth,10.1833,2026-08-13
152976,INF769K01MJ6,,Mirae Asset Nifty LargeMidcap 250 Index Fund - Direct Plan - Growth,10.7894,2026-08-13
152980,INF666M01IX9,,Groww Gold ETF FOF - DIRECT - GROWTH,18.604,2026-08-13
152985,INF754K01TN5,,Edelweiss Nifty500 Multicap Momentum Quality 50 Index Fund - Direct - Growth,9.2894,2026-08-13
152990,INF194KB1IW4,,Bandhan Nifty 500 Value 50 Index Fund Direct Plan - Growth,11.4942,2026-08-13
152992,INF204KC1DM3,,Nippon India CRISIL - IBX AAA Financial Services - Dec 2026 Index Fund - Direct Plan - Growth Option,11.4169,2026-08-13
152996,INF204KC1DS0,,Nippon India CRISIL - IBX AAA Financial Services - Jan 2028 Index Fund - Direct Plan - Growth Option,11.4202,2026-08-13
153000,INF251K01UA7,,Baroda BNP Paribas Nifty Midcap 150 Index Fund - Direct Plan - Growth Option,11.3384,2026-08-13
153003,INF194KB1IY0,,Bandhan Nifty 500 Momentum 50 Index Fund Direct Plan-Growth,9.2197,2026-08-13
153007,INF769K01MV1,,Mirae Asset Gold ETF Fund of Fund - Direct Plan - Growth,19.157,2026-08-13
153011,INF0R8F01083,,Zerodha Gold ETF FoF-Direct Plan - Growth Option,19.8505,2026-08-13
153015,INF200KB1449,,SBI Nifty India Consumption Index Fund- Direct Plan- Growth,10.6091,2026-08-13
153023,INF247L01EA7,,Motilal Oswal Nifty MidSmall Healthcare Index Fund- Direct Plan-Growth,12.6626,2026-08-13
153025,INF247L01DU7,,Motilal Oswal Nifty MidSmall India Consumption Index Fund - Direct Plan- Growth,10.015,2026-08-13
153027,INF247L01DW3,,Motilal Oswal Nifty MidSmall Financial Services Index Fund - Direct Plan- Growth,14.9383,2026-08-13
153029,INF247L01DY9,,Motilal Oswal Nifty MidSmall IT and Telecom Index Fund - Direct Plan- Growth,9.7385,2026-08-13
153030,INF209KC1290,,Aditya Birla Sun Life Crisil-IBX AAA Financial Services Index-Sep 2027 Fund-Direct Growth,11.3778,2026-08-13
153034,INF666M01JD9,,Groww Multicap Fund - Direct - Growth,12.5256,2026-08-13
153035,INF680P01430,,Shriram Liquid Fund - Direct Plan Growth Option,1115.9941,2026-08-13
153039,INF663L01Z45,,PGIM India Healthcare Fund - Direct Plan - Growth Option,12.52,2026-08-13
153043,INF090I01XS9,,Franklin India Arbitrage Fund - Direct - Growth,11.2594,2026-08-13
153047,INF205KA1AC1,,Invesco India Multi Asset Allocation Fund - Direct Plan - Growth,12.91,2026-08-13
153051,INF846K015Y3,,Axis CRISIL-IBX AAA Bond Financial Services - Sep 2027 Index Fund - Direct Plan - Growth Option,11.3289,2026-08-13
153055,INF277KA1CU2,,Tata India Innovation Fund- Direct Growth,10.5171,2026-08-13
153060,INF204KC1DY8,,Nippon India Nifty Realty Index Fund-Direct Plan- Growth Option,8.3357,2026-08-13
153064,INF204KC1EE8,,Nippon India Nifty Auto Index Fund - Direct Plan- Growth Option,12.6261,2026-08-13
153070,INF109KC10Y6,,ICICI Prudential Equity Minimum Variance Fund - Direct Plan - Growth,10.87,2026-08-13
153075,INF0QA701946,,BAJAJ FINSERV CONSUMPTION FUND - DIRECT - GROWTH,9.704,2026-08-13
153076,INF680P01455,,Shriram Multi Sector Rotation Fund - Direct Plan Growth Option,8.4535,2026-08-13
153081,INF209KC1332,,Aditya Birla Sun Life BSE India Infrastructure Index Fund-Direct Growth,9.2447,2026-08-13
153083,INF846K011Z9,,Axis Momentum Fund - Direct Plan - Growth Option,9.27,2026-08-13
153086,INF789F1AZM9,,UTI Nifty Alpha Low-Volatility 30 Index Fund - Direct Plan - Growth Option,10.0306,2026-08-13
153089,INF789F1AZO5,,UTI Nifty Midcap 150 Index Fund - Direct Plan - Growth Option,11.2972,2026-08-13
153090,INF0K1H01214,,Samco Arbitrage Fund - Direct Plan - Growth,10.92,2026-08-13
153092,INF0K1H01230,,Samco Multi Asset Allocation Fund - Direct Plan - Growth,12.58,2026-08-13
153094,INF082J01473,,Quantum Ethical Fund - Direct Plan Growth Option,10.42,2026-08-13
153097,INF179KC1JB4,,HDFC Nifty India Digital Index Fund - Growth Option - Direct,8.9249,2026-08-13
153102,INF090I01XY7,,Franklin India Long Duration Fund - Direct - Growth,11.0014,2026-08-13
153105,INF769K01NC9,,Mirae Asset Long Duration Fund - Direct Plan - Growth,10.6963,2026-08-13
153109,INF582M01KG9,,Union Active Momentum Fund - Direct Plan - Growth Option,10.1,2026-08-13
153114,INF194KB1JA8,,Bandhan Nifty 200 Quality 30 Index Fund - Direct Plan - Growth,9.9619,2026-08-13
153115,INF754K01TP0,,Edelweiss CRISIL IBX AAA Financial Services - Jan 2028 Index Fund - Direct - Growth,11.35,2026-08-13
153118,INF174KA1TS4,,Kotak Transportation & Logistics Fund-Direct Growth,12.376,2026-08-13
153121,INF740KA1UX7,,DSP Business Cycle Fund - Direct - Growth,10.743,2026-08-13
153124,INF209KC1373,,Aditya Birla Sun Life Conglomerate Fund-Direct Growth,11.38,2026-08-13
153132,INF277KA1DA2,,Tata BSE Select Business Groups Index Fund - Direct Growth,10.4827,2026-08-13
153138,INF247L01EB5,,Motilal Oswal Nifty Capital Market Index Fund - Direct Plan - Growth,12.7258,2026-08-13
153139,INF761K01GI7,,Bank of India Consumption Fund - Direct - Growth,11.6,2026-08-13
153146,INF174KA1TY2,,Kotak Nifty 100 Equal Weight Index Fund - Direct Plan - Growth,11.402,2026-08-13
153150,INF174KA1UE2,,Kotak Nifty 50 Equal Weight Index Fund - Direct Plan - Growth,11.453,2026-08-13
153154,INF200KB1506,,SBI Quant Fund- Direct Plan- Growth,10.1074,2026-08-13
153157,INF0QA701AB9,,BAJAJ FINSERV HEALTHCARE FUND - DIRECT - GROWTH,12.066,2026-08-13
153161,INF109KC16Y3,,ICICI Prudential Nifty 500 Index Fund - Direct Plan - Growth,10.6959,2026-08-13
153171,INF251K01UE9,,Baroda BNP Paribas Children's Fund - Direct Plan - Growth Option,11.7617,2026-08-13
153172,INF846KA1028,,Axis CRISIL-IBX AAA Bond NBFC-HFC - Jun 2027 Index Fund - Direct Plan - Growth option,11.28,2026-08-13
153179,INF209KC1456,,Aditya Birla Sun Life Crisil-IBX financial Services 3 to 6 months Debt Index Fund-Direct Growth,11.2423,2026-08-13
153184,INF109KC12Z9,,ICICI Prudential Rural Opportunities Fund - Direct Plan - Growth,11.46,2026-08-13
153187,INF247L01ED1,,Motilal Oswal Arbitrage Fund-Direct Plan-Growth,11.228,2026-08-13
153189,INF03VN01977,,WhiteOak Capital Quality Equity Fund Direct Plan Growth,10.871,2026-08-13
153192,INF769K01NP1,,Mirae Asset Nifty India New Age Consumption ETF Fund of Fund - Direct Plan - Growth,10.089,2026-08-13
153196,INF769K01NJ4,,Mirae Asset Small Cap Fund - Direct Plan - Growth,12.805,2026-08-13
153201,INF0QA701AK0,,BAJAJ FINSERV ELSS TAX SAVER FUND - DIRECT - GROWTH,11.94,2026-08-13
153204,INF789F1AA98,,UTI Quant Fund - Direct Plan - Growth Option,10.9029,2026-08-13
153206,INF0QA701AP9,,Bajaj Finserv Gilt Fund - Direct - Growth,1083.2694,2026-08-13
153213,INF194KB1JC4,,Bandhan Nifty Alpha Low Volatility 30 Index Fund - Direct Plan - Growth,10.5246,2026-08-13
153214,INF754K01TY2,,Edelweiss Consumption Fund - Direct - Growth,11.643,2026-08-13
153219,INF740KA1VB1,,DSP BSE SENSEX Next 30 Index Fund - Direct - Growth,12.5521,2026-08-13
153223,INF174KA1UK9,,Kotak Nifty SmallCap 250 Index Fund- Direct - Growth,11.939,2026-08-13
153225,INF251K01UJ8,,Baroda BNP Paribas Energy Opportunities Fund - Direct Plan - Growth Option,12.0241,2026-08-13
153230,INF666M01JK4,,Groww Nifty India Railways PSU Index Fund - Direct Plan - Growth,7.9986,2026-08-13
153239,INF0K1H01255,,Samco Large Cap Fund - Direct Plan - Growth Option,9.24,2026-08-13
153242,INF582M01KO3,,Union Short Duration Fund - Direct Plan - Growth Option,11.0792,2026-08-13
153244,INF846KA1044,,Axis Nifty500 Momentum 50 Index Fund - Direct Plan - Growth Option,11.39,2026-08-13
153246,INF767K01RZ5,,LIC MF Multi Asset Allocation Fund-Direct Plan-Growth,12.6721,2026-08-13
153250,INF200KB1563,,SBI Nifty Bank Index Fund-Direct Plan- Growth,11.5727,2026-08-13
153252,INF200KB1571,INF200KB1589,SBI Nifty Bank Index Fund-Direct Plan- Income Distribution Cum Capital Withdrawal Option,11.5726,2026-08-13
153258,INF247L01EJ8,,Motilal Oswal Innovation Opportunities Fund - Direct Plan- Growth,14.8579,2026-08-13
153260,INF00XX01DG1,,ITI Bharat Consumption Fund - Direct Plan - Growth,12.2711,2026-08-13
153264,INF179KC1JF5,,HDFC Nifty100 Quality 30 Index Fund - Direct Plan,11.231,2026-08-13
153266,INF336L01RU8,,HSBC Financial Services Fund - Direct Growth,12.9226,2026-08-13
153270,INF789F1AB48,,UTI Nifty India Manufacturing Index Fund - Direct Plan - Growth Option,12.9419,2026-08-13
153272,INF789F1AB22,,UTI Nifty Midsmallcap 400 Momentum Quality 100 Index Fund - Direct Plan - Growth Option,11.9914,2026-08-13
153274,INF204KC1EK5,,Nippon India Active Momentum Fund-Direct Plan - Growth Option,13.4499,2026-08-13
153286,INF174KA1UV6,,Kotak BSE Sensex Index Fund- Direct - Growth,10.439,2026-08-13
153291,INF205KA1AI8,,Invesco India Business Cycle Fund - Direct Plan - Growth,14.79,2026-08-13
153294,INF761K01GO5,,Bank of India Money Market Fund - Direct - Growth,11.1294,2026-08-13
153303,INF174V01CI9,,Mahindra Manulife Value Fund - Direct Plan - Growth,13.0859,2026-08-13
153309,INF0QA701AV7,,BAJAJ FINSERV MULTI CAP FUND - DIRECT - GROWTH,12.586,2026-08-13
153313,INF174KA1UX2,,Kotak CRISIL - IBX AAA Bond Financial Services Index Dec 2026 Fund - Direct - Growth,11.1425,2026-08-13
153320,INF200KB1621,,SBI Nifty IT Index Fund - Direct Plan - Growth,7.9692,2026-08-13
153326,INF0R8701327,,Helios Mid Cap Fund - Direct Plan - Growth Option,14.2,2026-08-13
153328,INF666M01JQ1,,Groww Nifty 200 ETF FOF - Direct - Growth,11.7713,2026-08-13
153330,INF1J2R01023,,ANGEL ONE NIFTY TOTAL MARKET INDEX FUND DIRECT PLAN GROWTH OPTION,12.0791,2026-08-13
153335,INF754K01UG7,,Edelweiss CRISIL IBX AAA Bond NBFC HFC Jun 2027 Index Fund - Direct Plan - Growth Option,11.1845,2026-08-13
153340,INF582M01LA0,,Union Gold ETF Fund of Fund - Direct Plan - Growth Option,17.3313,2026-08-13
153348,INF740KA1VN6,,DSP Nifty Private Bank Index Fund - Direct - Growth,11.2335,2026-08-13
153350,INF194KB1JK7,,Bandhan Nifty Next 50 Index Fund - Direct Plan - Growth,13.196,2026-08-13
153353,INF174KA1VE0,,Kotak Nifty Commodities Index Fund-Direct Growth,12.371,2026-08-13
153355,INF03VN01AB7,,WhiteOak Capital Equity Savings Fund Direct Plan Growth,11.83,2026-08-13
153362,INF959L01HQ6,,Navi Nifty Smallcap 250 Momentum quality index fund- Direct Plan,12.2303,2026-08-13
153364,INF247L01EP5,,Motilal Oswal Active Momentum Fund- Direct-Growth,14.2391,2026-08-13
153368,INF090I01YE7,,Franklin India Low Duration Fund-Direct-Growth,11.1017,2026-08-13
153372,INF174KA1VK7,,Kotak CRISIL-IBX Financial Services 3-6 Months Debt Index Fund-Direct-Growth,11.0403,2026-08-13
153376,INF1MIY01015,,Unifi Dynamic Asset Allocation Fund - Direct Growth,11.2161,2026-08-13
153380,INF769K01OE3,,Mirae Asset BSE 200 Equal Weight ETF Fund of Fund - Direct Plan - Growth,12.012,2026-08-13
153385,INF769K01OK0,,Mirae Asset BSE Select IPO ETF Fund of Fund - Direct Plan - Growth,11.969,2026-08-13
153389,INF194KB1JL5,,Bandhan CRISIL-IBX 10:90 Gilt Plus SDL Index - Dec 2029 Fund-Direct Plan-Growth,11.0391,2026-08-13
153394,INF109K1A120,,ICICI Prudential Nifty EV & New Age Automotive ETF FOF - Direct Plan - Growth,12.9184,2026-08-13
153401,INF174KA1VQ4,,KOTAK NIFTY MIDCAP 150 INDEX FUND-DIRECT PLAN-GROWTH,12.106,2026-08-13
153405,INF179KC1JI9,,HDFC Nifty Top 20 Equal Weight Index Fund - Direct,10.3821,2026-08-13
153407,INF194KB1JR2,,Bandhan CRISIL-IBX Financial Services 3-6 Months Debt Index Fund - Direct Plan - Growth,11.044,2026-08-13
153411,INF109K1A062,,ICICI Prudential CRISIL-IBX Financial Services 3-6 Months Debt Index Fund - Direct Plan - Growth,11.033,2026-08-13
153416,INF754K01UP8,,Edelweiss Low Duration Fund - Direct Plan Growth,1101.1967,2026-08-13
153420,INF277KA1DK1,,Tata BSE Quality Index Fund Direct plan Growth Option,11.7369,2026-08-13
153426,INF966L01DW8,,quant Arbitrage Fund - Growth Option - Direct Plan,11.0375,2026-08-13
153432,INF200KB1688,,SBI BSE PSU BANK INDEX FUND- Direct Plan- Growth,14.0974,2026-08-13
153436,INF0R8F01075,,Zerodha Overnight Fund - Direct Plan - Growth Option,10.7379,2026-08-13
153438,INF0QA701AF0,,Bajaj Finserv Overnight Fund - Direct - Unclaimed less than 3 years Redemption Plan,1076.396,2026-08-13
153442,INF789F1AB55,,UTI Income Plus Arbitrage Active Fund of Fund - Direct Plan - Growth Option,10.8818,2026-08-13
153443,INF209KC1498,,Aditya Birla Sun Life Crisil-IBX Financial Services 9-12 Months Debt Index Fund-Direct Growth,11.0131,2026-08-13
153447,INF174KA1VX0,,Kotak Energy Opportunities Fund-Direct-Growth,10.922,2026-08-13
153453,INF666M01JX7,,Groww Nifty 500 Momentum 50 ETF FOF - Direct Plan - Growth,10.946,2026-08-13
153458,INF109K1A187,,ICICI Prudential Quality Fund - Direct Plan - Growth,11.0,2026-08-13
153461,INF174KA1WD0,,Kotak Nifty Top 10 Equal Weight Index Fund-Direct Plan-Growth,9.203,2026-08-13
153465,INF760K01LH1,,Canara Robeco Multi Asset Allocation Fund - Direct Plan - Growth,11.58,2026-08-13
153470,INF204KC1EW0,,Nippon India Nifty 500 Quality 50 Index Fund - Direct Plan - Growth Option,11.2675,2026-08-13
153474,INF204KC1EQ2,,Nippon India Nifty 500 Low Volatility 50 Index Fund - Direct Plan - Growth Option,10.9657,2026-08-13
153477,INF666M01KK2,,Groww Gilt Fund - Direct - Growth,10.0872,2026-08-13
153479,INF0QA701BG6,,Bajaj Finserv Nifty Next 50 Index Fund - Direct - Growth,11.9088,2026-08-13
153484,INF247L01EW1,,Motilal Oswal Infrastructure Fund-Direct-Growth,12.8544,2026-08-13
153487,INF740KA1VZ0,,DSP Silver ETF Fund of Fund - Direct - Growth,24.0327,2026-08-13
153497,INF754K01UX2,,Edelweiss BSE Internet Economy Index Fund - Direct Plan - Growth,11.6404,2026-08-13
153498,INF200KB1753,,SBI Income Plus Arbitrage Active FOF- Direct Plan- Growth,10.7527,2026-08-13
153501,INF200KB1761,INF200KB1779,SBI Income Plus Arbitrage Active FOF- Direct Plan- Income Distribution Cum Capital Withdrawal Option,10.7525,2026-08-13
153506,INF0QA701BA9,,Bajaj Finserv Nifty 50 Index Fund - Direct - Growth,9.9708,2026-08-13
153513,INF277KA1DT2,,Tata Income Plus Arbitrage Active FOF - Direct Plan Growth Option,10.706,2026-08-13
153515,INF789F1AB89,,UTI Multi Cap Fund - Direct Plan - Growth Option,10.9125,2026-08-13
153517,INF179KC1JK5,,HDFC CRISIL-IBX Financial Services 3-6 Months Debt Index Fund - Direct Growth Plan,10.9225,2026-08-13
153525,INF666M01KQ9,,Groww Silver ETF FOF - Direct - Growth,22.4696,2026-08-13
153529,INF1J2R01072,,ANGEL ONE NIFTY 50 INDEX FUND-DIRECT-GROWTH,10.0538,2026-08-13
153534,INF0K1H01271,,Samco Large & Mid Cap Fund - Direct Plan - Growth Option,9.14,2026-08-13
153536,INF251K01UT7,,Baroda BNP Paribas Income Plus Arbitrage Active FOF Direct Growth,10.7502,2026-08-13
153543,INF1MIY01031,,Unifi Flexi Cap Fund - Direct Growth,10.8134,2026-08-13
153546,INF109K1A252,,ICICI Prudential Nifty200 Quality 30 Index Fund - Direct Plan - Growth,10.1941,2026-08-13
153552,INF251K01UO8,,Baroda BNP Paribas Multi Asset Active FOF Direct Growth,11.5522,2026-08-13
153555,INF200KB1811,,SBI Nifty200 Quality 30 Index Fund-Direct Plan- Growth,10.355,2026-08-13
153557,INF200KB1829,INF200KB1837,SBI Nifty200 Quality 30 Index Fund- Direct Plan- Income Distribution Cum Capital Withdrawal Option,10.3551,2026-08-13
153558,INF247L01FE6,,Motilal Oswal Services Fund - Direct Plan - Growth,11.9194,2026-08-13
153567,INF204KC1FD7,,Nippon India BSE Sensex Next 30 Index Fund- Direct Plan- Growth Option,11.2828,2026-08-13
153570,INF1MIY01056,,Unifi Liquid Fund- Direct Growth,1070.9796,2026-08-13
153575,INF582M01LF9,,Union Income Plus Arbitrage Active FOF - Direct Plan - Growth Option,10.5401,2026-08-13
153581,INF277KA1DZ9,,Tata Nifty Midcap 150 Index Fund - Direct Plan - Growth Option,11.2059,2026-08-13
153585,INF174KA1WL3,INF174KA1WJ7,Kotak Liquid Fund - Direct Plan - Weekly - Reinvestment & Payout of Income Distribution cum capital withdrawal option,1010.4185,2026-08-13
153590,INF740KA1WL8,,DSP Nifty IT Index Fund - Direct - Growth,8.2541,2026-08-13
153594,INF740KA1WF0,,DSP Nifty Healthcare Index Fund - Direct- Growth,11.8053,2026-08-13
153596,INF247L01FM9,,Motilal Oswal BSE 1000 Index Fund - Direct Plan - Growth,10.2704,2026-08-13
153600,INF204KC1FJ4,,Nippon India Income Plus Arbitrage Active Fund of Fund- Direct Plan- Growth Option,10.7062,2026-08-13
153604,INF251K01VA5,,Baroda BNP Paribas Health and Wellness Fund Direct Growth,10.9571,2026-08-13
153612,INF0QA701BN2,,BAJAJ FINSERV SMALL CAP FUND - DIRECT - GROWTH,11.264,2026-08-13
153614,INF109K1A310,,ICICI Prudential Nifty Top 15 Equal Weight Index Fund - Direct Plan - Growth,9.6023,2026-08-13
153620,INF179KC1JO7,,HDFC INNOVATION FUND - DIRECT PLAN - GROWTH OPTION,11.95,2026-08-13
153624,INF846KA1168,,Axis Services Opportunities Fund - Direct Plan - Growth Option,10.1,2026-08-13
153626,INF666M01LC7,,Groww Nifty India Internet ETF FOF - Direct - Growth,10.5531,2026-08-13
153629,INF192K01NK7,,JM Large & Mid Cap Fund (Direct) - Growth Option,11.0308,2026-08-13
153634,INF769K01OS3,,Mirae Asset CRISIL-IBX Financial Services 9-12 Months Debt Index Fund - Direct Plan - Growth,10.7295,2026-08-13
153638,INF769K01OY1,,Mirae Asset Income plus Arbitrage Active FOF - Direct Plan - Growth,10.679,2026-08-13
153644,INF0GCD01834,,TRUSTMF MULTI CAP FUND -DIRECT PLAN-GROWTH,12.11,2026-08-13
153649,INF22M001028,,JioBlackRock Money Market Fund - Direct Plan - Growth Option,1071.042,2026-08-13
153650,INF22M001036,,JioBlackRock Overnight Fund - Direct Plan - Growth Option,1059.85,2026-08-13
153651,INF22M001010,,JioBlackRock Liquid Fund - Direct Plan - Growth Option,1071.9864,2026-08-13
153654,INF582M01LQ6,,Union Low Duration Fund - Direct Plan - Growth Option,10.6548,2026-08-13
153656,INF0R8F01109,,Zerodha Silver ETF FoF - Direct Growth,21.0833,2026-08-13
153660,INF174KA1WN9,,KOTAK NIFTY 200 QUALITY 30 INDEX FUND - DIRECT PLAN - GROWTH,10.23,2026-08-13
153662,INF200KB1878,,SBI Nifty200 Momentum 30 Index Fund- Direct Plan- Growth,9.9221,2026-08-13
153669,INF903JA1LV6,,Sundaram Multi-Factor Fund - Direct - Growth,10.0749,2026-08-13
153674,INF174V01CO7,,Mahindra Manulife Banking & Financial Services Fund - Direct - Growth,11.0887,2026-08-13
153679,INF109K1A369,,ICICI Prudential Nifty Private Bank Index Fund - Direct Plan - Growth,9.8034,2026-08-13
153680,INF174KA1WY6,,Kotak Nifty AAA Bond Financial Services Mar 2028 Index Fund - Direct Plan - Growth,10.6563,2026-08-13
153684,INF109K1A385,,ICICI Prudential Active Momentum Fund - Direct Plan - Growth,11.18,2026-08-13
153693,INF204KC1FR7,,Nippon India MNC Fund- Direct Plan- Growth Option,11.2775,2026-08-13
153697,INF205KA1BA3,,Invesco India Income Plus Arbitrage Active Fund of Fund - Direct Plan - Growth,1063.8088,2026-08-13
153703,INF579M01BG4,,360 ONE Overnight Fund - Direct Plan - Growth,1059.1851,2026-08-13
153704,INF666M01KT3,,Groww Nifty 50 Index Fund Direct Growth,9.7916,2026-08-13
153705,INF966L01EC8,,quant Equity Savings Fund - Growth Option - Direct Plan,10.9228,2026-08-13
153712,INF754K01VF7,,Edelweiss Income Plus Arbitrage Active Fund of Funds - Direct Plan Growth,10.6089,2026-08-13
153718,INF200KB1936,,SBI Nifty100 Low Volatility 30 Index Fund- Direct Plan- Growth,10.4408,2026-08-13
153722,INF194KB1JX0,,Bandhan Multi-Factor Fund - Direct Plan - Growth,10.223,2026-08-13
153728,INF761K01GY4,,Bank of India Mid Cap Fund - Direct Plan Growth,10.68,2026-08-13
153731,INF090I01YH0,,Franklin India Multi Asset Allocation Fund- Direct-Growth,11.4107,2026-08-13
153736,INF209KC1589,,Aditya Birla Sun Life BSE 500 Momentum 50 Index Fund-Direct Growth,11.1137,2026-08-13
153738,INF226401018,,CAPITALMIND FLEXI CAP FUND DIRECT GROWTH,10.423,2026-08-13
153740,INF209KC1613,,Aditya Birla Sun Life BSE 500 Quality 50 Index Fund - Direct Growth,11.145,2026-08-13
153745,INF666M01LN4,,Groww BSE Power ETF FOF Direct Growth,11.692,2026-08-13
153749,INF247L01FS6,,Motilal Oswal Special Opportunities Fund - Direct - Growth,12.4319,2026-08-13
153753,INF174KA1XA4,,Kotak Active Momentum Fund - Direct Plan - Growth option,11.446,2026-08-13
153757,INF0R8F01117,,Zerodha Multi Asset Passive FoF - Direct - Growth,11.7049,2026-08-13
153758,INF0QA701BT9,,BAJAJ FINSERV EQUITY SAVINGS FUND - DIRECT - GROWTH,10.569,2026-08-13
153774,INF579M01BM2,,360 ONE Multi Asset Allocation Fund - Direct Plan - Growth,12.5937,2026-08-13
153776,INF754K01VN1,,Edelweiss Multi Asset Omni Fund of Fund- Direct Plan - Growth,11.8458,2026-08-13
153781,INF174KA1XG1,,Kotak Nifty Alpha 50 Index Fund - Direct Plan - Growth,10.984,2026-08-13
153786,INF666M01LT1,,Groww Nifty Next 50 Index Fund Direct Growth,11.071,2026-08-13
153787,INF22M001044,,JioBlackRock Nifty 50 Index Fund - Direct Plan - Growth Option,9.8978,2026-08-13
153788,INF22M001077,,JioBlackRock Nifty Midcap 150 Index Fund - Direct Plan - Growth Option,11.0969,2026-08-13
153789,INF22M001085,,JioBlackRock Nifty Next 50 Index Fund - Direct Plan - Growth Option,11.1553,2026-08-13
153790,INF22M001051,,JioBlackRock Nifty Smallcap 250 Index Fund - Direct Plan - Growth Option,10.8965,2026-08-13
153791,INF22M001069,,JioBlackRock Nifty 8-13 yr G-Sec Index Fund - Direct Plan - Growth Option,10.4939,2026-08-13
153795,INF251K01VF4,,Baroda BNP Paribas Gold ETF Fund of Funds Direct Growth,15.1301,2026-08-13
153801,INF740KA1WR5,,DSP Nifty500 Flexicap Quality 30 Index Fund - Direct - Growth,10.0235,2026-08-13
153804,INF0GCD01859,,TRUSTMF ARBITRAGE FUND -DIRECT PLAN-GROWTH,10.613,2026-08-13
153806,INF204KC1GL8,,Nippon India Nifty India Manufacturing Index Fund- Direct Plan- Growth Option,11.613,2026-08-13
153812,INF769K01PM3,,Mirae Asset Gold Silver Passive FoF - Direct Plan - Growth,16.963,2026-08-13
153816,INF769K01PH3,,Mirae Asset Multi Factor Passive FOF - Direct Plan - Growth,11.004,2026-08-13
153821,INF666M01MA9,,Groww Multi Asset Allocation Fund Direct Growth,10.5138,2026-08-13
153824,INF582M01LZ7,,Union Diversified Equity All Cap Active FOF - Direct Plan - Growth Option,11.0439,2026-08-13
153827,INF1J2R01098,,ANGEL ONE GOLD ETF FOF- DIRECT GROWTH,13.8115,2026-08-13
153829,INF846KA1200,,Axis Nifty500 Quality 50 Index Fund - Direct Plan - Growth Option,10.4266,2026-08-13
153832,INF200KB1AA9,,SBI Dynamic Asset Allocation Active FoF - Direct Plan - Growth,10.5034,2026-08-13
153833,INF200KB1AB7,INF200KB1AC5,SBI Dynamic Asset Allocation Active FoF- Direct Plan- Income Cum Distribution Capital Withdrawal Option,10.5026,2026-08-13
153838,INF194KB1KB4,,Bandhan BSE India Sector Leaders Index Fund - Direct Plan - Growth,9.8798,2026-08-13
153847,INF251K01VJ6,,Baroda BNP Paribas Business Conglomerates Fund Direct Growth Option,10.4673,2026-08-13
153858,INF277KA1EJ1,,Tata Nifty Next 50 Index Fund - Direct Plan Growth Option,11.0237,2026-08-13
153859,INF22M001093,,JioBlackRock Flexi Cap Fund - Direct Plan - Growth Option,10.1728,2026-08-13
153860,INF179KC1JU4,,HDFC Diversified Equity All Cap Active FOF - Direct Plan - Growth Plan,10.3593,2026-08-13
153867,INF109K1A427,,ICICI Prudential Conglomerate Fund - Direct Plan - Growth,10.72,2026-08-13
153868,INF0K1H01297,,Samco Small Cap Fund - Direct Plan,11.7,2026-08-13
153872,INF2F0001040,,THE WEALTH COMPANY FLEXI CAP FUND - DIRECT GROWTH,10.2657,2026-08-13
153875,INF174KA1XM9,,Kotak CRISIL-IBX Financial Services 9 to 12 Months Debt Index Fund - Direct - Growth,10.5712,2026-08-13
153879,INF846KA1226,,Axis CRISIL-IBX Financial Services 3-6 Months Debt Index Fund - Direct Plan - Growth option,10.6082,2026-08-13
153883,INF2F0001081,,THE WEALTH COMPANY LIQUID FUND DIRECT GROWTH,1055.4096,2026-08-13
153887,,INF2F0001073,THE WEALTH COMPANY LIQUID FUND DIRECT DAILY ICDW,1002.0,2026-08-13
153889,INF2F0001123,INF2F0001115,THE WEALTH COMPANY LIQUID FUND DIRECT WEEKLY,1002.5573,2026-08-13
153891,INF2F0001271,,THE WEALTH COMPANY ARBITRAGE FUND DIRECT GROWTH,10.5375,2026-08-13
153895,INF2F0001214,,THE WEALTH COMPANY ETHICAL FUND DIRECT GROWTH,10.0971,2026-08-13
153900,INF205KA1BI6,,Invesco India Consumption Fund - Direct Plan - Growth,10.99,2026-08-13
153906,INF0R8F01158,,Zerodha Nifty 50 Index Fund - Direct Plan - Growth,9.7656,2026-08-13
153908,INF666M01MG6,,Groww Nifty Capital Markets ETF FOF Direct Growth,11.4383,2026-08-13
153912,INF0R8701384,,Helios Small Cap Fund - Direct Plan - Growth Option,11.56,2026-08-13
153913,INF247L01GA2,,Motilal Oswal Consumption Fund-Direct-Growth,11.3846,2026-08-13
153921,INF174KA1XT4,,Kotak Gold Silver Passive FOF - Direct Plan - Growth,15.28,2026-08-13
153924,INF846KA1283,,Axis Income Plus Arbitrage Passive FOF - Direct Plan - Growth Option,10.4841,2026-08-13
153937,INF0QA701BZ6,,Bajaj Finserv Banking and Financial Services Fund - Direct - Growth,10.082,2026-08-13
153939,INF666M01MP7,,Groww Nifty Midcap 150 Index Fund Direct Growth,10.5488,2026-08-13
153942,INF090I01YQ1,,Franklin India Multi-Factor Fund- Direct- Growth,9.7783,2026-08-13
153948,INF767K01SD0,,LIC MF Consumption Fund-Direct Plan-Growth,10.0684,2026-08-13
153956,INF1J2R01122,,ANGEL ONE NIFTY TOTAL MARKET MOMENTUM QUALITY 50 INDEX FUND - DIRECT GROWTH,10.4676,2026-08-13
153959,INF179KC1JY6,,HDFC BSE India Sector Leaders India Fund - Direct Plan - Growth Option,9.6874,2026-08-13
153960,INF846KA1366,,Axis Multi-Asset Omni FoF - Direct Plan - Growth,10.9535,2026-08-13
153970,INF174KA1XW8,,Kotak Rural Opportunities Fund - Direct Plan - Growth,10.076,2026-08-13
153972,INF194KB1KF5,,Bandhan Healthcare Fund - Direct Plan - Growth,11.376,2026-08-13
153979,INF0S5R01125,,Old Bridge Arbitrage Fund Direct Growth,10.4867,2026-08-13
153982,INF666M01MW3,,Groww Money Market Fund Direct Growth,10.433,2026-08-13
153983,INF769K01PV4,,Mirae Asset Infrastructure Fund - Direct Plan - Growth,11.491,2026-08-13
153987,INF663L010A3,,PGIM India Multi Asset Allocation Fund - Direct Plan - Growth Option,10.81,2026-08-13
153999,INF2F0001347,,The Wealth Company Multi Asset Allocation Fund - Direct Growth,11.0242,2026-08-13
154007,INF174V01CU4,,Mahindra Manulife Income Plus Arbitrage Active FOF  - Direct - Growth,10.4644,2026-08-13
154011,INF226401034,,Capitalmind Liquid Fund - Direct-Growth,1047.8691,2026-08-13
154014,INF740KA1XB7,,DSP Nifty Midcap 150 Index Fund - Direct - Growth,10.7551,2026-08-13
154018,INF740KA1XH4,,DSP Nifty Smallcap 250 Index Fund - Direct - Growth,11.2946,2026-08-13
154020,INF582M01MH3,,Union Consumption Fund - Direct Plan - Growth Option,10.04,2026-08-13
154027,INF959L01HR4,,Navi Nifty midsmallcap 400 Index Fund- Direct - Growth,10.9771,2026-08-13
154028,INF666M01NC3,,Groww Multi Asset Omni FOF Direct Growth,10.5847,2026-08-13
154032,INF174KA1YC8,,Kotak Nifty500 Momentum 50 Index Fund - Direct Plan - Growth,10.416,2026-08-13
154043,INF2JJD01136,,Abakkus Flexi Cap Fund - Direct - Growth,11.342,2026-08-13
154051,INF2JJD01029,,Abakkus Liquid Fund - Direct Plan - Growth,103.9754,2026-08-13
154063,INF666M01NJ8,,Groww Small Cap Fund-Direct-Growth,12.5476,2026-08-13
154066,INF277KA1EP8,,Tata BSE Multicap Consumption 50:30:20 Index Fund - Direct Plan Growth Option,10.0987,2026-08-13
154072,INF754K01VZ5,,Edelweiss Silver ETF Fund of Fund - Direct Plan Growth Option,10.0824,2026-08-13
154076,INF22M001101,,JioBlackRock Arbitrage Fund - Direct Plan - Growth Option,10.4596,2026-08-13
154078,INF846KA1408,,Axis Gold and Silver Passive FOF - Direct Plan - Growth,11.0174,2026-08-13
154079,INF22M001143,,JioBlackRock Short Duration Fund - Direct Plan - Growth Option,1036.8445,2026-08-13
154081,INF22M001150,,JioBlackRock Low Duration Fund - Direct Plan - Growth Option,1037.9086,2026-08-13
154082,INF22M001168,,JioBlackRock Sector Rotation Fund - Direct Plan - Growth Option,10.1357,2026-08-13
154088,INF740KA1XY9,,DSP Nifty 500 Index Fund - Direct - Growth,9.8784,2026-08-13
154093,INF761K01HE4,,Bank of India Banking & Financial Services Fund - Direct Plan - Growth,9.92,2026-08-13
154108,INF754K01WH1,,Edelweiss Financial Services Fund - Direct Plan - Growth Option,9.6476,2026-08-13
154109,INF0R8F01182,,Zerodha Nifty Short Duration G-Sec Index Fund - Direct Plan - Growth Option,1029.1227,2026-08-13
154112,INF247L01GL9,,Motilal Oswal Diversified Equity Flexicap Passive Fund of Funds- Direct - Growth,10.9327,2026-08-13
154114,INF0K1H01313,,Samco Mid Cap Fund - Direct Plan,10.21,2026-08-13
154121,INF174V01DA4,,Mahindra Manulife Innovation Opportunities Fund - Direct - Growth,11.3322,2026-08-13
154123,INF903JA1LZ7,,Sundaram Income Plus Arbitrage Active FoF Fund-Direct-Growth,10.381,2026-08-13
154129,INF194KB1KL3,,Bandhan Gold ETF FOF-Direct-Growth,9.9353,2026-08-13
154131,INF2F0001412,,THE WEALTH COMPANY GOLD ETF FOF DIRECT GROWTH,9.6388,2026-08-13
154136,INF194KB1KN9,,Bandhan Silver ETF FOF-Direct-Growth,7.5732,2026-08-13
154142,INF247L01GN5,,Motilal Oswal Financial Services Fund- Direct Growth,10.9469,2026-08-13
154144,INF680P01471,,Shriram Money Market Fund - Direct Plan Growth Option,1036.8743,2026-08-13
154145,INF174KA1YP0,,Kotak Nifty200 Value 30 Index Fund - Direct - Growth,9.799,2026-08-13
154149,INF174KA1YV8,,Kotak Services Fund - Direct - Growth,10.642,2026-08-13
154155,INF879O01332,,Parag Parikh Large Cap Fund - Direct Plan - Growth,9.8,2026-08-13
154157,INF00XX01DM9,,ITI Business Cycle Fund- Direct Plan- Growth,10.6741,2026-08-13
154161,INF03VN01AD3,,WhiteOak Capital Consumption Opportunities Fund Direct Plan Growth,10.579,2026-08-13
154164,INF666M01NR1,,Groww Nifty PSE ETF FOF Direct Growth,9.5866,2026-08-13
154167,INF740KA1YE9,,DSP Multi Asset Omni Fund of Funds - Direct - Growth,10.2575,2026-08-13
154171,INF846KA1424,,Axis BSE India Sectors Leaders Index Fund- Direct Plan- Growth Option,9.794,2026-08-13
154177,INF200KB1AG6,,SBI Quality Fund - Direct Plan - Growth,10.9904,2026-08-13
154178,INF200KB1AH4,INF200KB1AI2,SBI Quality Fund - Direct Plan - Income Distribution Cum Capital Withdrawal,10.9904,2026-08-13
154179,INF179KC1KA4,,HDFC Nifty India Consumption Index Fund - Direct Growth Plan,10.2215,2026-08-13
154185,INF2F0001479,,The Wealth Company Balanced Advantage Fund - Direct Growth,10.1962,2026-08-13
154187,INF769K01QG3,,Mirae Asset BSE India Defence ETF FOF - Direct Plan - Growth,12.162,2026-08-13
154195,INF251K01VP3,,Baroda BNP Paribas Best-in-Class Strategy Fund - Direct - Growth Option,10.7912,2026-08-13
154197,INF789F1AD04,,UTI Nifty500 Shariah Index Fund - Direct Plan Growth Option,10.4227,2026-08-13
154200,INF666M01NX9,,Groww BSE Hospitals ETF FOF Direct Growth,10.933,2026-08-13
154204,INF0QA701CF6,,Bajaj Finserv Low Duration Fund - Direct - Growth,1032.59,2026-08-13
154206,INF1J2R01155,,ANGEL ONE SILVER ETF FOF -DIRECT GROWTH,8.0124,2026-08-13
154208,INF754K01WP4,,Edelweiss Gold ETF Fund of Fund Direct Plan Growth Option,9.411,2026-08-13
154210,INF0GCD01875,,TRUSTMF MID CAP FUND -DIRECT -GROWTH,12.41,2026-08-13
154215,INF2JJD01177,,Abakkus Small Cap Fund - Direct Plan - Growth,12.571,2026-08-13
154216,INF769K01QM1,,Mirae Asset Nifty Metal ETF FOF - Direct Plan - Growth,10.488,2026-08-13
154225,INF0S5R01133,,Old Bridge Flexi Cap Fund Direct Growth,11.56,2026-08-13
154232,INF226401059,,Capitalmind Multi Asset Allocation Fund-Direct-Growth,10.1392,2026-08-13
154236,INF226401117,,Capitalmind Arbitrage Fund-Direct-Growth,10.2546,2026-08-13
154239,INF247L01GT2,,Motilal Oswal Multi Factor Passive Fund of Funds - Direct,10.5859,2026-08-13
154244,INF767K01SJ7,,LIC MF Technology Fund-Direct Plan-Growth,11.4721,2026-08-13
154250,INF760K01LN9,,Canara Robeco Banking and Financials Services Fund - Direct Plan - Growth,11.16,2026-08-13
154252,INF204KC1GR5,,Nippon India CRISIL-IBX Financial Services 9-12 Months Debt Index Fund -Direct Plan - Growth Option,10.323,2026-08-13
154257,INF0R8701442,,Helios Arbitrage Fund - Direct Growth,10.25,2026-08-13
154262,INF179KC1KE6,,HDFC INCOME PLUS ARBITRAGE OMNI FOF - GROWTH OPTION - DIRECT PLAN,10.3701,2026-08-13
154266,INF109K1A468,,ICICI Prudential Diversified Equity All Cap Active FOF - Direct Plan - Growth,11.0911,2026-08-13
154269,INF2F0001537,,The Wealth Company Small Cap Fund- Direct-Growth,11.8511,2026-08-13
154271,INF204KC1GX3,,Nippon India CRISIL-IBX Financial Services 3-6 Months Debt Index Fund- Direct Plan- Growth Option,10.3352,2026-08-13
154275,INF174KA1ZG6,,Kotak Multi Factor Passive FOF - Direct- Growth,11.276,2026-08-13
154278,INF666M01OH0,,Groww Nifty PSU Bank Index Fund Direct Growth,10.4651,2026-08-13
154279,INF769K01QS8,,Mirae Asset Silver ETF FOF - Direct Plan - Growth,10.307,2026-08-13
154287,INF174KA1ZI2,,Kotak Quality Overseas Equity Omni FOF - Direct Plan - Growth-,11.584,2026-08-13
154295,INF336L01SB6,,HSBC Gold ETF Fund of fund - Direct Growth,10.4129,2026-08-13
154301,INF2KCX01020,,Choice Nifty 50 Index Fund - Direct Plan Growth,10.5566,2026-08-13
154304,INF2KCX01046,,Choice Nifty Next 50 Index Fund - Direct Plan Growth,11.6172,2026-08-13
154306,INF0R8F01190,,Zerodha Nifty MidSmallcap400 50:50 Index Fund - Direct Plan - Growth Option,11.5311,2026-08-13
154307,INF22M001176,,JioBlackRock Large Cap Fund - Direct Plan - Growth Option,10.1699,2026-08-13
154308,INF179KC1KI7,,HDFC CRISIL-IBX Financial Services 9-12 Months Debt Index Fund - Direct Growth Plan,10.316,2026-08-13
154310,INF754K01WR0,,Edelweiss Nifty LargeMidcap 250 Plus 8-13 yr G-Sec 70-30 Index Fund Direct Plan Growth,11.0047,2026-08-13
154316,INF174KA1ZO0,,Kotak Multi Asset Active FOF - Direct - Growth,10.371,2026-08-13
154320,INF666M01ON8,,Groww Arbitrage Fund Direct Growth,10.1914,2026-08-13
154321,INF0R8F01208,,Zerodha Nifty LargeMidcap250 Plus 8-13 Yr G-Sec 70:30 Index Fund - Direct Plan - Growth Option,10.3823,2026-08-13
154326,INF846KA1523,,Axis Nifty India Defence Index Fund - Direct Plan - Growth,10.8756,2026-08-13
154331,INF200KB1AO0,,SBI CRISIL - IBX Financial Services 3-6 Months Debt Index Fund - Direct Plan - Growth,10.2241,2026-08-13
154334,INF200KB1AU7,,SBI CRISIL - IBX Financial Services 9-12 Months Debt Index Fund - Direct Plan - Growth,10.2167,2026-08-13
154337,INF247L01GW6,,Motilal Oswal Contra Fund - Direct â Growth,10.6136,2026-08-13
154340,INF205KA1BM8,,Invesco India BSE Sensex Index Fund - Direct Plan - Growth,10.258,2026-08-13
154343,INF205KA1BO4,,Invesco India Nifty Bank Index Fund - Direct Plan - Growth,10.6522,2026-08-13
154346,INF666M01OU3,,Groww Nifty Private Bank Index Fund Direct Growth,10.1609,2026-08-13
154348,INF846KA1549,,Axis Nifty Capital Markets Index Fund- Direct Plan,9.5608,2026-08-13
154358,INF174KA1ZW3,INF174KA1ZU7,Kotak Low Duration Fund - Direct Plan - Weekly - Reinvestment & Payout of Income Distribution cum Capital Withdrawal Option,1015.8275,2026-08-13
154361,INF174KA1A03,INF174KA1ZY9,Kotak Low Duration Fund - Direct Plan - Monthly - Reinvestment & Payout of Income Distribution cum Capital Withdrawal Option,1013.3876,2026-08-13
154364,INF247L01HC6,,Motilal Oswal BSE Clean Environment Index Fund - Direct,9.4705,2026-08-13
154370,INF200KB1BI0,,SBI CRISIL-IBX 10:90 GILT + SDL INDEX DEC 2029 INDEX FUND - DIRECT - GROWTH,10.2916,2026-08-13
154372,INF200KB1BC3,,SBI NIFTY G-SEC JUL 2031 INDEX FUND - DIRECT - GROWTH,10.3572,2026-08-13
154377,INF247L01HE2,,Motilal Oswal BSE Midcap 150 Momentum 30 Index Fund-Direct,10.5429,2026-08-13
154381,INF2F0001594,,The Wealth Company Large & Mid Cap Fund Direct Growth,10.5832,2026-08-13
154383,INF666M01PA2,,Groww Nifty Smallcap 250 Momentum Quality 100 Index Fund Direct Growth,10.6031,2026-08-13
154388,INF174KA1A29,,Kotak Nifty Alpha Low Volatility 30 Index Fund - Direct- Growth,10.488,2026-08-13
154392,INF03VN01AF8,,WhiteOak Capital Aggressive Hybrid Fund Direct Plan Growth,10.462,2026-08-13
154394,INF680P01497,,Shriram Overnight Fund- Direct Growth,1267.5353,2026-08-13
154409,INF277KA1EV6,,Tata Multi Sector Passive FOF Direct Plan Growth Option,10.0399,2026-08-13
154413,INF2KCX01087,,Choice Overnight Fund - Growth Option - Direct Plan,100.5692,2026-08-13
154417,INF109K1A518,,ICICI Prudential Balanced Hybrid Fund - Direct Plan - Growth,10.14,2026-08-13
154423,INF192K01NQ4,,JM Multi Asset Allocation Fund (Direct) - Growth Option,10.4382,2026-08-13
154427,INF179KC1KQ0,,HDFC Nifty Auto Index Fund- Direct Plan- Growth Option,10.7786,2026-08-13
154433,INF0GCD01891,,TRUSTMF LARGE & MIDCAP FUND - DIRECT PLAN - GROWTH,10.27,2026-08-13
154436,,,Zerodha Life Cycle Fund 2036 - Direct - Growth,10.16,2026-08-13
154437,,,Zerodha Life Cycle Fund 2041 - Direct - Growth,10.1735,2026-08-13
154438,INF2VOA01012,,ALPHAGREP MULTI ASSET ALLOCATION FUND-DIRECT-GROWTH,10.2447,2026-08-13
154449,INF109K1A559,,ICICI Prudential Multi-Asset Active FOF - Direct Plan - Growth,10.1983,2026-08-13
154451,INF0J8L01172,,NJ Momentum Fund - Direct Growth,10.14,2026-08-13
154456,INF0J8L01214,,NJ Value Fund - Direct Growth,10.0,2026-08-13
154460,INF846KA1564,,Axis Nifty50 Equal Weight Index Fund-Direct Plan- Growth Option,10.2757,2026-08-13
154467,INF200KB1BO8,,SBI Crisil - IBX SDL Index - June 2034 Index Fund - Direct Plan - Growth,10.0678,2026-08-13
154474,INF769K01QX8,,Mirae Asset BSE Midcap 150 Momentum 30 ETF FOF - Direct Plan - Growth,10.564,2026-08-13
154477,INF2JJD01193,,Abakkus Large & Mid Cap Fund - Direct  Plan - Growth,10.058,2026-08-13
154481,INF2F0001651,,The Wealth Company Mid Cap Fund- Direct-Growth,9.9834,2026-08-13
154490,INF251K01VY5,,Baroda BNP Paribas Services Fund - Direct Growth Option,10.0047,2026-08-13
154493,INF769K01RG1,,Mirae Asset Nifty200 Momentum 30 Plus 8-13yr G-Sec 75:25 Index Fund - Direct Plan - Growth,10.324,2026-08-13
154505,,,HDFC Nifty Metal ETF FOF - Direct Plan - Growth Option,9.8944,2026-08-13
154518,INF2VOA01079,,AlphaGrep Flexi Cap Fund - Direct - Growth,10.11,2026-08-13
154526,INF200KB1BU5,,SBI Nifty Midcap 150 Momentum 50 ETF FOF - Direct - Growth,10.0964,2026-08-13
154541,,,Franklin India Short Term Fund - Direct - Growth,10.0052,2026-08-13
154565,INF2VOA01137,,AlphaGrep Liquid Omni FoF- Direct Growth,1001.3247,2026-08-13
154624,,,Choice Overnight Fund -Direct -Unclaimed Less than 3 years Redemption Plan,100.0137,2026-08-13
