scheme_code,isin_growth,isin_div_reinv,scheme_name,nav,date
119550,INF209K01YN0,,Aditya Birla Sun Life Banking & PSU Debt Fund- Direct Plan-Growth,403.8405,2026-08-04
120438,INF846K01CR6,,Axis Banking & PSU Debt Fund - Direct Plan - Growth Option,2893.3294,2026-08-04
152162,INF0QA701607,,Bajaj Finserv Banking and PSU Fund-Direct Plan- Growth,12.2143,2026-08-04
121279,INF194K015G8,,Bandhan Banking and PSU Fund - Direct Growth,27.048,2026-08-04
150505,INF760K01KC4,,Canara Robeco Banking and PSU Debt Fund- Direct Plan- Growth Option,12.8993,2026-08-04
124175,INF740K01ZW2,,DSP Banking & PSU Debt Fund - Direct Plan - Growth,26.3499,2026-08-04
140286,INF843K01FC8,,Edelweiss Banking and PSU Debt Fund - Direct Plan - Growth Option,26.9728,2026-08-04
129008,INF090I01KR8,,Franklin India Banking & PSU Debt Fund - Direct - Growth,25.1716,2026-08-04
128629,INF179KA1IZ7,,HDFC Banking and PSU Debt Fund - Growth Option - Direct Plan,25.4964,2026-08-04
120256,INF109K010A6,,ICICI Prudential Banking and PSU Debt Fund - Direct Plan -  Growth,36.4364,2026-08-04
148534,INF00XX01861,,ITI Banking & PSU Debt Fund - Direct Plan - Growth Option,14.1781,2026-08-04
123693,INF174K01KH7,,Kotak Banking and PSU Debt Direct - Growth,72.7581,2026-08-04
123692,INF174K01KK1,INF174K01KL9,Kotak Banking and PSU Debt Direct - Monthly Payout of Income Distribution cum capital withdrawal option,10.2744,2026-08-04
120338,INF767K01GI4,,LIC MF Banking & PSU Fund-Direct Plan-Growth,39.9267,2026-08-04
148419,INF769K01FY9,,Mirae Asset Banking and PSU Fund - Direct Plan - Growth,14.0047,2026-08-04
134547,INF204KA1U53,,Nippon India Banking and PSU  Fund- Direct Plan-Growth Plan- Growth Option,22.9009,2026-08-04
134552,INF204KA1U61,,Nippon India Banking and PSU Fund- Direct Plan-Growth Plan- Bonus Option,22.9003,2026-08-04
125503,INF200K01V08,,SBI BANKING & PSU FUND - Direct Plan - Growth,3523.1401,2026-08-04
119625,INF903J01PA5,,Sundaram Banking & PSU Fund (Formerly Known as Sundaram Banking and PSU Debt Fund) Direct Plan - Growth,46.376,2026-08-04
126940,INF789F015Z6,,UTI Banking & PSU Fund - Direct Plan - Growth Option,23.8467,2026-08-04
119533,INF209K01S38,,Aditya Birla Sun Life Corporate Bond Fund - Growth - Direct Plan,121.8029,2026-08-04
141588,INF846K01ZM8,,Axis Corporate Bond Fund - Direct Plan Growth,19.3434,2026-08-04
135916,INF194KA1M23,,BANDHAN Corporate Bond Fund - Direct Growth,21.1591,2026-08-04
150237,INF251K01GP4,,BARODA BNP PARIBAS Corporate Bond Fund - Direct Plan - Growth Option,31.2962,2026-08-04
126685,INF760K01HB2,,CANARA ROBECO CORPORATE BOND FUND - DIRECT PLAN - GROWTH OPTION,24.6374,2026-08-04
144646,INF740KA1KE8,,DSP Corporate Bond Fund - Direct - Growth,17.36,2026-08-04
118569,INF090I01FW8,,Franklin India Corporate Debt Fund - Direct - GROWTH,115.7763,2026-08-04
118987,INF179K01XD8,,HDFC Corporate Bond Fund - Growth Option - Direct Plan,35.2794,2026-08-04
150996,INF917K01HN3,,HSBC Corporate Bond Fund - Direct Growth,83.0133,2026-08-04
120692,INF109K016B1,,ICICI Prudential Corporate Bond Fund - Direct Plan - Growth,33.4954,2026-08-04
148755,INF769K01HD9,,Mirae Asset Corporate Bond Fund Direct Growth Plan,13.8028,2026-08-04
118807,INF204K01D63,,Nippon India Corporate Bond Fund - Direct Plan Growth Plan - Bonus,47.9435,2026-08-04
118814,INF204K01C15,,Nippon India Corporate Bond Fund - Direct Plan Growth Plan - Growth Option,67.1526,2026-08-04
138330,INF223J01OO2,,PGIM India Corporate Bond Fund - Direct Plan - Growth,51.0853,2026-08-04
146215,INF200KA1YR4,,SBI Corporate Bond Fund - Direct Plan - Growth,16.9914,2026-08-04
119621,INF903J01NR4,,Sundaram Corporate Bond Fund Direct Plan - Growth,44.0471,2026-08-04
149361,INF277KA1224,,Tata Corporate Bond Fund-Direct Plan-Growth,13.4157,2026-08-04
151320,INF0GCD01560,,TRUSTMF CORPORATE BOND FUND-DIRECT PLAN-GROWTH,1273.6267,2026-08-04
143241,INF582M01DU5,,Union Corporate Bond Fund - Direct Plan - Growth Option,16.5359,2026-08-04
144339,INF789F1A538,,UTI Corporate Bond Fund - Direct Plan - Growth Option,17.8396,2026-08-04
134388,INF209KA1L12,,Aditya Birla Sun Life Credit Risk Fund - Direct Plan - Bonus,27.9669,2026-08-04
134387,INF209KA1K88,,Aditya Birla Sun Life Credit Risk Fund - Direct Plan - Growth,27.9681,2026-08-04
130314,INF846K01PJ5,,Axis Credit Risk Fund - Direct Plan - Growth,26.2839,2026-08-04
140603,INF194KA1X61,,BANDHAN Credit Risk Fund-Direct Plan-Growth,19.0053,2026-08-04
133868,INF761K01DG8,,BANK OF INDIA Credit Risk  Fund - Direct Plan,14.7751,2026-08-04
133488,INF955L01FR6,,Baroda BNP Paribas Credit Risk Fund -Direct-Growth Option,26.3593,2026-08-04
119082,INF740K01OS4,,DSP Credit Risk Fund - Direct Plan - Growth,60.574,2026-08-04
128051,INF179KA1FZ3,,HDFC Credit Risk Debt Fund - Growth Option - Direct Plan,28.1801,2026-08-04
151045,INF917K01UH8,,HSBC Credit Risk Fund - Direct Growth,37.5637,2026-08-04
120711,INF109K01V00,,ICICI Prudential Credit Risk Fund - Direct Plan - Growth,38.4689,2026-08-04
119740,INF174K01MG5,,Kotak Credit Risk Fund - Direct Plan - Standard Income Distribution cum capital withdrawal option,27.1116,2026-08-04
119741,INF174K01LZ7,,Kotak Credit Risk Fund - Growth - Direct,36.0961,2026-08-04
118780,INF204K01A74,,Nippon India Credit Risk Fund - Direct Plan - Growth Plan,42.094,2026-08-04
119798,INF200K01SV4,,SBI CREDIT RISK FUND - DIRECT PLAN -GROWTH,53.7283,2026-08-04
120764,INF789F01YB6,,UTI Credit Risk Fund - Direct Plan - Growth Option,20.7741,2026-08-04
122715,INF579M01266,,360 ONE Dynamic Bond Fund Direct Plan Growth,25.6241,2026-08-04
119505,INF209K01N82,,Aditya Birla Sun Life Dynamic Bond Fund - Growth - Direct Plan,52.8367,2026-08-04
120451,INF846K01DI3,,Axis Dynamic Bond Fund - Direct Plan - Growth Option,34.7518,2026-08-04
118416,INF194K01N63,,BANDHAN Dynamic Bond Fund-Direct Plan-Growth,40.009,2026-08-04
150180,INF251K01GW0,,Baroda BNP Paribas Dynamic Bond Fund - Direct Plan - Growth Option,52.4275,2026-08-04
118284,INF760K01EC7,,CANARA ROBECO DYNAMIC BOND FUND - DIRECT PLAN - GROWTH OPTION,33.2601,2026-08-04
119239,INF740K01QG4,,DSP Strategic Bond Fund - Direct Plan - Growth,3711.6596,2026-08-04
145589,INF666M01EK5,,Groww Dynamic Term Fund (formerly known as Indiabulls Dynamic Bond Fund) - Direct Plan - Growth option,1574.7643,2026-08-04
145596,,INF666M01EL3,Groww Dynamic Term Fund (formerly known as Indiabulls Dynamic Bond Fund)- Direct Plan- - Income Distribution cum capital withdrawal Option ( Reinvestment),1019.7281,2026-08-04
145595,INF666M01EO7,INF666M01EP4,Groww Dynamic Term Fund (formerly known as Indiabulls Dynamic Bond Fund)- Direct Plan- Fortnightly - Income Distribution cum capital withdrawal Option (Payout & Reinvestment),1021.6257,2026-08-04
145591,INF666M01EQ2,INF666M01ER0,Groww Dynamic Term Fund (formerly known as Indiabulls Dynamic Bond Fund)- Direct Plan- Monthly - Income Distribution cum capital withdrawal Option (Payout & Reinvestment),1012.6803,2026-08-04
145597,INF666M01EM1,INF666M01EN9,Groww Dynamic Term Fund (formerly known as Indiabulls Dynamic Bond Fund)- Direct Plan- Weekly - Income Distribution cum capital withdrawal Option (Payout & Reinvestment),1018.4519,2026-08-04
119075,INF179K01WB4,,HDFC Dynamic Debt Fund - Growth Option - Direct Plan,103.5885,2026-08-04
120603,INF109K016E5,,ICICI Prudential All Seasons Bond Fund - Direct Plan - Growth,42.5684,2026-08-04
120435,INF192K01DD3,,JM Dynamic Bond Fund - (Direct) - Growth Option,46.4642,2026-08-04
119753,INF174K01JX6,,Kotak Dynamic Bond Fund - Direct Plan - Standard Income Distribution cum capital withdrawal option,15.2575,2026-08-04
119755,INF174K01JU2,,Kotak Dynamic Bond Fund - Growth - Direct,43.4741,2026-08-04
144403,INF174V01580,,Mahindra Manulife Dynamic Bond Fund - Direct Plan - Growth,16.3702,2026-08-04
140769,INF769K01DR8,,Mirae Asset Dynamic Bond Fund -Direct Plan -Growth,18.803,2026-08-04
118747,INF204K01A25,,Nippon India Dynamic Bond Fund - Direct Plan Growth Plan - Growth Option,42.4598,2026-08-04
120084,INF663L01AD7,,PGIM India Dynamic Bond Fund - Direct Plan-Growth Option,3117.979,2026-08-04
134494,INF082J01176,,Quantum Dynamic Term Fund - Direct Plan Growth Option,22.8113,2026-08-04
119671,INF200K01RD4,,SBI Dynamic Bond Fund - DIRECT PLAN - Growth,41.3665,2026-08-04
119311,INF582M01799,,Union Dynamic Bond Fund - Direct Plan - Growth Option,24.9715,2026-08-04
120762,INF789F01XD4,,UTI Dynamic Bond Fund - Direct Plan - Growth Option,35.5747,2026-08-04
122646,INF209K01UX7,,Aditya Birla Sun Life Floating Rate Fund-Direct Plan-Growth,383.2166,2026-08-04
149049,INF846K014A6,,Axis Floater Fund - Direct Plan - Growth,1420.6171,2026-08-04
148711,INF194KB1BA5,,BANDHAN FLOATER FUND  - DIRECT PLAN GROWTH,14.1885,2026-08-04
148771,INF740KA1PV1,,DSP Floater Fund - Direct Plan - Growth,14.2693,2026-08-04
118508,INF090I01LK1,,Franklin India Floating Rate Fund - Direct - Growth,47.9191,2026-08-04
118961,INF179K01VQ4,,HDFC Floating Rate Debt Fund - Direct Plan - Growth Option,54.6971,2026-08-04
120425,INF109K01P57,,ICICI Prudential Floating Interest Fund - Direct Plan - Growth,500.186,2026-08-04
147269,INF174KA1EC0,,KOTAK FLOATING RATE FUND-DIRECT PLAN-GROWTH OPTION,1662.3036,2026-08-04
147267,,INF174KA1EF3,KOTAK FLOATING RATE FUND-DIRECT PLAN-Standard Reinvestment of Income Distribution cum capital withdrawal option,1448.123,2026-08-04
118656,INF204K01E05,,Nippon India Floater Fund  - Direct Plan Growth Plan - Growth Option,50.8479,2026-08-04
148550,INF200KA1R64,,SBI Floating Rate Debt Fund - Direct Plan - Growth,14.4397,2026-08-04
149007,INF277KA1026,,Tata Floating Rate Fund -Direct Plan-Growth,13.9127,2026-08-04
145295,INF789F1ACX5,,UTI - Floater Fund - Direct Plan - Growth Option,1675.6633,2026-08-04
119605,INF209K01XP7,,Aditya Birla Sun Life Government Securities Fund - Growth - Direct Plan,88.6013,2026-08-04
120447,INF846K01DD4,,Axis Gilt Fund - Direct Plan - Growth Option,28.5243,2026-08-04
153206,INF0QA701AP9,,Bajaj Finserv Gilt Fund - Direct - Growth,1073.6893,2026-08-04
118464,INF194K01Q29,,Bandhan Gilt Fund - Direct Plan - Growth,40.6874,2026-08-04
119341,INF955L01AD7,,Baroda BNP Paribas GILT FUND - Direct Plan - Growth Option,48.4346,2026-08-04
118299,INF760K01FC4,,CANARA ROBECO GILT FUND - DIRECT PLAN - GROWTH OPTION,83.474,2026-08-04
119099,INF740K01NF3,,DSP Gilt Fund - Direct Plan - Growth,105.8336,2026-08-04
140298,INF843K01GS2,,Edelweiss Government Securities Fund - Direct Plan - Growth Option,26.8082,2026-08-04
118498,INF090I01HS2,,Franklin India Government Securities Fund - Direct - Growth,67.7289,2026-08-04
153477,INF666M01KK2,,Groww Gilt Fund - Direct - Growth,10.0201,2026-08-04
119116,INF179K01VS0,,HDFC Gilt Fund - Growth Option - Direct Plan,60.6169,2026-08-04
151014,INF917K01FI7,,HSBC Gilt Fund - Direct Growth,77.6062,2026-08-04
120590,INF109K018C5,,ICICI Prudential Gilt Fund - Direct Plan - Growth,117.1905,2026-08-04
119757,INF174K01KM7,,Kotak Gilt-Investment  Provident Fund and Trust-Growth - Direct,114.3427,2026-08-04
119759,INF174K01KE4,,Kotak Gilt-Investment Regular-Growth - Direct,111.6371,2026-08-04
119758,INF174K01KF1,,Kotak Gilt-Investment Regular-Payout of Income Distribution cum capital withdrawal option - Direct,24.566,2026-08-04
120282,INF767K01EZ3,,LIC MF Gilt Fund-Direct Plan-Growth,66.7554,2026-08-04
118669,INF204K01E70,,Nippon India Gilt  Fund - Direct Plan - P F Option - Automatic Capital Appreciation Payout Option,44.2836,2026-08-04
118673,INF204K01E88,,Nippon India Gilt  Fund - Direct Plan - P F Option - Defined Maturity Date Option,44.5186,2026-08-04
118672,INF204K01XP8,,Nippon India Gilt  Fund - Direct Plan Growth Plan - Growth Option,44.3987,2026-08-04
133265,INF204KA1YV2,,Nippon India Gilt  Fund- Direct Plan- Growth Plan- Bonus Option,24.8145,2026-08-04
118674,,INF204K01E62,Nippon India Gilt Fund - Direct Plan - P F Option - Automatic Annual Reinvest Option,24.0312,2026-08-04
138472,INF223J01ND7,,PGIM India Gilt Fund - Direct Plan - Growth,33.6605,2026-08-04
151228,INF966L01BF7,,quant Gilt Fund - Growth Option - Direct Plan,12.5909,2026-08-04
119707,INF200K01SH3,,SBI GILT FUND - DIRECT PLAN - GROWTH,72.6722,2026-08-04
119953,INF277K01OX7,,Tata Gilt Securities Fund- Direct Plan - Growth Option,91.1562,2026-08-04
150407,INF582M01HW2,,Union Gilt Fund - Direct Plan - Growth Option,12.4866,2026-08-04
120792,INF789F01TL5,,UTI - GILT FUND - Direct Plan - Growth Option,68.4005,2026-08-04
118387,INF194K01P38,,Bandhan Gilt Fund with 10 year constant duration Fund - Direct Plan - Growth,49.4092,2026-08-04
131301,INF740K019I5,,DSP 10Y G-Sec Fund - Direct Plan - Growth,23.1312,2026-08-04
131061,INF109KA1O37,,ICICI Prudential Constant Maturity Gilt Fund - Direct Plan - Growth,26.7211,2026-08-04
120137,INF200K01SK7,,SBI CONSTANT MATURITY 10 YEAR GILT FUND - DIRECT PLAN - GROWTH,69.5543,2026-08-04
150410,INF789F1AVR7,,UTI Gilt Fund with 10 year Constant Duration - Direct Plan - Growth Option,13.4072,2026-08-04
125345,INF579M01621,,360 ONE LIQUID FUND DIRECT PLAN  GROWTH,2159.4551,2026-08-04
119568,INF209K01VA3,,Aditya Birla Sun Life Liquid Fund - Growth - Direct Plan,456.0022,2026-08-04
120389,INF846K01CX4,,Axis Liquid Fund - Direct Plan - Growth Option,3140.1431,2026-08-04
151833,INF0QA701011,,Bajaj Finserv Liquid Fund - Direct Plan - Growth,1231.682,2026-08-04
118364,INF194K01I60,,BANDHAN LIQUID Fund -Direct Plan-Growth,3407.5736,2026-08-04
119369,INF761K01785,,BANK OF INDIA Liquid Fund- Direct Plan- Growth,3249.8057,2026-08-04
119415,INF955L01AL0,,Baroda BNP Paribas LIQUID FUND - DIRECT PLAN - GROWTH OPTION,3251.8401,2026-08-04
118305,INF760K01FU6,,CANARA ROBECO LIQUID FUND - DIRECT PLAN - GROWTH OPTION,3381.9914,2026-08-04
154011,INF226401034,,Capitalmind Liquid Fund - Direct-Growth,1046.1626,2026-08-04
119125,INF740K01QL4,,DSP Liquidity Fund - Direct Plan - Growth,4036.4724,2026-08-04
140194,INF754K01GY9,,Edelweiss Liquid Fund - Direct Plan - Bonus Option,2122.4426,2026-08-04
140196,INF754K01GM4,,Edelweiss Liquid Fund - Direct Plan - Growth Option,3648.1836,2026-08-04
118577,INF090I01JV2,,Franklin India Liquid Fund - Super Institutional - Direct - Growth,4242.8868,2026-08-04
119135,INF666M01451,,Groww Liquid Fund ( formerly known as Indiabulls Liquid )Fund - Direct Plan - Growth Option,2735.4804,2026-08-04
119136,,INF666M01469,Groww Liquid Fund (formerly known as Indiabulls Liquid Fund) - Direct Plan- - Income Distribution cum capital withdrawal Option ( Reinvestment),1002.0907,2026-08-04
119138,INF666M01501,INF666M01485,Groww Liquid Fund (formerly known as Indiabulls Liquid Fund)- Direct Plan- Fortnightly - Income Distribution cum capital withdrawal Option (Payout & Reinvestment),1003.2908,2026-08-04
119139,INF666M01519,INF666M01493,Groww Liquid Fund (formerly known as Indiabulls Liquid Fund)- Direct Plan- Monthly - Income Distribution cum capital withdrawal Option (Payout & Reinvestment),1029.5787,2026-08-04
119137,INF666M01527,INF666M01477,Groww Liquid Fund (formerly known as Indiabulls Liquid Fund)- Direct Plan- Weekly - Income Distribution cum capital withdrawal Option (Payout & Reinvestment),1001.9954,2026-08-04
119091,INF179KB1HP9,,HDFC Liquid Fund - Growth Option - Direct Plan,5540.7577,2026-08-04
120038,INF336L01CC8,,HSBC Liquid Fund -  Growth Direct,2811.4648,2026-08-04
120197,INF109K01Q49,,ICICI Prudential Liquid Fund - Direct Plan - Growth,417.5621,2026-08-04
147157,INF00XX01283,,ITI Liquid Fund - Direct Plan - Growth Option,1464.8385,2026-08-04
153651,INF22M001010,,JioBlackRock Liquid Fund - Direct Plan - Growth Option,1070.1841,2026-08-04
120406,INF192K01CM6,,JM Liquid Fund (Direct) - Growth Option,76.9729,2026-08-04
148414,,,JM Liquid Fund - Unclaimed Application Refund Amount I.E.F. (Direct) - Growth Plan,41.4437,2026-08-04
148413,,,JM Liquid Fund - Unclaimed Brokerage I.E.F. (Direct) - Growth Plan,41.4437,2026-08-04
120249,INF767K01DN1,,LIC MF Liquid Fund-Direct Plan-Growth,5122.906,2026-08-04
139538,INF174V01044,,Mahindra Manulife Liquid Fund - Direct Plan -Growth,1837.942,2026-08-04
118859,INF769K01CM1,,Mirae Asset Liquid Fund - Direct Plan - Growth,2978.7267,2026-08-04
145834,INF247L01734,,Motilal Oswal Liquid Fund - Direct Growth,14.8602,2026-08-04
119164,INF959L01GF1,,Navi Liquid Fund-Direct Plan-Growth Option,30.4555,2026-08-04
118701,INF204K01ZH0,,Nippon India Liquid Fund - Direct Plan Growth Plan - Growth Option,6909.3095,2026-08-04
138299,INF223J01NS5,,PGIM India Liquid Fund - Direct Plan - Growth,368.2544,2026-08-04
143269,INF879O01068,,Parag Parikh Liquid Fund- Direct Plan- Growth,1560.1783,2026-08-04
120837,INF966L01820,,quant Liquid Fund - Growth Option - Direct Plan,45.1869,2026-08-04
103734,INF082J01127,,Quantum Liquid Fund - Direct Plan Growth Option,37.497,2026-08-04
119800,INF200K01UT4,,SBI Liquid Fund - DIRECT PLAN -Growth,4411.1528,2026-08-04
153035,INF680P01430,,Shriram Liquid Fund - Direct Plan Growth Option,1114.2697,2026-08-04
149664,INF173K01GU0,,Sundaram Liquid Fund (Formerly Known as Principal Cash Management Fund) - Direct Plan - Growth Option,2495.3107,2026-08-04
119861,INF277K01YE6,,Tata Liquid Fund- Direct Plan-Growth Option,4454.3074,2026-08-04
153887,,INF2F0001073,THE WEALTH COMPANY LIQUID FUND DIRECT DAILY ICDW,1002.0009,2026-08-04
153883,INF2F0001081,,THE WEALTH COMPANY LIQUID FUND DIRECT GROWTH,1053.6326,2026-08-04
153889,INF2F0001123,INF2F0001115,THE WEALTH COMPANY LIQUID FUND DIRECT WEEKLY,1002.2235,2026-08-04
148842,,INF0GCD01263,TRUSTMF Liquid Fund-Direct Plan-Daily Income Distribution cum Capital Withdrawal,1290.1872,2026-08-04
148841,INF0GCD01255,,TRUSTMF Liquid Fund-Direct Plan-Growth,1365.6862,2026-08-04
148839,INF0GCD01305,INF0GCD01297,TRUSTMF Liquid Fund-Direct Plan-Monthly Income Distribution cum Capital Withdrawal,1218.2998,2026-08-04
148837,INF0GCD01271,INF0GCD01289,TRUSTMF Liquid Fund-Direct Plan-Weekly Income Distribution cum Capital Withdrawal,1245.8152,2026-08-04
153570,INF1MIY01056,,Unifi Liquid Fund- Direct Growth,1069.5319,2026-08-04
119303,INF582M01674,,Union Liquid Fund - Direct Plan - Growth Option,2721.9636,2026-08-04
145971,INF03VN01043,,WhiteOak Capital Liquid Fund- Direct plan-Growth Option,1510.1738,2026-08-04
150484,INF209KB17J2,,Aditya Birla Sun Life Long Duration Fund-Direct Growth,13.4365,2026-08-04
151179,INF846K014L3,,Axis Long Duration Fund - Direct Plan - Growth,1268.6822,2026-08-04
152520,INF194KB1HY2,,Bandhan Long Duration Fund - Direct Plan - Growth,11.4408,2026-08-04
153102,INF090I01XY7,,Franklin India Long Duration Fund - Direct - Growth,10.8956,2026-08-04
151313,INF179KC1ET7,,HDFC Long Duration Debt Fund - Growth Option - Direct Plan,12.6035,2026-08-04
120743,INF109K017L8,,ICICI Prudential Long Term Bond Fund - Direct Plan - Growth,101.6053,2026-08-04
152491,INF174KA1RF5,,Kotak Long Duration Fund - Direct Plan - Growth,11.2774,2026-08-04
153105,INF769K01NC9,,Mirae Asset Long Duration Fund - Direct Plan - Growth,10.5574,2026-08-04
143704,INF204KB1YQ1,,Nippon India Nivesh Lakshya Long Duration Fund- Direct Plan- Growth Option,18.7781,2026-08-04
151214,INF200KA16T4,,SBI Long Duration Fund - Direct Plan - Growth,12.7695,2026-08-04
151523,INF789F1AYB5,,UTI Long Duration Fund - Direct Plan - Growth Option,12.3629,2026-08-04
119523,INF209K01XU7,,Aditya Birla Sun Life Low duration Fund - Growth - Direct Plan,779.6965,2026-08-04
120513,INF846K01EN1,,Axis Treasury Advantage Fund - Direct Plan - Growth Option,3481.2798,2026-08-04
154204,INF0QA701CF6,,Bajaj Finserv Low Duration Fund - Direct - Growth,1030.1822,2026-08-04
118371,INF194K01J77,,BANDHAN Low Duration Fund-Direct Plan-Growth,42.2933,2026-08-04
150169,INF251K01GJ7,,BARODA BNP PARIBAS LOW DURATION Fund - Direct Plan - Growth Option,47.0772,2026-08-04
118291,INF760K01ET1,,CANARA ROBECO SAVINGS FUND - DIRECT PLAN - GROWTH OPTION,46.4003,2026-08-04
133925,INF740K013Q1,,DSP Low Duration Fund - Direct Plan - Growth,21.9069,2026-08-04
153416,INF754K01UP8,,Edelweiss Low Duration Fund - Direct Plan Growth,1098.7535,2026-08-04
153368,INF090I01YE7,,Franklin India Low Duration Fund-Direct-Growth,11.0838,2026-08-04
118942,INF179K01VF7,,HDFC Low Duration  Fund - Direct Plan - Growth,67.1715,2026-08-04
151117,INF917K01GM7,,HSBC Low Duration Fund - Direct Growth,32.4665,2026-08-04
120398,INF109K01O82,,ICICI Prudential Savings Fund - Direct Plan - Growth,592.0335,2026-08-04
154081,INF22M001150,,JioBlackRock Low Duration Fund - Direct Plan - Growth Option,1035.634,2026-08-04
143610,INF192K01FL1,,JM Low Duration Fund (Direct) - Bonus Option - Principal Units,24.5553,2026-08-04
143612,INF192K01DW3,,JM Low Duration Fund (Direct) - Growth,40.7829,2026-08-04
154361,INF174KA1A03,INF174KA1ZY9,Kotak Low Duration Fund - Direct Plan - Monthly - Reinvestment & Payout of Income Distribution cum Capital Withdrawal Option,1018.2124,2026-08-04
154358,INF174KA1ZW3,INF174KA1ZU7,Kotak Low Duration Fund - Direct Plan - Weekly - Reinvestment & Payout of Income Distribution cum Capital Withdrawal Option,1013.8171,2026-08-04
133812,INF178L01AZ9,INF178L01AY2,Kotak Low Duration Fund - Direct Plan- Standard Income Distribution cum capital withdrawal option,1559.6989,2026-08-04
133810,INF178L01AX4,,Kotak Low Duration Fund- Direct Plan- Growth Option,3914.7454,2026-08-04
120315,INF767K01FM8,,LIC MF Low Duration Fund-Direct Plan-Growth,45.9888,2026-08-04
140613,INF174V01267,,Mahindra Manulife Low Duration Fund - Direct Plan -Growth,1882.8412,2026-08-04
118840,INF769K01BO9,,Mirae Asset Low Duration Fund - Direct Plan - Growth,2639.6188,2026-08-04
118702,INF204K01G03,,Nippon India Low Duration Fund - Direct Plan Growth Plan - Bonus Option,2475.917,2026-08-04
118709,INF204K01ZU3,,Nippon India Low Duration Fund - Direct Plan Growth Plan - Growth Option,4262.2436,2026-08-04
119812,INF200K01VM7,,SBI LOW DURATION FUND - DIRECT PLAN - GROWTH,3885.7216,2026-08-04
149526,INF173K01FS6,,Sundaram Low Duration Fund (Formerly Known as Principal Low Duration Fund) - Direct Plan - Growth Option,3969.0143,2026-08-04
119863,INF277K01OK4,,Tata Treasury Advantage Fund - Direct Plan - Growth Option,4334.4511,2026-08-04
153654,INF582M01LQ6,,Union Low Duration Fund - Direct Plan - Growth Option,10.6296,2026-08-04
120735,INF789F01XI3,,UTI Low Duration Fund - Direct Plan - Growth Option,3861.58,2026-08-04
119539,INF209K01XA9,,Aditya Birla Sun Life Medium Term Plan - Growth - Direct Plan,47.8873,2026-08-04
120475,INF846K01DT0,,Axis Strategic Bond Fund - Direct Plan - Growth Option,33.266,2026-08-04
118401,INF194K01S50,,Bandhan Medium Duration Fund - Direct Plan - Growth,53.1063,2026-08-04
118924,INF740K01MZ3,,DSP Bond Fund - Direct Plan - Growth,92.5332,2026-08-04
119081,INF179K01WI9,,HDFC Medium Term Debt Fund - Growth Option - Direct Plan,65.7738,2026-08-04
151146,INF917K01TK4,,HSBC Medium Duration Fund - Direct Growth,23.8685,2026-08-04
120670,INF109K015A5,,ICICI Prudential Medium Term Bond Fund - Direct Plan - Growth,53.5739,2026-08-04
128079,INF174K01VS1,INF174K01VU7,Kotak Medium Term Fund - Direct - Standard Income Distribution cum capital withdrawal option,27.4897,2026-08-04
128006,INF174K01VQ5,,Kotak Medium Term Fund - Direct Growth,27.4873,2026-08-04
130052,INF204KA1QG9,,Nippon India Medium Duration Fund - Direct Plan - Bonus Option,18.336,2026-08-04
130050,INF204KA1QF1,,Nippon India Medium Duration Fund - Direct Plan - Growth Option,18.3325,2026-08-04
119824,INF200K01VB0,,SBI MEDIUM DURATION FUND - DIRECT PLAN - GROWTH,59.4557,2026-08-04
119675,INF903J01PO6,,Sundaram Medium Duration Fund (Formerly Known as Sundaram Medium Term Bond Fund) Direct Plan - Growth,80.762,2026-08-04
134503,INF789FB1KE6,,UTI Medium Duration Fund - Direct Plan - Growth Option,20.7636,2026-08-04
119657,INF209K01WY1,,Aditya Birla Sun Life Income Fund - Growth - Direct Plan,140.941,2026-08-04
118394,INF194K01R51,,Bandhan Medium to Long Duration Fund - Direct Plan - Growth,74.7968,2026-08-04
119393,INF761K01819,,BANK OF INDIA Conservative Hybrid Fund Fund-Direct Plan-Growth,38.1018,2026-08-04
118282,INF760K01FI1,,CANARA ROBECO INCOME FUND - DIRECT PLAN - GROWTH OPTION,64.6874,2026-08-04
152851,INF090I01XG4,,Franklin India Medium to Long Duration Fund - Direct Growth,11.3129,2026-08-04
119069,INF179K01WL3,,HDFC Income Fund - Growth Option - Direct Plan,67.5395,2026-08-04
120059,INF336L01DE2,,HSBC Medium to Long Duration Fund - Direct Growth,48.9387,2026-08-04
120619,INF109K01V83,,ICICI Prudential Bond Fund - Direct Plan - Growth,44.9828,2026-08-04
120430,INF192K01CW5,,JM Medium to Long Duration Fund (Direct) - Growth Option,72.3874,2026-08-04
119735,INF174K01JC0,,Kotak Bond Fund - Growth - Direct,90.8895,2026-08-04
120279,INF767K01EW0,,LIC MF Medium to Long Duration Fund-Direct Plan-Growth,82.0838,2026-08-04
118679,INF204K01F38,,Nippon India Medium to Long Duration  Fund - Direct Plan Growth Plan-Bonus Option,30.051,2026-08-04
118687,INF204K01XS2,,Nippon India Medium to Long Duration Fund - Direct Plan Growth Plan - Growth Option,105.1617,2026-08-04
119712,INF200K01SO9,,SBI Medium to Long Duration Fund-DIRECT PLAN - Bonus,48.7017,2026-08-04
119714,INF200K01SR2,,SBI Medium to Long Duration Fund-DIRECT PLAN -Growth,80.3143,2026-08-04
120689,INF789F01SQ6,,UTI Medium to Long Duration Fund-Growth - Direct,83.4007,2026-08-04
119511,INF209K01UU3,,Aditya Birla Sun Life Money Manager Fund - Growth - Direct Plan,402.2993,2026-08-04
147567,INF846K01Q62,,Axis Money Market Fund - Direct Plan - Growth Option,1550.9996,2026-08-04
151889,INF0QA701334,,Bajaj Finserv Money Market Fund-Direct Plan-Growth,1246.1175,2026-08-04
118384,INF194K01M80,,Bandhan Money Market Fund -Direct Plan-Growth,46.8897,2026-08-04
153294,INF761K01GO5,,Bank of India Money Market Fund - Direct - Growth,11.1049,2026-08-04
147377,INF955L01ID0,,Baroda BNP Paribas Money Market Fund- Direct Plan - Growth,1501.0107,2026-08-04
119106,INF740K01NU2,,DSP Savings Fund - Direct Plan - Growth,58.2132,2026-08-04
140237,INF843K01CE1,,Edelweiss Money Market Fund - Direct Plan - Growth Option,33.6342,2026-08-04
118506,INF090I01GV8,,Franklin India Money Market Fund - Direct - Growth,55.632,2026-08-04
153982,INF666M01MW3,,Groww Money Market Fund Direct Growth,10.4122,2026-08-04
119092,INF179KB1HU9,,HDFC Money Market Fund - Growth Option - Direct Plan,6257.8917,2026-08-04
151054,INF917K01FE6,,HSBC Money Market Fund - Direct Growth,29.6908,2026-08-04
120211,INF109K01R14,,ICICI Prudential Money Market Fund Option - Direct Plan -  Growth,412.1585,2026-08-04
153649,INF22M001028,,JioBlackRock Money Market Fund - Direct Plan - Growth Option,1068.5787,2026-08-04
150392,INF767K01RE0,,LIC MF Money Market Fund-Direct Plan-Growth,1292.9811,2026-08-04
149112,INF769K01HN8,,Mirae Asset Money Market Fund Direct Growth,1370.3692,2026-08-04
118715,INF204K01G11,,Nippon India Money Market Fund - Direct Plan Growth Plan - Bonus Option,2653.6338,2026-08-04
118719,INF204K01ZP3,,Nippon India Money Market Fund - Direct Plan Growth Plan - Growth Option,4512.8164,2026-08-04
148161,INF663L01T84,,PGIM India Money Market Fund - Direct Plan - Growth Option,1464.4079,2026-08-04
119821,INF200K01SZ5,,SBI  SAVINGS FUND - DIRECT PLAN - GROWTH,47.6681,2026-08-04
154144,INF680P01471,,Shriram Money Market Fund - Direct Plan Growth Option,1034.9159,2026-08-04
145050,INF903JA1FR6,,Sundaram Money Market Fund Direct Plan - Growth,16.1913,2026-08-04
119424,INF277K01PR6,,Tata Money Market Fund- Direct Plan- Growth Option,5168.9527,2026-08-04
150513,INF0GCD01503,,TRUSTMF MONEY MARKET FUND-DIRECT PLAN-GROWTH,1313.19,2026-08-04
149117,INF582M01HG5,,Union Money Market Fund - Direct Plan -  Growth Option,1360.327,2026-08-04
120299,INF789F01XV6,,UTI MMF - Direct Plan - Growth Option,3349.3858,2026-08-04
153703,INF579M01BG4,,360 ONE Overnight Fund - Direct Plan - Growth,1057.8967,2026-08-04
145486,INF209KB1ZH2,,ADITYA BIRLA SUN LIFE OVERNIGHT FUND-DIRECT PLAN-GROWTH,1482.6627,2026-08-04
146675,INF846K01N65,,Axis Overnight Fund - Direct Plan - Growth Option,1451.233,2026-08-04
153438,INF0QA701AF0,,Bajaj Finserv Overnight Fund - Direct - Unclaimed less than 3 years Redemption Plan,1075.063,2026-08-04
151849,INF0QA701177,,Bajaj Finserv Overnight Fund - Direct Plan - Growth,1202.9046,2026-08-04
146191,INF194KB1447,,BANDHAN Overnight Fund - Direct Plan - Growth,1462.019,2026-08-04
147951,INF761K01EU7,,BANK OF INDIA Overnight Fund Direct Plan Growth,1394.6769,2026-08-04
147196,INF955L01HV4,,Baroda BNP Paribas Overnight Fund - Direct Plan - Growth,1440.0251,2026-08-04
147531,INF760K01JM5,,CANARA ROBECO OVERNIGHT FUND - DIRECT PLAN - GROWTH OPTION,1415.143,2026-08-04
146062,INF740KA1MC8,,DSP Overnight Fund - Direct Plan - Growth,1468.4124,2026-08-04
147570,INF754K01JV9,,Edelweiss Overnight Fund - Direct Plan - Growth,1418.0661,2026-08-04
147214,INF090I01SS9,,Franklin India Overnight Fund- Growth - Direct,1430.2702,2026-08-04
147458,,INF666M01GM6,Groww Overnight Fund (formerly known as Indiabulls Overnight Fund)- Direct Plan- - Income Distribution cum capital withdrawal Option ( Reinvestment),1001.5085,2026-08-04
147452,INF666M01GP9,INF666M01GQ7,Groww Overnight Fund (formerly known as Indiabulls Overnight Fund)- Direct Plan- Fortnightly - Income Distribution cum capital withdrawal Option (Payout & Reinvestment),1216.0617,2026-08-04
147450,INF666M01GL8,,Groww Overnight Fund (formerly known as Indiabulls Overnight Fund)- Direct Plan- Growth Option,1411.9877,2026-08-04
147453,INF666M01GR5,INF666M01GS3,Groww Overnight Fund (formerly known as Indiabulls Overnight Fund)- Direct Plan- Monthly - Income Distribution cum capital withdrawal Option (Payout & Reinvestment),1001.5549,2026-08-04
147451,INF666M01GN4,INF666M01GO2,Groww Overnight Fund (formerly known as Indiabulls Overnight Fund)- Direct Plan- Weekly - Income Distribution cum capital withdrawal Option (Payout & Reinvestment),1001.4943,2026-08-04
119110,INF179KB1HT1,,HDFC Overnight Fund - Growth Option - Direct Plan,4063.4966,2026-08-04
147287,INF336L01OF6,,HSBC Overnight Fund - Direct Growth,1434.5788,2026-08-04
145536,INF109KC11G1,,ICICI Prudential Overnight Fund - Direct Plan - Growth,1477.2385,2026-08-04
149409,INF109KC17H6,,ICICI Prudential Overnight fund - Direct Plan - Unclaimed Redemption Stable Scheme,1000.0,2026-08-04
149410,INF109KC15H0,,ICICI Prudential Overnight fund - Direct Plan - Unclaimed Redemption Transitory Scheme,1303.4067,2026-08-04
147713,INF00XX01564,,ITI Overnight Fund - Direct Plan - Growth Option,1386.3225,2026-08-04
153650,INF22M001036,,JioBlackRock Overnight Fund - Direct Plan - Growth Option,1058.5489,2026-08-04
147837,INF192K01MB8,,JM Overnight Fund - (Direct) - Growth,1388.6226,2026-08-04
149829,INF192K01MI3,,JM Overnight Fund - (Direct) - Unclaimed Redemption - Growth Plan,1388.643,2026-08-04
149826,INF192K01MK9,,JM Overnight Fund - (Direct) - Unclaimed Redemption I.E.F. - Growth Plan,1073.9936,2026-08-04
146141,INF174KA1BF9,,Kotak Overnight Fund -Direct Plan-Growth Option,1462.686,2026-08-04
146140,,INF174KA1BE2,Kotak Overnight Fund-Direct Plan- Daily Reinvestment of Income Distribution cum capital withdrawal option,1003.6055,2026-08-04
147515,INF767K01QI3,,LIC MF Overnight Fund-Direct Plan-Growth,1421.0682,2026-08-04
147564,INF174V01838,,Mahindra Manulife Overnight Fund - Direct Plan -Growth,1418.7538,2026-08-04
147736,INF769K01FG6,,Mirae Asset Overnight Fund Direct Plan Growth,1405.9292,2026-08-04
145810,INF204KB1R31,,Nippon India Overnight Fund - Direct Plan - Growth Option,147.2723,2026-08-04
147606,INF663L01T01,,PGIM India Overnight Fund - Direct Plan - Growth Option,1412.8754,2026-08-04
151190,INF966L01AZ7,,quant Overnight Fund - Growth Option - Direct Plan,12.5225,2026-08-04
150631,INF0K1H01040,,Samco Overnight Fund - Direct Plan - Growth Option,1251.0875,2026-08-04
119833,INF200K01TK5,,SBI OVERNIGHT FUND - DIRECT PLAN - GROWTH,4457.0861,2026-08-04
154394,INF680P01497,,Shriram Overnight Fund- Direct Growth,1265.9941,2026-08-04
146963,INF903JA1HG5,,Sundaram Overnight Fund Direct Plan - Growth,1455.9209,2026-08-04
146978,,INF277K019T3,TATA Overnight Fund Direct Plan - Daily Reinvestment of Income Distribution cum capital withdrawal option,1000.0016,2026-08-04
146980,INF277K018T5,,Tata Overnight Fund-Direct Plan-Growth,1447.3205,2026-08-04
149797,INF0GCD01453,,TRUST MF OVERNIGHT FUND-DIRECT PLAN-GROWTH,1295.9423,2026-08-04
147003,INF582M01FA2,,Union Overnight Fund - Direct Plan - Growth Option,1443.0843,2026-08-04
120785,INF789FB1S71,,UTI - Overnight Fund - Direct Plan - Growth Option,3752.5057,2026-08-04
153436,INF0R8F01075,,Zerodha Overnight Fund - Direct Plan - Growth Option,10.725,2026-08-04
119498,INF209K01XK8,,Aditya Birla Sun Life Short Term Fund - Growth - Direct Plan,55.1464,2026-08-04
120510,INF846K01EI1,,Axis Short Duration Fund - Direct Plan - Growth Option,36.1792,2026-08-04
118407,INF194K01U07,,Bandhan Short Duration Fund - Direct Plan - Growth,65.567,2026-08-04
119382,INF761K01736,,BANK OF INDIA Short Term Income Fund-Direct Plan- Growth,30.9741,2026-08-04
119400,INF955L01BD5,,Baroda BNP Paribas Short Duration Fund - Direct Plan - Growth Option,33.8117,2026-08-04
118320,INF760K01DX5,,CANARA ROBECO SHORT DURATION FUND - DIRECT PLAN - GROWTH OPTION,29.4879,2026-08-04
119226,INF740K01NJ5,,DSP Short Term Fund - Direct Plan - Growth,53.9305,2026-08-04
123704,INF666M01AC0,,Groww Short Term Fund (formerly known as Indiabulls Short Term Fund) - Direct Plan - Growth Option,2551.8903,2026-08-04
123706,INF666M01AH9,INF666M01AE6,Groww Short Term Fund (formerly known as Indiabulls Short Term Fund)- Direct Plan- Fortnightly - Income Distribution cum capital withdrawal Option (Payout & Reinvestment),1020.2657,2026-08-04
123707,INF666M01AI7,INF666M01AF3,Groww Short Term Fund (formerly known as Indiabulls Short Term Fund)- Direct Plan- Monthly - Income Distribution cum capital withdrawal Option (Payout & Reinvestment),1020.2325,2026-08-04
123705,INF666M01AG1,INF666M01AD8,Groww Short Term Fund (formerly known as Indiabulls Short Term Fund)- Direct Plan- Weekly - Income Distribution cum capital withdrawal Option (Payout & Reinvestment),1019.9105,2026-08-04
119016,INF179K01YM7,,HDFC Short Term  Debt Fund - Growth Option - Direct Plan,35.3445,2026-08-04
151067,INF917K01IQ4,,HSBC Short Duration Fund - Direct Growth,29.9103,2026-08-04
120754,INF109K013N3,,ICICI Prudential Short Term Fund - Direct Plan - Growth Option,70.5553,2026-08-04
154079,INF22M001143,,JioBlackRock Short Duration Fund - Direct Plan - Growth Option,1034.0353,2026-08-04
150545,INF192K01MP8,,JM Short Duration Fund (Direct) - Growth,13.0991,2026-08-04
145954,INF767K01PW6,,LIC MF Short Duration Fund-Direct Plan-Growth,16.6259,2026-08-04
148729,INF174V01AM5,,Mahindra Manulife Short Duration Fund - Direct Plan -Growth,14.2549,2026-08-04
142641,INF769K01DX6,,Mirae Asset Short Duration Fund - Direct Plan - Growth,17.7821,2026-08-04
118796,INF204K01B32,,Nippon India Short Duration Fund - Direct Plan Growth Plan - Growth Option,61.4395,2026-08-04
119816,INF200K01VE4,,SBI SHORT TERM DEBT FUND - DIRECT PLAN -GROWTH,36.3994,2026-08-04
149587,INF173K01GP0,,Sundaram Short Duration Fund (Formerly Known as Principal Short Term Debt Fund)- Direct Plan - Growth Option,51.1031,2026-08-04
119949,INF277K01QR4,,Tata Short Term Bond Fund - Direct Plan - Growth Option,56.3337,2026-08-04
149076,INF0GCD01370,,TRUSTMF Short Duration Fund-Direct Plan-Growth,1355.6349,2026-08-04
149078,INF0GCD01396,INF0GCD01404,TRUSTMF Short Duration Fund-Direct Plan-Monthly Income Distribution Cum Capital Withdrawal,1161.5561,2026-08-04
149079,INF0GCD01412,INF0GCD01420,TRUSTMF Short Duration Fund-Direct Plan-Quarterly Income Distribution Cum Capital Withdrawal,1178.0435,2026-08-04
149077,,INF0GCD01388,TRUSTMF Short Duration Fund-Direct Plan-Weekly Income Distribution Cum Capital Withdrawal,1137.175,2026-08-04
153242,INF582M01KO3,,Union Short Duration Fund - Direct Plan - Growth Option,11.0484,2026-08-04
120718,INF789F01XY0,,UTI Short Duration Fund - Direct Plan - Growth Option,35.9922,2026-08-04
119501,INF209K01UR9,,Aditya Birla Sun Life Savings Fund - Growth - Direct Plan,599.5916,2026-08-04
144754,INF846K01F40,,Axis Ultra Short Duration Fund - Direct Plan Growth,16.7915,2026-08-04
144173,INF194KA16R3,,BANDHAN ULTRA SHORT DURATION FUND - DIRECT PLAN GROWTH,16.5122,2026-08-04
119379,INF761K01892,,BANK OF INDIA Ultra Short Duration Fund- Direct Plan- Growth,3504.3673,2026-08-04
126389,INF761K01CS5,,BANK OF INDIA Ultra Short Duration Fund- Direct Plan-Bonus,3488.9674,2026-08-04
143508,INF955L01HA8,,Baroda BNP Paribas Ultra Short Duration Fund- Direct Plan- Growth,1675.4521,2026-08-04
118317,INF760K01GM1,,CANARA ROBECO ULTRA SHORT TERM FUND - DIRECT PLAN - GROWTH OPTION,4329.7343,2026-08-04
119205,INF740K01ON5,,DSP Ultra Short Fund - Direct Plan - Growth,3976.3568,2026-08-04
152825,INF090I01XL4,,Franklin India Ultra Short Duration Fund - Direct - Growth,11.4453,2026-08-04
145034,INF179KB15Q6,,HDFC Ultra Short Term Fund - Direct Plan-Growth Option,16.5799,2026-08-04
147908,INF336L01OR1,,HSBC Ultra Short Duration Fund - Direct Growth,1471.633,2026-08-04
120676,INF109K01T04,,ICICI Prudential Ultra Short Term Fund - Direct Plan -  Growth,32.1856,2026-08-04
147772,INF767K01QU8,,LIC MF Ultra Short Duration Fund-Direct Plan-Growth,1449.3383,2026-08-04
147731,INF174V01887,,Mahindra Manulife Ultra Short Duration Fund - Direct Plan -Growth,1512.2413,2026-08-04
148529,INF769K01GK6,,Mirae Asset Ultra Short Duration Fund Direct Growth,1420.6738,2026-08-04
124234,INF247L01247,,Motilal Oswal Ultra Short Term Fund (MOFUSTF) -Direct Plan- Growth,18.6228,2026-08-04
143494,INF204K01YH3,,Nippon India Ultra Short Duration Fund- Direct Plan- Growth Option,4784.1084,2026-08-04
138358,INF223J01QO7,,PGIM India Ultra Short Duration Fund - Direct Plan - Growth,38.0995,2026-08-04
119828,INF200K01TF5,,SBI ULTRA SHORT DURATION FUND - DIRECT PLAN - GROWTH,6513.0945,2026-08-04
149539,INF173K01HI3,,Sundaram Ultra Short Duration Fund (Formerly Known as Principal Ultra Short Term Fund)- Direct Plan -Growth Option,3140.4697,2026-08-04
146076,,INF277K013T6,TATA Ultra Short Term Fund Direct Plan - Monthly Reinvestment of Income Distribution cum capital withdrawal option,16.0549,2026-08-04
146068,,INF277K015T1,TATA Ultra Short Term Fund Direct Plan - Weekly Reinvestment of Income Distribution cum capital withdrawal option,10.4023,2026-08-04
146069,INF277K012T8,,TATA Ultra Short Term Fund-Direct Plan - Monthly Payout of Income Distribution cum capital withdrawal option,16.0549,2026-08-04
146067,INF277K014T4,,TATA Ultra Short Term Fund-Direct Plan - Weekly Payout of Income Distribution cum capital withdrawal option,10.4023,2026-08-04
146075,INF277K011T0,,Tata Ultra Short Term Fund-Direct Plan-Growth,16.0333,2026-08-04
120746,INF789F01TI1,,UTI Ultra Short Duration Fund - Direct Plan - Growth Option,4879.8949,2026-08-04
147311,INF03VN01209,,WhiteOak Capital Ultra Short Duration Fund- Direct plan-Growth Option,1507.9983,2026-08-04
119769,INF174K01KZ9,,Kotak Contra Fund - Direct Plan - Growth,186.031,2026-08-04
154337,INF247L01GW6,,Motilal Oswal Contra Fund - Direct â Growth,10.5867,2026-08-04
151165,INF579M01AN2,,360 ONE ELSS Tax Saver Nifty 50 Index Fund - Direct Plan - Growth,14.001,2026-08-04
119544,INF209K01UN8,,Aditya Birla Sun Life ELSS Tax Saver Fund - Growth - Direct Plan,70.84,2026-08-04
120503,INF846K01EW2,,Axis ELSS Tax Saver Fund - Direct Plan - Growth Option,112.916,2026-08-04
153201,INF0QA701AK0,,BAJAJ FINSERV ELSS TAX SAVER FUND - DIRECT - GROWTH,12.033,2026-08-04
118473,INF194K01Y29,,BANDHAN ELSS Tax Saver Fund - Direct Plan - Growth,183.241,2026-08-04
119351,INF761K01884,,BANK OF INDIA ELSS Tax Saver -Direct Plan- Growth,195.42,2026-08-04
150159,INF251K01HF3,,BARODA BNP PARIBAS ELSS Tax Saver Fund - Direct Plan - Growth Option,116.4942,2026-08-04
118285,INF760K01EL8,,CANARA ROBECO ELSS TAX SAVER - DIRECT PLAN - GROWTH OPTION,205.88,2026-08-04
119242,INF740K01OK1,,DSP ELSS Tax Saver Fund - Direct Plan - Growth,158.118,2026-08-04
118620,INF754K01CA8,,Edelweiss ELSS Tax Saver Fund - Direct Plan-Growth Option,141.54,2026-08-04
118540,INF090I01JS8,,Franklin India ELSS Tax Saver Fund - Direct - Growth,1633.9592,2026-08-04
141808,INF666M01DK7,,Groww ELSS Tax Saver Fund (formerly known as Indiabulls Tax Savings Fund)- Direct Plan- Growth Option,22.27,2026-08-04
119060,INF179K01YS4,,HDFC ELSS Tax saver - Growth Option - Direct Plan,1524.295,2026-08-04
151078,INF917K01GP0,,HSBC ELSS Tax saver Fund - Direct Growth,156.3762,2026-08-04
120592,INF109K01Y31,,ICICI Prudential ELSS Tax Saver Fund - Direct Plan - Growth,1065.47,2026-08-04
147541,INF00XX01390,,ITI ELSS Tax Saver Fund - Direct Plan - Growth Option,29.1113,2026-08-04
120494,INF192K01CE3,,JM ELSS Tax Saver Fund (Direct) - Growth Option,60.7296,2026-08-04
119773,INF174K01LI3,,Kotak ELSS Tax Saver Fund-Growth - Direct,140.583,2026-08-04
119772,INF174K01LJ1,,Kotak ELSS Tax Saver Fund-Payout of Income Distribution cum capital withdrawal option - Direct,58.889,2026-08-04
120270,INF767K01EM1,,LIC MF ELSS Tax Saver-Direct Plan-Growth,174.8187,2026-08-04
135781,INF769K01DM9,,Mirae Asset ELSS Tax Saver Fund - Direct Plan - Growth,58.722,2026-08-04
133386,INF247L01569,,Motilal Oswal ELSS Tax Saver Fund - Direct Plan - Growth Option,64.3596,2026-08-04
151471,INF959L01GR6,,NAVI ELSS TAX SAVER NIFTY 50 INDEX FUND - DIRECT PLAN GROWTH,14.9776,2026-08-04
118803,INF204K01L55,,Nippon India ELSS Tax Saver Fund - Direct Plan Growth Plan - Growth Option,147.0765,2026-08-04
135601,INF663L01FN5,,PGIM India ELSS Tax Saver Fund - Direct Plan - Growth Option,40.65,2026-08-04
147481,INF879O01100,,Parag Parikh ELSS Tax Saver Fund- Direct Growth,32.7257,2026-08-04
120847,INF966L01986,,quant ELSS Tax Saver Fund - Growth Option - Direct Plan,464.4152,2026-08-04
111549,INF082J01069,,Quantum ELSS Tax Saver Fund - Direct Plan Growth Option,128.29,2026-08-04
150838,INF0K1H01065,,Samco ELSS Tax Saver Fund - Direct Plan - Growth Option,13.6,2026-08-04
119723,INF200K01UM9,,SBI ELSS Tax Saver FUND - DIRECT PLAN -GROWTH,480.0192,2026-08-04
145819,INF680P01158,,Shriram ELSS Tax Saver Fund - Direct Growth,24.2544,2026-08-04
149570,INF173K01HZ7,,Sundaram ELSS Tax Saver Fund Direct Plan Growth,544.4282,2026-08-04
132756,INF277K01I86,,Tata ELSS Fund-Growth-Direct Plan,54.8916,2026-08-04
118866,INF044D01CG6,INF044D01AA3,Taurus ELSS Tax Saver Fund - Direct Plan - Growth,203.04,2026-08-04
118867,INF044D01CH4,INF044D01CI2,Taurus ELSS Tax Saver Fund - Direct Plan - Payout of Income Distribution cum Capital Withdrawal option,93.58,2026-08-04
119307,INF582M01765,,Union ELSS Tax Saver Fund - Direct Plan - Growth Option,73.07,2026-08-04
120715,INF789F01TF7,,UTI ELSS Tax Saver Fund - Direct Plan - Growth Option,232.5128,2026-08-04
150587,INF03VN01621,,WhiteOak Capital ELSS Tax Saver Fund Direct Plan Growth,19.441,2026-08-04
151796,INF579M01AS1,,360 ONE FLEXICAP FUND-DIRECT PLAN- GROWTH,17.1104,2026-08-04
154043,INF2JJD01136,,Abakkus Flexi Cap Fund - Direct - Growth,11.226,2026-08-04
120564,INF209K01XX1,,Aditya Birla Sun Life Flexi Cap Fund - Growth - Direct Plan,2232.57,2026-08-04
141925,INF846K01B28,,Axis Flexi Cap Fund - Direct Plan - Growth,31.5,2026-08-04
151895,INF0QA701342,,Bajaj Finserv Flexi Cap Fund-Direct Plan-Growth,16.502,2026-08-04
118424,INF194K01W62,,BANDHAN Flexi Cap Fund-Direct Plan-Growth,236.93,2026-08-04
148404,INF761K01FF5,,BANK OF INDIA Flexi Cap Fund Direct Plan -Growth,41.93,2026-08-04
150387,INF251K01QZ2,,Baroda BNP Paribas Flexi Cap Fund - Direct Plan - Growth Option,17.1821,2026-08-04
118275,INF760K01EF0,,CANARA ROBECO FLEXICAP FUND - DIRECT PLAN - GROWTH OPTION,395.96,2026-08-04
153738,INF226401018,,CAPITALMIND FLEXI CAP FUND DIRECT GROWTH,10.3145,2026-08-04
119076,INF740K01PI2,,DSP Flexi Cap Fund - Direct Plan - Growth,118.759,2026-08-04
140353,INF843K01KK1,,Edelweiss Flexi Cap Fund - Direct Plan - Growth Option,46.517,2026-08-04
118535,INF090I01FK3,,Franklin India Flexi Cap Fund - Direct - Growth,1829.1469,2026-08-04
118955,INF179K01UT0,,HDFC Flexi Cap Fund - Growth Option - Direct Plan,2295.516,2026-08-04
152135,INF0R8701046,,Helios Flexi Cap Fund - Direct Plan - Growth Option,16.15,2026-08-04
120046,INF336L01DH5,,HSBC Flexi Cap Fund - Direct Growth,259.9577,2026-08-04
148990,INF109KC1R14,,ICICI Prudential Flexicap Fund - Direct Plan - Growth,22.15,2026-08-04
151379,INF00XX01CO7,,ITI Flexi Cap Fund- Direct Plan- Growth,20.9447,2026-08-04
153859,INF22M001093,,JioBlackRock Flexi Cap Fund - Direct Plan - Growth Option,10.1646,2026-08-04
120492,INF192K01CC7,,JM Flexicap Fund (Direct) - Growth Option,115.8042,2026-08-04
120166,INF174K01LS2,,Kotak Flexicap Fund - Growth - Direct,98.436,2026-08-04
120165,INF174K01LQ6,INF174K01LR4,Kotak Flexicap Fund - Payout of Income Distribution cum capital withdrawal option- Direct,60.116,2026-08-04
120264,INF767K01EG3,,LIC MF Flexi Cap Fund-Direct Plan-Growth,118.6872,2026-08-04
151412,INF769K01JJ2,,Mirae Asset Flexi Cap Fund - Direct Plan - Growth,17.174,2026-08-04
129046,INF247L01502,,Motilal Oswal Flexi cap Fund Direct Plan-Growth Option,69.6068,2026-08-04
143793,INF959L01DT9,,Navi Flexi Cap Fund - Direct Plan - Growth,29.4476,2026-08-04
149094,INF204KC1121,,Nippon India Flexi Cap Fund - Direct Plan - Growth Plan - Growth Option,18.1943,2026-08-04
154225,INF0S5R01133,,Old Bridge Flexi Cap Fund Direct Growth,11.5,2026-08-04
133839,INF663L01FF1,,PGIM India Flexi Cap Fund - Direct Plan - Growth Option,44.19,2026-08-04
120843,INF966L01911,,quant Flexi Cap Fund - Growth Option-Direct Plan,122.9444,2026-08-04
149450,INF0K1H01024,,Samco Flexi Cap Fund - Direct Plan - Growth Option,10.47,2026-08-04
144905,INF680P01109,,Shriram Flexi Cap Fund - Direct Growth,23.2582,2026-08-04
150571,INF903JA1LE2,,Sundaram Flexicap Fund Direct Growth,15.5604,2026-08-04
144547,INF277K017K6,,TATA Flexi Cap Fund - Direct Plan - Payout of Income Distribution cum capital withdrawal option,26.0564,2026-08-04
144543,,INF277K016K8,TATA Flexi Cap Fund Direct Plan - Reinvestment of Income Distribution cum capital withdrawal option,26.0564,2026-08-04
144546,INF277K015K0,,Tata Flexi Cap Fund-Direct Plan-Growth,27.0422,2026-08-04
118884,INF044D01BV7,INF044D01BW5,Taurus Flexi Cap Fund - Direct Plan -  Payout of Income Distribution cum Capital Withdrawal option,126.06,2026-08-04
118883,INF044D01BU9,,Taurus Flexi Cap Fund - Direct Plan - Growth,249.86,2026-08-04
153872,INF2F0001040,,THE WEALTH COMPANY FLEXI CAP FUND - DIRECT GROWTH,10.2696,2026-08-04
152584,INF0GCD01743,,TRUSTMF Flexi Cap Fund-Direct Plan- Growth,12.62,2026-08-04
153543,INF1MIY01031,,Unifi Flexi Cap Fund - Direct Growth,10.7264,2026-08-04
119292,INF582M01633,,Union Flexi Cap Fund - Direct Plan - Growth Option,59.79,2026-08-04
120662,INF789F01TC4,,UTI - Flexi Cap Fund-Growth Option - Direct,358.4131,2026-08-04
150346,INF03VN01530,,WhiteOak Capital Flexi Cap Fund Direct Plan-Growth,19.337,2026-08-04
131580,INF579M01902,,360 ONE Focused Fund-Direct Plan-Growth,56.4475,2026-08-04
119564,INF209K01WE3,,Aditya Birla Sun Life Focused Fund - Growth - Direct Plan,171.234,2026-08-04
120468,INF846K01CQ8,,Axis Focused Fund - Direct Plan - Growth Option,66.0,2026-08-04
118421,INF194K01W21,,Bandhan Focused Fund - Direct Plan - Growth,106.08,2026-08-04
150264,INF251K01PN0,,BARODA BNP PARIBAS Focused Fund - Direct Plan - Growth Option,24.6697,2026-08-04
148883,INF760K01JQ6,,Canara Robeco Focused Fund - Direct Plan - Growth Option,21.92,2026-08-04
119096,INF740K01OB0,,DSP Focused Fund - Direct Plan - Growth,63.612,2026-08-04
150376,INF754K01OP1,,Edelweiss Focused Fund - Direct Plan - Growth,18.126,2026-08-04
118564,INF090I01IW2,,Franklin India Focused Equity Fund - Direct - Growth,117.2458,2026-08-04
118950,INF179K01VK7,,HDFC Focused Fund - Growth Option - Direct Plan,272.448,2026-08-04
148411,INF336L01PB2,,HSBC Focused Fund - Direct Growth,29.4284,2026-08-04
120722,INF109K018N2,,ICICI Prudential Focused Equity Fund - Direct Plan - Growth,112.19,2026-08-04
151777,INF00XX01CS8,,ITI Focused Fund - Direct Plan - Growth,17.5707,2026-08-04
120488,INF192K01BW7,,JM Focused Fund (Direct)  - Growth Option,24.3751,2026-08-04
147473,INF174KA1EN7,,Kotak Focused Fund- Direct Plan- Growth option,31.109,2026-08-04
147475,INF174KA1EP2,INF174KA1EO5,Kotak Focused Fund-Direct Plan- Income Distribution cum capital withdrawal option,31.11,2026-08-04
152010,INF397L01KA7,,LIC MF Focused Fund-Direct Plan-Growth,24.7245,2026-08-04
147206,INF769K01EU0,,Mirae Asset Focused Fund Direct Plan Growth,27.504,2026-08-04
122389,INF247L01189,,Motilal Oswal Focused Fund - Direct Plan Growth Option,60.6788,2026-08-04
118692,INF204K01F95,,Nippon India Focused Fund - Direct Plan Growth Plan - Growth Option,137.7719,2026-08-04
152358,INF0S5R01042,,Old Bridge Focused Fund - Direct Growth,14.16,2026-08-04
120834,INF966L01853,,quant Focused Fund - Growth Option-Direct Plan,105.4054,2026-08-04
149533,INF173K01EK6,,Sundaram Focused Fund (Formerly Known as Principal Focused Multicap Fund)- Direct Plan - Growth Option,187.1819,2026-08-04
147759,INF277K019X5,,TATA Focused Fund Direct Plan - Payout of Income Distribution cum capital withdrawal option,25.1831,2026-08-04
147758,,INF277K018X7,TATA Focused Fund Direct Plan - Reinvestment of Income Distribution cum capital withdrawal option,25.1831,2026-08-04
147757,INF277K017X9,,Tata Focused Fund-Direct Plan-Growth,26.147,2026-08-04
147492,INF582M01FS4,,Union Focused Fund - Direct Plan - Growth Option,29.78,2026-08-04
149091,INF789F1AVA3,,UTI Focused Fund - Direct Plan - Growth Option,16.8777,2026-08-04
119436,INF209K01VH8,,Aditya Birla Sun Life Large & Mid Cap Fund - Growth - Direct Plan,1076.95,2026-08-04
152408,INF0QA701763,,Bajaj Finserv Large and Mid Cap Fund- Direct Plan- Growth,13.005,2026-08-04
118419,INF194K01V89,,Bandhan Large & Mid Cap Fund - Direct Plan - Growth,166.997,2026-08-04
119300,INF761K01629,,BANK OF INDIA Large & Mid Cap Fund Direct Plan- Bonus,56.28,2026-08-04
119350,INF761K01652,,BANK OF INDIA Large & Mid Cap Fund Direct Plan-Growth,108.99,2026-08-04
148474,INF955L01JU2,,Baroda BNP Paribas Large and Mid Cap Fund- Direct Plan -Growth Option,30.3804,2026-08-04
118278,INF760K01EI4,,CANARA ROBECO LARGE AND MID CAP FUND - DIRECT PLAN - GROWTH OPTION,302.64,2026-08-04
119218,INF740K01PL6,,DSP Large & Mid Cap Fund - Direct Plan - Growth,712.269,2026-08-04
140175,INF843K01AL0,,Edelweiss Large & Mid Cap Fund - Direct Plan - Growth Option,109.165,2026-08-04
118510,INF090I01IN1,,Franklin India Large & Mid Cap Fund - Direct - Growth,215.8506,2026-08-04
130498,INF179KA1RQ7,,HDFC Large and Mid Cap Fund - Growth Option - Direct Plan,374.969,2026-08-04
152941,INF0R8701269,,Helios Large & Mid Cap Fund - Direct Plan - Growth Option,11.65,2026-08-04
146772,INF336L01NV5,,HSBC Large & Mid Cap Fund - Direct Growth,32.9951,2026-08-04
120596,INF109K011O5,,ICICI Prudential Large & Mid Cap Fund - Direct Plan - Growth,1201.35,2026-08-04
152821,INF00XX01DA4,,ITI Large & Midcap Fund - Direct Plan - Growth,10.3166,2026-08-04
153629,INF192K01NK7,,JM Large & Mid Cap Fund (Direct) - Growth Option,10.9247,2026-08-04
120158,INF174K01LF9,,Kotak Large & Midcap Fund - Direct- Growth,415.394,2026-08-04
133710,INF767K01NE9,,LIC MF Large & Mid Cap Fund-Direct Plan-Growth,46.3143,2026-08-04
147840,INF174V01945,,Mahindra Manulife Large & Mid Cap Fund - Direct Plan -Growth,31.3541,2026-08-04
118834,INF769K01BI1,,Mirae Asset Large & Midcap Fund - Direct Plan - Growth,181.611,2026-08-04
147704,INF247L01999,,Motilal Oswal Large and Midcap Fund - Direct Plan Growth,39.5943,2026-08-04
135677,INF959L01CH6,,Navi Large & Midcap Fund- Direct Plan- Growth Option,45.2052,2026-08-04
118675,INF204K01E96,,Nippon India Vision Large & Mid Cap Fund - Direct Plan Growth Plan - Bonus Option,280.1658,2026-08-04
118678,INF204K01F20,,Nippon India Vision Large & Mid Cap Fund - Direct Plan Growth Plan - Growth Option,1652.488,2026-08-04
152382,INF663L01Y12,,PGIM India Large and Midcap Fund - Direct Plan - Growth Option,13.38,2026-08-04
120826,INF966L01648,,quant Large & Mid Cap Fund - Growth Option-Direct Plan,140.0396,2026-08-04
153534,INF0K1H01271,,Samco Large & Mid Cap Fund - Direct Plan - Growth Option,9.06,2026-08-04
119566,INF903J01PR9,,Sundaram Large and Midcap Fund Direct Plan - Growth,106.2662,2026-08-04
119202,INF277K01MK8,,Tata Large & MId Cap Fund -Direct Plan- Growth Option,585.252,2026-08-04
154381,INF2F0001594,,The Wealth Company Large & Mid Cap Fund Direct Growth,10.4276,2026-08-04
147750,INF582M01GA0,,Union Large & Midcap Fund - Direct Plan - Growth Option,29.67,2026-08-04
120665,INF789F01UG3,,UTI Large & Mid Cap Fund - Direct Plan - Growth Option,203.1261,2026-08-04
152226,INF03VN01845,,Whiteoak Capital Large & Mid Cap Fund Direct Plan Growth,14.678,2026-08-04
119528,INF209K01YY7,,Aditya Birla Sun Life Large Cap Fund - Growth - Direct Plan,590.53,2026-08-04
120465,INF846K01DP8,,Axis Large Cap Fund - Direct Plan - Growth,71.42,2026-08-04
152783,INF0QA701896,,BAJAJ FINSERV LARGE CAP FUND - DIRECT PLAN - GROWTH,10.643,2026-08-04
118479,INF194K01Z44,,BANDHAN Large Cap Fund-Direct Plan-Growth,92.656,2026-08-04
148980,INF761K01FL3,,BANK OF INDIA Large Cap Fund Direct Plan Growth,17.94,2026-08-04
150187,INF251K01HN7,,BARODA BNP PARIBAS LARGE CAP Fund - Direct Plan - Growth Option,262.0864,2026-08-04
118269,INF760K01FR2,,CANARA ROBECO LARGE CAP FUND - DIRECT PLAN - GROWTH OPTION,73.62,2026-08-04
119250,INF740K01PR3,,DSP Large Cap Fund - Direct Plan - Growth,515.288,2026-08-04
118617,INF754K01BW4,,Edelweiss Large Cap Fund - Direct Plan-Growth option,98.85,2026-08-04
119018,INF179K01YV8,,HDFC Large Cap Fund - Growth Option - Direct Plan,1258.938,2026-08-04
120030,INF336L01CM7,,HSBC Large Cap Fund - Direct Growth,544.8785,2026-08-04
120586,INF109K016L0,,ICICI Prudential Large Cap Fund (erstwhile Bluechip Fund) - Direct Plan - Growth,122.14,2026-08-04
148353,INF00XX01804,,ITI Large Cap Fund - Direct Plan - Growth Option,19.6914,2026-08-04
154307,INF22M001176,,JioBlackRock Large Cap Fund - Direct Plan - Growth Option,10.2116,2026-08-04
120490,INF192K01BZ0,,JM Large Cap Fund (Direct) - Growth Option,181.8366,2026-08-04
120152,INF174K01KW6,,Kotak Large Cap  Fund - Growth - Direct,671.372,2026-08-04
120153,INF174K01KY2,INF174K01KX4,Kotak Large Cap Fund - Payout of Income Distribution cum capital withdrawal option - Direct,88.791,2026-08-04
120267,INF767K01EJ7,,LIC MF Large Cap Fund-Direct Plan-Growth,63.004,2026-08-04
118825,INF769K01AX2,,Mirae Asset Large Cap Fund - Direct Plan - Growth,130.343,2026-08-04
152354,INF247L01CE3,,Motilal Oswal Large Cap Direct Plan Growth,14.2827,2026-08-04
118633,INF204K01D30,,Nippon India Large Cap Fund - Direct Plan Growth Plan - Bonus Option,102.9909,2026-08-04
118632,INF204K01XI3,,Nippon India Large Cap Fund - Direct Plan Growth Plan - Growth Option,102.9909,2026-08-04
138312,INF663L01GR4,,PGIM India Large Cap Fund - Direct Plan - Growth,407.89,2026-08-04
154155,INF879O01332,,Parag Parikh Large Cap Fund - Direct Plan - Growth,9.8546,2026-08-04
150440,INF966L01AT0,,quant Large Cap Fund - Growth Option - Direct Plan,17.1026,2026-08-04
153239,INF0K1H01255,,Samco Large Cap Fund - Direct Plan - Growth Option,9.22,2026-08-04
119598,INF200K01QX4,,SBI Large Cap FUND-DIRECT PLAN -GROWTH,105.7861,2026-08-04
148507,INF903JA1JC0,,Sundaram Large Cap Fund (Formerly Known as Sundaram Blue Chip Fund)Direct Plan - Growth,23.2174,2026-08-04
119160,INF277K01QZ7,,Tata Large Cap Fund -Direct Plan Growth Option,602.6963,2026-08-04
118870,INF044D01BX3,,Taurus Large Cap Fund - Direct Plan - Growth,178.63,2026-08-04
118871,INF044D01BY1,INF044D01BZ8,Taurus Large Cap Fund - Direct Plan - Payout of Income Distribution cum Capital Withdrawal option,78.68,2026-08-04
141248,INF582M01CU7,,Union Largecap Fund - Direct Plan - Growth Option,25.19,2026-08-04
120656,INF789F01US8,,UTI Large Cap Fund - Direct Plan - Growth Option,299.0101,2026-08-04
150797,INF03VN01696,,WhiteOak Capital Large Cap Fund Direct Plan Growth,16.151,2026-08-04
119620,INF209K01Q30,,Aditya Birla Sun Life Midcap Fund - Growth - Direct Plan,954.17,2026-08-04
120505,INF846K01EH3,,Axis Midcap Fund - Direct Plan - Growth,143.6,2026-08-04
150404,INF194KB1DJ2,,BANDHAN MIDCAP FUND - GROWTH - DIRECT PLAN,20.173,2026-08-04
153728,INF761K01GY4,,Bank of India Mid Cap Fund - Direct Plan Growth,10.47,2026-08-04
150212,INF251K01HQ0,,BARODA BNP PARIBAS Mid Cap Fund - Direct Plan - Growth Option,136.3803,2026-08-04
150817,INF760K01KI1,,Canara Robeco Mid Cap Fund- Direct Plan- Growth Option,19.41,2026-08-04
119071,INF740K01PX1,,DSP Midcap Fund - Direct Plan - Growth,176.018,2026-08-04
140228,INF843K01AO4,,Edelweiss Mid Cap Fund - Direct Plan - Growth Option,129.604,2026-08-04
118533,INF090I01FH9,,Franklin India Mid Cap Fund - Direct - Growth,3232.5191,2026-08-04
118989,INF179K01XQ0,,HDFC Mid Cap Fund - Growth Option - Direct Plan,235.305,2026-08-04
153326,INF0R8701327,,Helios Mid Cap Fund - Direct Plan - Growth Option,14.03,2026-08-04
151036,INF917K01FZ1,,HSBC Midcap Fund - Direct Growth,529.2567,2026-08-04
120381,INF109K011N7,,ICICI Prudential MidCap Fund - Direct Plan -  Growth,386.22,2026-08-04
148733,INF00XX01929,,ITI Mid Cap Fund - Direct Plan - Growth Option,26.0183,2026-08-04
150815,INF192K01MV6,,JM Midcap Fund (Direct) - Growth,22.5134,2026-08-04
119775,INF174K01LT0,,Kotak Midcap Fund - Direct Plan - Growth,172.389,2026-08-04
152002,INF397L01JK8,,LIC MF Mid Cap Fund-Direct Plan-Growth,34.9421,2026-08-04
142110,INF174V01507,,Mahindra Manulife Mid Cap Fund - Direct Plan -Growth,42.4589,2026-08-04
147445,INF769K01FA9,,Mirae Asset Midcap Fund- Direct Growth Option,44.42,2026-08-04
127042,INF247L01445,,Motilal Oswal Midcap Fund-Direct Plan-Growth Option,117.3579,2026-08-04
118665,INF204K01E21,,Nippon India Growth Mid Cap Fund - Direct Plan Growth Plan - Bonus Option,835.985,2026-08-04
118668,INF204K01E54,,Nippon India Growth Mid Cap Fund - Direct Plan Growth Plan - Growth Option,5031.9183,2026-08-04
125307,INF663L01DV3,,PGIM India Midcap Fund - Direct Plan - Growth Option,78.18,2026-08-04
120841,INF966L01887,,quant Mid Cap Fund - Growth Option - Direct Plan,254.5024,2026-08-04
154114,INF0K1H01313,,Samco Mid Cap Fund - Direct Plan,10.06,2026-08-04
119716,INF200K01TP4,,SBI MIDCAP FUND - DIRECT PLAN - GROWTH,276.0631,2026-08-04
119581,INF903J01MJ3,,Sundaram Mid Cap Fund Direct Plan - Growth,1676.042,2026-08-04
119178,INF277K01PY2,,Tata Mid Cap Fund - Direct Plan- Growth Option,536.5236,2026-08-04
118872,INF044D01CA9,,Taurus Mid Cap Fund - Direct Plan - Growth,136.74,2026-08-04
118873,INF044D01CB7,INF044D01CC5,Taurus Mid Cap Fund - Direct Plan - Payout of Income Distribution cum Capital Withdrawal option,121.47,2026-08-04
154210,INF0GCD01875,,TRUSTMF MID CAP FUND -DIRECT -GROWTH,12.1,2026-08-04
148073,INF582M01GI3,,Union Midcap Fund - Direct Plan - Growth Option,57.25,2026-08-04
120726,INF789F01UA6,,UTI Mid Cap Fund-Growth Option- Direct,355.2992,2026-08-04
150584,INF03VN01597,,WhiteOak Capital Mid Cap Fund Direct Plan Growth,23.372,2026-08-04
148921,INF209KB1Y49,,Aditya Birla Sun Life Multi-Cap Fund-Direct Growth,22.69,2026-08-04
149383,INF846K013E0,,Axis Multicap Fund - Direct Growth,20.58,2026-08-04
153309,INF0QA701AV7,,BAJAJ FINSERV MULTI CAP FUND - DIRECT - GROWTH,12.497,2026-08-04
149303,INF194KB1CL0,,BANDHAN MULTI CAP FUND - GROWTH - DIRECT PLAN,19.151,2026-08-04
151443,INF761K01FR0,,Bank of India Multi Cap Fund Direct Plan - Growth,20.7,2026-08-04
119354,INF955L01AG0,,Baroda BNP Paribas MULTI CAP FUND - Direct Plan - Growth Option,340.21,2026-08-04
151824,INF760K01KO9,,Canara Robeco Multi Cap Fund - Direct Plan - Growth Option,15.81,2026-08-04
152310,INF740KA1UC1,,DSP Multicap Fund - Direct - Growth,12.847,2026-08-04
152094,INF754K01SD8,,Edelweiss Multi Cap Fund - Direct Plan - Growth,16.7188,2026-08-04
152739,INF090I01XA7,,Franklin India Multi Cap Fund - Direct - Growth,11.2015,2026-08-04
149368,INF179KC1BS5,,HDFC Multi Cap Fund - Growth Option - Direct Plan,20.168,2026-08-04
151290,INF336L01QN5,,HSBC Multi Cap Fund - Direct - Growth,20.919,2026-08-04
120599,INF109K014O9,,ICICI Prudential Multicap Fund - Direct Plan -  Growth,978.95,2026-08-04
147183,INF00XX01168,,ITI Multi Cap Fund - Direct Plan - Growth Option,29.6587,2026-08-04
149185,INF174KA1HV3,,Kotak Multicap Fund-Direct Plan-Growth,21.744,2026-08-04
150659,INF767K01RK7,,LIC MF Multi Cap Fund-Direct Plan-Growth,19.6581,2026-08-04
151810,INF769K01KK8,,Mirae Asset Multicap Fund - Direct Plan - Growth,15.593,2026-08-04
152651,INF247L01CL8,,Motilal Oswal Multi Cap Fund-Direct Plan Growth,14.8133,2026-08-04
118651,INF204K01D55,,Nippon India Multi Cap Fund - Direct Plan Growth Plan - Bonus Option,340.2116,2026-08-04
118650,INF204K01XF9,,Nippon India Multi Cap Fund - Direct Plan Growth Plan - Growth Option,340.2116,2026-08-04
152815,INF663L01Z03,,PGIM India Multi Cap Fund - Direct Plan - Growth Option,10.97,2026-08-04
120823,INF966L01614,,quant Multi Cap Fund-GROWTH OPTION-Direct Plan,730.6168,2026-08-04
152847,INF0K1H01198,,Samco Multi Cap Fund - Direct Plan - Growth,8.96,2026-08-04
149882,INF200KA18E2,,SBI Multicap Fund- Direct Plan- Growth option,18.0486,2026-08-04
149669,INF173K01FQ0,,Sundaram Multi Cap Fund (Formerly Known as Principal Multi Cap Growth Fund)-Direct Plan - Growth Option,444.3503,2026-08-04
151232,INF277KA1679,,Tata Multicap Fund - Direct Plan - Growth,16.5461,2026-08-04
153644,INF0GCD01834,,TRUSTMF MULTI CAP FUND -DIRECT PLAN-GROWTH,11.85,2026-08-04
150858,INF582M01IO7,,Union Multicap Fund - Direct Plan - Growth Option,18.32,2026-08-04
153515,INF789F1AB89,,UTI Multi Cap Fund - Direct Plan - Growth Option,10.9436,2026-08-04
152071,INF03VN01803,,WhiteOak Capital Multi Cap Fund Direct Plan Growth,17.018,2026-08-04
149318,INF579M01AI2,,360 ONE QUANT FUND DIRECT GROWTH,20.501,2026-08-04
149319,INF579M01AJ0,INF579M01AK8,360 ONE QUANT FUND DIRECT INCOME DISTRIBUTION CUM CAPITAL WITHDRAWAL,20.501,2026-08-04
125597,INF209K014W1,,Aditya Birla Sun Life Banking and Financial Services Fund - Direct Plan - Growth,72.12,2026-08-04
153124,INF209KC1373,,Aditya Birla Sun Life Conglomerate Fund-Direct Growth,11.43,2026-08-04
119591,INF209K01WC7,,Aditya Birla Sun Life Consumption Fund - Growth - Direct Plan,246.43,2026-08-04
148637,INF209KB1U76,,Aditya Birla Sun Life ESG Integration Strategy Fund-Direct Plan-Growth,19.88,2026-08-04
119514,INF209K01WH6,,Aditya Birla Sun Life Infrastructure Fund - Growth - Direct Plan,120.37,2026-08-04
133516,INF209KA1YK0,,Aditya Birla Sun Life Manufacturing Equity Fund - Direct Plan - Growth,43.31,2026-08-04
147409,INF209KB1O25,,Aditya Birla Sun Life Pharma and Healthcare Fund-Direct-Growth,40.6,2026-08-04
147844,INF209KB1O82,,Aditya Birla Sun Life PSU Equity Fund-Direct Plan-Growth,39.83,2026-08-04
152684,INF209KC1118,,Aditya Birla Sun Life Quant Fund - Direct Growth,10.72,2026-08-04
148539,INF209KB1T79,,Aditya Birla Sun Life Special Opportunities Fund-Direct-Growth,31.06,2026-08-04
152158,INF209KB15X7,,Aditya Birla Sun Life Transportation and Logistics Fund-Direct Growth,17.8,2026-08-04
151368,INF846K016N4,,Axis Business Cycles Fund - Direct Plan - Growth,18.05,2026-08-04
152805,INF846K013X0,,Axis Consumption Fund Direct Plan - Growth,9.83,2026-08-04
147928,INF846K01W23,,Axis ESG Integration Strategy Fund - Direct Plan - Growth Option,23.02,2026-08-04
152202,INF846K016S3,,Axis India Manufacturing Fund - Direct Plan - Growth,16.52,2026-08-04
153083,INF846K011Z9,,Axis Momentum Fund - Direct Plan - Growth Option,9.26,2026-08-04
148993,INF846K01Z87,,Axis Quant Fund - Direct Plan - Growth,17.96,2026-08-04
153624,INF846KA1168,,Axis Services Opportunities Fund - Direct Plan - Growth Option,10.23,2026-08-04
153937,INF0QA701BZ6,,Bajaj Finserv Banking and Financial Services Fund - Direct - Growth,10.206,2026-08-04
153075,INF0QA701946,,BAJAJ FINSERV CONSUMPTION FUND - DIRECT - GROWTH,9.692,2026-08-04
153157,INF0QA701AB9,,BAJAJ FINSERV HEALTHCARE FUND - DIRECT - GROWTH,11.786,2026-08-04
152878,INF194KB1IQ6,,Bandhan Business Cycle Fund - Direct Plan - Growth,10.221,2026-08-04
151816,INF194KB1GB2,,BANDHAN FINANCIAL SERVICES FUND - DIRECT PLAN - GROWTH,15.88,2026-08-04
153972,INF194KB1KF5,,Bandhan Healthcare Fund - Direct Plan - Growth,11.26,2026-08-04
118469,INF194K01X46,,BANDHAN Infrastructure Fund-Direct Plan-Growth,58.95,2026-08-04
152607,INF194KB1IE2,,Bandhan Innovation Fund - Direct Plan - Growth,15.769,2026-08-04
153722,INF194KB1JX0,,Bandhan Multi-Factor Fund - Direct Plan - Growth,10.262,2026-08-04
150716,INF194KB1EB7,,BANDHAN TRANSPORTATION AND LOGISTICS FUND - GROWTH - DIRECT PLAN,22.075,2026-08-04
154093,INF761K01HE4,,Bank of India Banking & Financial Services Fund - Direct Plan - Growth,9.89,2026-08-04
152789,INF761K01GF3,,Bank of India Business Cycle Fund - Direct Plan - Growth,9.84,2026-08-04
153139,INF761K01GI7,,Bank of India Consumption Fund - Direct - Growth,11.56,2026-08-04
119364,INF761K01702,,BANK OF INDIA Manufacturing & Infrastructure Fund-Direct Plan-Growth,79.77,2026-08-04
119333,INF955L01971,,Baroda BNP Paribas Banking and Financial Services Fund - Direct - Growth Option,56.9853,2026-08-04
153847,INF251K01VJ6,,Baroda BNP Paribas Business Conglomerates Fund Direct Growth Option,10.4796,2026-08-04
149141,INF955L01KK1,,Baroda BNP Paribas Business Cycle Fund - Direct Plan - Growth,17.4375,2026-08-04
153225,INF251K01UJ8,,Baroda BNP Paribas Energy Opportunities Fund - Direct Plan - Growth Option,12.0354,2026-08-04
154195,INF251K01VP3,,Baroda BNP Paribas Best-in-Class Strategy Fund - Direct - Growth Option,10.7863,2026-08-04
153604,INF251K01VA5,,Baroda BNP Paribas Health and Wellness Fund Direct Growth,10.9975,2026-08-04
150266,INF251K01PT7,,BARODA BNP PARIBAS India Consumption Fund - Direct Plan - Growth Option,35.2861,2026-08-04
152470,INF251K01TE1,,Baroda BNP Paribas Innovation Fund Direct plan - Growth Option,14.1329,2026-08-04
152697,INF251K01TP7,,Baroda BNP Paribas Manufacturing Fund - Direct Plan - Growth Option,11.5311,2026-08-04
154250,INF760K01LN9,,Canara Robeco Banking and Financials Services Fund - Direct Plan - Growth,11.11,2026-08-04
118273,INF760K01DU1,,CANARA ROBECO CONSUMPTION FUND - DIRECT PLAN - GROWTH OPTION,128.12,2026-08-04
118267,INF760K01FO9,,CANARA ROBECO INFRASTRUCTURE FUND - DIRECT PLAN - GROWTH OPTION,193.4,2026-08-04
152450,INF760K01KZ5,,Canara Robeco Manufacturing Fund - Direct Plan - Growth Option,14.4,2026-08-04
152449,INF760K01KY8,INF760K01KX0,Canara Robeco Manufacturing Fund - Direct Plan - IDWC Option,14.4,2026-08-04
152206,INF740KA1TQ3,,DSP Banking & Financial Services Fund - Direct - Growth,15.611,2026-08-04
153121,INF740KA1UX7,,DSP Business Cycle Fund - Direct - Growth,10.8,2026-08-04
119247,INF740K01PU7,,DSP India T.I.G.E.R. Fund - Direct Plan - Growth,397.857,2026-08-04
147306,INF740KA1NQ6,,DSP Quant Fund - Direct Plan - Growth,22.967,2026-08-04
152710,INF754K01TA2,,Edelweiss Business Cycle Fund - Direct Plan - Growth,9.3441,2026-08-04
153214,INF754K01TY2,,Edelweiss Consumption Fund - Direct - Growth,11.6568,2026-08-04
154108,INF754K01WH1,,Edelweiss Financial Services Fund - Direct Plan - Growth Option,9.691,2026-08-04
142388,INF754K01ML4,,Edelweiss Recently Listed IPO Fund Direct Plan Growth,33.9988,2026-08-04
118559,INF090I01IZ5,,Franklin Asian Equity Fund - Direct - Growth,48.7303,2026-08-04
118557,INF090I01JF5,,Franklin Build India Fund - Direct - Growth,169.1386,2026-08-04
153942,INF090I01YQ1,,Franklin India Multi-Factor Fund- Direct- Growth,9.7809,2026-08-04
148986,INF179KC1BG0,,HDFC Banking & Financial Services Fund - Growth Option - Direct Plan,19.498,2026-08-04
150805,INF179KC1DY9,,HDFC Business Cycle Fund - Growth Option - Direct Plan,16.016,2026-08-04
151804,INF179KC1GO3,,HDFC Consumption Fund - Growth Option - Direct Plan,14.61,2026-08-04
151750,INF179KC1GI5,,HDFC Defence Fund - Growth Option - Direct Plan,30.533,2026-08-04
141924,INF179KC1AU3,,HDFC Housing Opportunities Fund  - Growth Option - Direct Plan,23.686,2026-08-04
118979,INF179K01WQ2,,HDFC Infrastructure Fund - Growth Option - Direct Plan,52.742,2026-08-04
153620,INF179KC1JO7,,HDFC INNOVATION FUND - DIRECT PLAN - GROWTH OPTION,11.764,2026-08-04
152600,INF179KC1II1,,HDFC Manufacturing fund - Growth Option - Direct Plan,12.217,2026-08-04
151458,INF179KC1FC0,,HDFC MNC Fund - Growth Option - Direct Plan,14.656,2026-08-04
152082,INF179KC1HO1,,HDFC Pharma and Healthcare Fund - Growth Option - Direct Plan,21.933,2026-08-04
152059,INF179KC1HI3,,HDFC Technology Fund - Growth Option - Direct Plan,12.726,2026-08-04
151901,INF179KC1GU0,,HDFC Transportation and Logistics Fund - Growth Option - Direct Plan,20.407,2026-08-04
152679,INF0R8701202,,Helios Financial Services Fund - Direct Plan - Growth Option,11.93,2026-08-04
151142,INF917K01RI2,,HSBC Business Cycles Fund - Direct Growth,48.3329,2026-08-04
152032,INF336L01QZ9,,HSBC Consumption Fund - Direct Growth,15.879,2026-08-04
153266,INF336L01RU8,,HSBC Financial Services Fund - Direct Growth,12.8661,2026-08-04
152829,INF336L01RO1,,HSBC India Export Opportunities Fund - Direct Growth,11.6579,2026-08-04
151040,INF917K01FW8,,HSBC Infrastructure Fund - Direct Growth,56.58,2026-08-04
153684,INF109K1A385,,ICICI Prudential Active Momentum Fund - Direct Plan - Growth,11.09,2026-08-04
120244,INF109K013J1,,ICICI Prudential Banking and Financial Services Fund - Direct Plan -  Growth,149.66,2026-08-04
146951,INF109KC1YD4,,ICICI Prudential Bharat Consumption Fund - Direct Plan - Growth Option,27.91,2026-08-04
153867,INF109K1A427,,ICICI Prudential Conglomerate Fund - Direct Plan - Growth,10.69,2026-08-04
152728,INF109KC12W6,,ICICI PRUDENTIAL ENERGY OPPORTUNITIES FUND - Direct Plan - Growth,11.75,2026-08-04
153070,INF109KC10Y6,,ICICI Prudential Equity Minimum Variance Fund - Direct Plan - Growth,10.92,2026-08-04
148516,INF109KC1O09,,ICICI Prudential ESG Exclusionary Strategy Fund - Direct Plan - Growth,23.53,2026-08-04
120688,INF109K01W25,,ICICI Prudential Exports & Services Fund - Direct Plan - Growth,188.36,2026-08-04
120587,INF109K01Z14,,ICICI Prudential FMCG Fund - Direct Plan -  Growth,467.45,2026-08-04
150310,INF109KC10C2,,ICICI PRUDENTIAL HOUSING OPPORTUNITIES FUND - Direct Plan Growth,18.47,2026-08-04
145897,INF109KC1RH9,,ICICI Prudential India Opportunities Fund - Direct Plan - Cumulative Option,40.68,2026-08-04
120621,INF109K018M4,,ICICI Prudential Infrastructure Fund - Direct Plan -  Growth,223.35,2026-08-04
145075,INF109KC1LJ8,,ICICI Prudential Manufacturing Fund - Direct Plan - Cumulative Option,43.46,2026-08-04
143874,INF109KC1GH2,,ICICI Prudential Pharma Healthcare and Diagnostics (P.H.D) Fund - Direct Plan - Cumulative Option,47.54,2026-08-04
150539,INF109KC12I5,,ICICI Prudential PSU Equity Fund - Direct Plan - Growth,23.17,2026-08-04
153458,INF109K1A187,,ICICI Prudential Quality Fund - Direct Plan - Growth,10.96,2026-08-04
148600,INF109KC1O66,,ICICI Prudential Quant Fund Direct Plan Growth,24.58,2026-08-04
153184,INF109KC12Z9,,ICICI Prudential Rural Opportunities Fund - Direct Plan - Growth,11.51,2026-08-04
150685,INF109KC12K1,,ICICI PRUDENTIAL TRANSPORTATION AND LOGISTICS FUND - Direct Plan - Growth,23.76,2026-08-04
149321,INF00XX01BU6,,ITI Banking and Financial Services Fund - Direct Plan - Growth Option,17.857,2026-08-04
153260,INF00XX01DG1,,ITI Bharat Consumption Fund - Direct Plan - Growth,12.2326,2026-08-04
154157,INF00XX01DM9,,ITI Business Cycle Fund- Direct Plan- Growth,10.5899,2026-08-04
149268,INF00XX01BO9,,ITI Pharma and Healthcare Fund - Direct Plan - Growth Option,19.7923,2026-08-04
154082,INF22M001168,,JioBlackRock Sector Rotation Fund - Direct Plan - Growth Option,10.1601,2026-08-04
153753,INF174KA1XA4,,Kotak Active Momentum Fund - Direct Plan - Growth option,11.395,2026-08-04
151384,INF174KA1MD1,,Kotak Banking & Financial Services Fund - Direct Plan - Growth,17.446,2026-08-04
150624,INF174KA1JN6,,Kotak Business Cycle - Direct Plan - Growth,18.461,2026-08-04
152169,INF174KA1PP8,,Kotak Consumption Fund - Direct plan - Growth Option,15.086,2026-08-04
153447,INF174KA1VX0,,Kotak Energy Opportunities Fund-Direct-Growth,10.966,2026-08-04
148606,INF174KA1FI4,,Kotak ESG Exclusionary Strategy Fund - Direct Plan - Growth Option,18.906,2026-08-04
148605,INF174KA1FH6,INF174KA1FJ2,Kotak ESG Exclusionary Strategy Fund - Direct Plan - Payout of Income Distribution cum capital withdrawal option,18.906,2026-08-04
152214,INF174KA1PZ7,,Kotak Healthcare Fund - Direct Plan - Growth Option,17.335,2026-08-04
133801,INF178L01AL9,,Kotak Infrastructure & Economic Reform Fund- Direct Plan- Growth Option,83.469,2026-08-04
133800,INF178L01AK1,INF178L01AJ3,Kotak Infrastructure & Economic Reform Fund- Direct Plan- Payout of Income Distribution cum capital withdrawal option,82.515,2026-08-04
149841,INF174KA1IF4,,Kotak Manufacture in India Fund - Direct Plan Growth,23.592,2026-08-04
152910,INF174KA1TG9,,Kotak MNC Fund-Direct Plan-Growth,12.801,2026-08-04
151881,INF174KA1OL0,,Kotak Quant Fund - Direct Plan - Growth Option,15.593,2026-08-04
153970,INF174KA1XW8,,Kotak Rural Opportunities Fund - Direct Plan - Growth,10.083,2026-08-04
154149,INF174KA1YV8,,Kotak Services Fund - Direct - Growth,10.664,2026-08-04
152702,INF174KA1SF3,,Kotak Special Opportunities Fund - Direct Plan - Growth Option,11.348,2026-08-04
153118,INF174KA1TS4,,Kotak Transportation & Logistics Fund-Direct Growth,12.169,2026-08-04
134017,INF767K01NK6,,LIC MF Banking and Financial Services Fund-Direct Plan-Growth,25.008,2026-08-04
153948,INF767K01SD0,,LIC MF Consumption Fund-Direct Plan-Growth,10.1242,2026-08-04
152024,INF397L01LK4,,LIC MF Healthcare Fund-Direct Plan-Growth,36.7947,2026-08-04
120351,INF767K01GW5,,LIC MF Infrastructure Fund-Direct Plan-Growth,63.9083,2026-08-04
152920,INF767K01RR2,,LIC MF Manufacturing Fund-Direct Plan-Growth,11.9155,2026-08-04
154244,INF767K01SJ7,,LIC MF Technology Fund-Direct Plan-Growth,11.345,2026-08-04
152045,INF174V01BQ4,,Mahindra Manulife Business Cycle Fund - Direct Plan - Growth,16.734,2026-08-04
154121,INF174V01DA4,,Mahindra Manulife Innovation Opportunities Fund - Direct - Growth,11.2409,2026-08-04
152672,INF174V01CC2,,Mahindra Manulife Manufacturing Fund - Direct Plan - Growth,11.0098,2026-08-04
153674,INF174V01CO7,,Mahindra Manulife Banking & Financial Services Fund - Direct - Growth,11.0555,2026-08-04
153364,INF247L01EP5,,Motilal Oswal Active Momentum Fund- Direct-Growth,13.721,2026-08-04
152796,INF247L01DG6,,Motilal Oswal Business Cycle Fund - Direct Plan- Growth,12.8739,2026-08-04
153913,INF247L01GA2,,Motilal Oswal Consumption Fund-Direct-Growth,11.0415,2026-08-04
152964,INF247L01DN2,,Motilal Oswal Digital India Fund - Direct Plan - Growth,10.3475,2026-08-04
154142,INF247L01GN5,,Motilal Oswal Financial Services Fund- Direct Growth,10.8077,2026-08-04
153484,INF247L01EW1,,Motilal Oswal Infrastructure Fund-Direct-Growth,12.8202,2026-08-04
153258,INF247L01EJ8,,Motilal Oswal Innovation Opportunities Fund - Direct Plan- Growth,14.5786,2026-08-04
152760,INF247L01DA9,,Motilal Oswal Manufacturing Fund - Direct Plan- Growth,11.8841,2026-08-04
152694,INF247L01CS3,,Motilal Oswal Quant Fund - Direct - Growth,10.696,2026-08-04
153558,INF247L01FE6,,Motilal Oswal Services Fund - Direct Plan - Growth,11.663,2026-08-04
153749,INF247L01FS6,,Motilal Oswal Special Opportunities Fund - Direct - Growth,11.9431,2026-08-04
153274,INF204KC1EK5,,Nippon India Active Momentum Fund-Direct Plan - Growth Option,13.3292,2026-08-04
118588,INF204K01D22,,Nippon India Banking & Financial Services Fund - Direct Plan Growth Plan - Bonus Option,715.9881,2026-08-04
118589,INF204K01XO1,,Nippon India Banking & Financial Services Fund - Direct Plan Growth Plan - Growth Option,715.9881,2026-08-04
118722,INF204K01G29,,Nippon India Consumption Fund - Direct Plan Growth Plan - Bonus,227.4091,2026-08-04
118724,INF204K01G52,,Nippon India Consumption Fund - Direct Plan Growth Plan - Growth Option,227.4091,2026-08-04
152033,INF204KC1BO3,,Nippon India Innovation Fund-Direct Plan-Growth Option,15.6561,2026-08-04
130861,INF204KA1SK7,,Nippon India Japan Equity Fund- Direct Plan- Growth Plan- Bonus Option,31.2444,2026-08-04
130860,INF204KA1SI1,,Nippon India Japan Equity Fund- Direct Plan- Growth Plan- Growth Option,31.2444,2026-08-04
153693,INF204KC1FR7,,Nippon India MNC Fund- Direct Plan- Growth Option,11.2057,2026-08-04
118758,INF204K01I27,,Nippon India Pharma Fund - Direct Plan Growth Plan - Bonus Option,642.8853,2026-08-04
118759,INF204K01I50,,Nippon India Pharma Fund - Direct Plan Growth Plan - Growth Option,642.8853,2026-08-04
118762,INF204K01I68,,Nippon India Power & Infra Fund - Direct Plan Growth Plan - Bonus Option,420.0522,2026-08-04
118763,INF204K01I92,,Nippon India Power & Infra Fund - Direct Plan Growth Plan - Growth Option,420.0522,2026-08-04
118770,INF204K01J00,,Nippon India Quant Fund - Direct Plan Growth Plan - Bonus Option,81.8469,2026-08-04
118769,INF204K01J34,,Nippon India Quant Fund - Direct Plan Growth Plan - Growth Option,81.8469,2026-08-04
149329,INF204KC1303,,Nippon India Taiwan Equity Fund- Direct Plan- Growth Option,33.7086,2026-08-04
153039,INF663L01Z45,,PGIM India Healthcare Fund - Direct Plan - Growth Option,12.34,2026-08-04
151791,INF966L01BX0,,quant BFSI Fund - Growth Option - Direct Plan,21.5529,2026-08-04
151757,INF966L01BR2,,quant Business Cycle Fund - Growth Option - Direct Plan,17.4569,2026-08-04
152255,INF966L01DF3,,quant Commodities Fund - Growth Option - Direct Plan,15.4784,2026-08-04
152336,INF966L01DN7,,quant Consumption Fund - Growth Option - Direct Plan,10.4163,2026-08-04
148564,INF966L01AD4,,quant ESG Integration Strategy Fund - Growth Option - Direct Plan,42.259,2026-08-04
151853,INF966L01CD0,,quant Healthcare Fund - Growth Option - Direct Plan,18.5295,2026-08-04
120833,INF966L01721,,quant Infrastructure Fund - Growth Option-Direct Plan,45.9213,2026-08-04
151916,INF966L01CJ7,,quant Manufacturing Fund - Growth Option - Direct Plan,17.601,2026-08-04
152189,INF966L01CZ3,,quant Momentum Fund - Growth Option - Direct Plan,15.9246,2026-08-04
152415,INF966L01DT4,,quant PSU Fund - Growth Option - Direct Plan,10.9028,2026-08-04
148925,INF966L01AK9,,quant Quantamental Fund - Growth Option - Direct Plan,27.2939,2026-08-04
152067,INF966L01CT6,,quant Teck Fund - Growth Option - Direct Plan,11.8946,2026-08-04
147372,INF082J01382,,QUANTUM ESG BEST IN CLASS STRATEGY FUND - DIRECT PLAN - GROWTH OPTION,25.6,2026-08-04
153094,INF082J01473,,Quantum Ethical Fund - Direct Plan Growth Option,10.3,2026-08-04
151753,INF0K1H01081,,Samco Active Momentum Fund - Direct Plan - Growth Option,15.06,2026-08-04
152586,INF0K1H01180,,Samco Special Opportunities Fund - Direct Plan - Growth,8.85,2026-08-04
152657,INF200KB1183,,SBI Automotive Opportunities Fund - Direct Plan - Growth,13.4349,2026-08-04
152655,INF200KB1191,INF200KB1209,SBI Automotive Opportunities Fund - Direct Plan - Income Distribution Cum Capital Withdrawal Option,13.4345,2026-08-04
133859,INF200KA1507,,SBI BANKING & FINANCIAL SERVICES FUND - DIRECT PLAN - GROWTH,49.706,2026-08-04
119705,INF200K01SB6,,SBI COMMA Fund - DIRECT PLAN - Growth,127.7154,2026-08-04
120575,INF200K01RM5,,SBI CONSUMPTION OPPORTUNITIES FUND - DIRECT PLAN - GROWTH,340.534,2026-08-04
152417,INF200KB1126,,SBI Energy Opportunities Fund - Direct Plan - Growth,11.4573,2026-08-04
152420,INF200KB1134,INF200KB1142,SBI Energy Opportunities Fund - Direct Plan - Income Distribution Cum Capital Withdrawal Option,11.4571,2026-08-04
146643,INF200KA1A71,,SBI Equity Minimum Variance Fund - Direct Plan - Growth,25.2064,2026-08-04
119709,INF200K01SE0,,SBI ESG Exclusionary Strategy Fund - Direct Plan -Growth,269.6913,2026-08-04
119783,INF200K01UP2,,SBI HEALTHCARE OPPORTUNITIES FUND - DIRECT PLAN -GROWTH,597.4461,2026-08-04
119700,INF200K01RS2,,SBI INFRASTRUCTURE FUND -  DIRECT PLAN - GROWTH,56.0169,2026-08-04
152776,INF200KB1324,,SBI Innovative Opportunities Fund - Direct Plan - Growth,10.7863,2026-08-04
152777,INF200KB1332,INF200KB1340,SBI Innovative Opportunities Fund - Direct Plan - Income Distribution Cum Capital Withdrawal Option,10.7863,2026-08-04
119711,INF200K01SN1,,SBI MNC FUND - DIRECT PLAN -GROWTH,454.6748,2026-08-04
119732,INF200K01UY4,,SBI PSU Fund - DIRECT PLAN - GROWTH,38.301,2026-08-04
153154,INF200KB1506,,SBI Quant Fund- Direct Plan- Growth,10.1628,2026-08-04
153076,INF680P01455,,Shriram Multi Sector Rotation Fund - Direct Plan Growth Option,8.4746,2026-08-04
152677,INF903JA1LQ6,,Sundaram Business Cycle Fund Direct Plan Growth,11.7268,2026-08-04
119595,INF903J01NH5,,Sundaram Consumption Fund (Formerly Known as Sundaram Rural and Consumption Fund Direct Plan - Growth),106.8529,2026-08-04
119597,INF903J01NB8,,Sundaram Financial Services Opportunities Fund Direct Plan - Growth,125.2182,2026-08-04
129212,INF903J01F92,,Sundaram Infrastructure Advantage Fund Direct Plan - Growth,110.0103,2026-08-04
153669,INF903JA1LV6,,Sundaram Multi-Factor Fund - Direct - Growth,10.0184,2026-08-04
135789,INF277K01Z28,,TATA Banking & Financial Services Fund Direct Plan - Payout of Income Distribution cum capital withdrawal option,50.5166,2026-08-04
135792,,INF277K01Z36,TATA Banking & Financial Services Fund Direct Plan - Reinvestment of Income Distribution cum capital withdrawal option,50.5166,2026-08-04
135793,INF277K01Z10,,Tata Banking And Financial Services Fund-Direct Plan-Growth,52.15,2026-08-04
149071,INF277KA1166,,Tata Business Cycle Fund-Direct Plan-Growth,20.9352,2026-08-04
135795,INF277K01Z85,,TATA Digital India Fund Direct Plan - Payout of Income Distribution cum capital withdrawal option,48.9571,2026-08-04
135798,,INF277K01Z93,TATA Digital India Fund Direct Plan - Reinvestment of Income Distribution cum capital withdrawal option,48.9571,2026-08-04
135800,INF277K01Z77,,Tata Digital India Fund-Direct Plan-Growth,50.6551,2026-08-04
119172,INF277K01NG4,,Tata Ethical Fund -Direct Plan- Growth Option,431.3342,2026-08-04
150532,INF277KA1497,,Tata Housing Opportunities Fund - Direct Plan - Growth,16.2321,2026-08-04
135806,INF277K014A4,,TATA India Consumer Fund Direct Plan - Payout of Income Distribution cum capital withdrawal option,54.6528,2026-08-04
135801,,INF277K015A1,TATA India Consumer Fund Direct Plan - Reinvestment of Income Distribution cum capital withdrawal option,54.6528,2026-08-04
135805,INF277K013A6,,Tata India Consumer Fund-Direct Plan-Growth,56.3925,2026-08-04
153055,INF277KA1CU2,,Tata India Innovation Fund- Direct Growth,10.534,2026-08-04
135807,INF277K010B0,,TATA India Pharma & Health Care Fund Direct Plan - Payout of Income Distribution cum capital withdrawal option,38.7324,2026-08-04
135808,,INF277K011B8,TATA India Pharma & Healthcare Fund Direct Plan - Reinvestment of Income Distribution cum capital withdrawal option,38.7324,2026-08-04
135810,INF277K019A3,,Tata India Pharma & Healthcare Fund-Direct Plan-Growth,40.0337,2026-08-04
119243,INF277K01PQ8,,Tata Infrastructure Fund -Direct Plan -Growth Option,201.3012,2026-08-04
135817,INF277K016B7,,TATA Resources & Energy Fund Direct Plan - Payout of Income Distribution cum capital withdrawal option,57.3882,2026-08-04
135816,,INF277K017B5,TATA Resources & Energy Fund Direct Plan - Reinvestment of Income Distribution cum capital withdrawal option,57.3882,2026-08-04
135813,INF277K015B9,,Tata Resources & Energy Fund-Direct Plan-Growth,59.1746,2026-08-04
118868,INF044D01CN2,,Taurus Banking & Financial Services Fund - Direct Plan - Growth,60.47,2026-08-04
118869,INF044D01CO0,INF044D01CP7,Taurus Banking & Financial Services Fund - Direct Plan - Payout of Income Distribution cum Capital Withdrawal option,59.77,2026-08-04
118876,INF044D01CJ0,,Taurus Ethical Fund - Direct Plan - Growth,149.62,2026-08-04
118877,INF044D01CK8,INF044D01CL6,Taurus Ethical Fund - Direct Plan - Payout of Income Distribution cum Capital Withdrawal option,100.44,2026-08-04
118878,INF044D01CM4,,Taurus Ethical Fund-Direct Plan-Bonus Option #,49.03,2026-08-04
118879,INF044D01CD3,,Taurus Infrastructure Fund - Direct Plan - Growth,69.6,2026-08-04
118880,INF044D01CE1,INF044D01CF8,Taurus Infrastructure Fund - Direct Plan - Payout of Income Distribution cum Capital Withdrawal option,64.82,2026-08-04
153895,INF2F0001214,,THE WEALTH COMPANY ETHICAL FUND DIRECT GROWTH,10.0522,2026-08-04
153109,INF582M01KG9,,Union Active Momentum Fund - Direct Plan - Growth Option,9.86,2026-08-04
152409,INF582M01JQ0,,Union Business Cycle Fund - Direct Plan - Growth Option,12.2,2026-08-04
154020,INF582M01MH3,,Union Consumption Fund - Direct Plan - Growth Option,10.02,2026-08-04
151905,INF582M01JE6,,Union Innovation & Opportunities Fund - Direct Plan - Growth Option,16.54,2026-08-04
120733,INF789F01SN3,,UTI Banking and Financial Services Fund - Direct Plan - Growth Option,229.6837,2026-08-04
120782,INF789F01TO9,,UTI Healthcare Fund - Direct Plan - Growth Option,383.4513,2026-08-04
120780,INF789F01VF3,,UTI India Consumer Fund - Direct Plan - Growth Option,65.2532,2026-08-04
120728,INF789F01TU6,,UTI Infrastructure Fund-Growth Option- Direct,154.491,2026-08-04
120682,INF789F01UD0,,UTI - MNC Fund - Growth Option - Direct,458.1292,2026-08-04
120731,INF789F01SH5,,UTI-Transportation and Logistics  Fund-Growth Option- Direct,353.1067,2026-08-04
152087,INF789F1AZA4,,UTI Innovation Fund - Direct Plan - Growth Option,12.0068,2026-08-04
153204,INF789F1AA98,,UTI Quant Fund - Direct Plan - Growth Option,10.8872,2026-08-04
152321,INF03VN01860,,WhiteOak Capital Banking & Financial Services Fund - Direct Growth,13.775,2026-08-04
154161,INF03VN01AD3,,WhiteOak Capital Consumption Opportunities Fund Direct Plan Growth,10.581,2026-08-04
152915,INF03VN01936,,WhiteOak Capital Digital Bharat Fund Direct Plan Growth,10.697,2026-08-04
152962,INF03VN01951,,WhiteOak Capital ESG Best-In-Class Strategy Fund Direct Plan Growth,10.689,2026-08-04
152349,INF03VN01886,,WhiteOak Capital Pharma and Heathcare Fund Direct Plan Growth,17.336,2026-08-04
153189,INF03VN01977,,WhiteOak Capital Quality Equity Fund Direct Plan Growth,10.909,2026-08-04
152644,INF03VN01902,,WhiteOak Capital Special Opportunities Fund - Direct Growth,15.097,2026-08-04
154215,INF2JJD01177,,Abakkus Small Cap Fund - Direct Plan - Growth,12.53,2026-08-04
119556,INF209K01WN4,,Aditya Birla Sun Life Small Cap Fund - Growth - Direct Plan,112.5398,2026-08-04
125354,INF846K01K35,,Axis Small Cap Fund - Direct Plan - Growth,134.42,2026-08-04
153612,INF0QA701BN2,,BAJAJ FINSERV SMALL CAP FUND - DIRECT - GROWTH,11.07,2026-08-04
147946,INF194KB1AL4,,BANDHAN SMALL CAP FUND - DIRECT PLAN GROWTH,56.527,2026-08-04
145678,INF761K01EP7,,BANK OF INDIA Small Cap Fund Direct Plan Growth,63.52,2026-08-04
152128,INF251K01SR5,,Baroda BNP Paribas Small Cap Fund - Direct Plan - Growth option,14.6667,2026-08-04
146130,INF760K01JC6,,CANARA ROBECO SMALL CAP FUND - DIRECT PLAN - GROWTH OPTION,45.86,2026-08-04
119212,INF740K01QD1,,DSP Small Cap Fund - Direct Plan - Growth,246.973,2026-08-04
146196,INF754K01JN6,,Edelweiss Small Cap Fund - Direct Plan - Growth,53.369,2026-08-04
118525,INF090I01IQ4,,Franklin India Small Cap Fund - Direct - Growth,204.3869,2026-08-04
130503,INF179KA1RW5,,HDFC Small Cap Fund - Growth Option - Direct Plan,164.009,2026-08-04
153912,INF0R8701384,,Helios Small Cap Fund - Direct Plan - Growth Option,11.35,2026-08-04
151130,INF917K01QA1,,HSBC Small Cap Fund - Direct Growth,98.7375,2026-08-04
120591,INF109K015M0,,ICICI Prudential Smallcap Fund - Direct Plan - Growth,103.32,2026-08-04
147919,INF00XX01747,,ITI Small Cap Fund - Direct Plan - Growth Option,37.3211,2026-08-04
152614,INF192K01NH3,,JM Small Cap Fund (Direct) - Growth Option,11.7647,2026-08-04
120164,INF174K01KT2,,Kotak-Small Cap Fund - Growth - Direct,323.415,2026-08-04
120163,INF174K01KU0,INF174K01KV8,Kotak-Small Cap Fund - Payout of Income Distribution cum capital withdrawal option - Direct,142.054,2026-08-04
152004,INF397L01JS1,,LIC MF Small Cap Fund-Direct Plan-Growth,38.5077,2026-08-04
150915,INF174V01BK7,,Mahindra Manulife Small Cap Fund - Direct Plan - Growth,23.0866,2026-08-04
153196,INF769K01NJ4,,Mirae Asset Small Cap Fund - Direct Plan - Growth,12.65,2026-08-04
152237,INF247L01BY3,,Motilal Oswal Small Cap Fund - Direct - Growth,17.3357,2026-08-04
118777,INF204K01J83,,Nippon India Small Cap Fund - Direct Plan Growth Plan - Bonus Option,206.2232,2026-08-04
118778,INF204K01K15,,Nippon India Small Cap Fund - Direct Plan Growth Plan - Growth Option,206.2232,2026-08-04
149019,INF663L01W06,,PGIM India Small Cap Fund - Direct Plan- Growth Option,19.55,2026-08-04
120828,INF966L01689,,quant Small Cap Fund - Growth Option - Direct Plan,313.0509,2026-08-04
152107,INF082J01432,,QUANTUM SMALL CAP FUND - DIRECT PLAN GROWTH OPTION,14.18,2026-08-04
153868,INF0K1H01297,,Samco Small Cap Fund - Direct Plan,11.34,2026-08-04
125497,INF200K01T51,,SBI Small Cap Fund - Direct Plan - Growth,208.7577,2026-08-04
119589,INF903J01NK9,,Sundaram Small Cap Fund Direct Plan - Growth,327.8303,2026-08-04
145209,,INF277K012O9,TATA Small Cap Fund Direct Plan - Reinvestment of Income Distribution cum capital withdrawal option,42.7008,2026-08-04
145206,INF277K011O1,,Tata Small Cap Fund-Direct Plan-Growth,44.1978,2026-08-04
145207,INF277K013O7,,TATA SmallCap Fund - Direct Plan - Payout of Income Distribution cum capital withdrawal option,42.7008,2026-08-04
154269,INF2F0001537,,The Wealth Company Small Cap Fund- Direct-Growth,11.7198,2026-08-04
152939,INF0GCD01800,,TRUSTMF SMALL CAP FUND -DIRECT PLAN-GROWTH,13.42,2026-08-04
129649,INF582M01BU9,,Union Small Cap Fund - Direct Plan - Growth Option,65.39,2026-08-04
148618,INF789F1AUQ1,,UTI Small Cap Fund - Direct Plan - Growth Option,30.0185,2026-08-04
119659,INF209K01WQ7,,Aditya Birla Sun Life Value Fund - Growth - Direct Plan,156.06,2026-08-04
149166,INF846K010C0,,Axis Value Fund - Direct Plan - Growth,21.55,2026-08-04
118481,INF194K01Z85,,Bandhan Value Fund - Direct Plan - Growth,171.483,2026-08-04
151755,INF251K01SD5,,Baroda BNP Paribas Value Fund - Direct Plan - Growth option,14.4909,2026-08-04
149085,INF760K01JW4,,Canara Robeco Value Fund - Direct Plan - Growth Option,19.56,2026-08-04
118494,INF090I01GY2,,Templeton India Value Fund - Direct - Growth,794.3765,2026-08-04
118935,INF179K01VC4,,HDFC Value Fund - Growth Option - Direct Plan,898.211,2026-08-04
151113,INF917K01HD4,,HSBC Value Fund - Direct Growth,129.4053,2026-08-04
120323,INF109K012K1,,ICICI Prudential Value Fund (erstwhile Value Discovery Fund) - Direct Plan - Growth,518.91,2026-08-04
148972,INF00XX01AQ6,,ITI Value Fund - Direct Plan - Growth Option,19.0068,2026-08-04
120486,INF192K01BT3,,JM Value Fund (Direct) - Growth Option,110.1218,2026-08-04
152018,INF397L01KU5,,LIC MF Value Fund-Direct Plan-Growth,31.3956,2026-08-04
153303,INF174V01CI9,,Mahindra Manulife Value Fund - Direct Plan - Growth,13.0242,2026-08-04
118784,INF204K01K49,,Nippon India Value Fund - Direct Plan Growth Plan,252.4551,2026-08-04
149335,INF966L01AN3,,Quant Value Fund - Growth Option  - Direct Plan,24.1475,2026-08-04
103490,INF082J01036,,Quantum Value Fund - Direct Plan Growth Option,128.41,2026-08-04
119549,INF903J01NN3,,Sundaram Value Fund Direct Plan - Growth,229.0355,2026-08-04
119231,INF277K01ND1,,Tata Value Fund -Direct Plan Growth Option,402.1838,2026-08-04
145473,INF582M01EK4,,Union Value Fund - Direct Plan - Growth Option,31.45,2026-08-04
120751,INF789F01VB2,,UTI Value Fund - Direct Plan - Growth Option,186.0478,2026-08-04
120348,INF205K01LE4,,Invesco India Contra Fund - Direct Plan - Growth,162.39,2026-08-04
120416,INF205K01NT8,,Invesco India ELSS Tax Saver Fund - Direct Plan - Growth,151.81,2026-08-04
139781,INF174V01093,,Mahindra Manulife ELSS Tax Saver Fund - Direct Plan -Growth,33.5061,2026-08-04
151611,INF0J8L01115,,NJ ELSS Tax Saver Scheme Direct Growth,15.11,2026-08-04
149763,INF205KA1494,,Invesco India Flexi Cap Fund - Direct Plan - Growth,21.11,2026-08-04
149104,INF174V01AS2,,Mahindra Manulife Flexi Cap Fund - Direct Plan -Growth,17.6069,2026-08-04
151917,INF0J8L01156,,NJ Flexi Cap Fund - Direct Plan - Growth Option,13.95,2026-08-04
148481,INF205KA1213,,Invesco India Focused Fund - Direct Plan - Growth,32.08,2026-08-04
148567,INF174V01AG7,,Mahindra Manulife Focused Fund - Direct Plan -Growth,30.0059,2026-08-04
120357,INF205K01MA0,,Invesco India Large & Mid Cap Fund - Direct Plan - Growth,133.64,2026-08-04
154433,INF0GCD01891,,TRUSTMF LARGE & MIDCAP FUND - DIRECT PLAN - GROWTH,10.14,2026-08-04
119133,INF666M01600,,Groww Largecap Fund (formerly known as Indiabulls Blue Chip Fund) - Direct Plan - Growth Option,53.1,2026-08-04
119134,INF666M01626,INF666M01618,Groww Largecap Fund (formerly known as Indiabulls Bluechip Fund)- Direct Plan- - Income Distribution cum capital withdrawal Option (Payout & Reinvestment),30.75,2026-08-04
140814,INF666M01CQ6,INF666M01CR4,Groww Largecap Fund (formerly known as Indiabulls Bluechip Fund)- Direct Plan- Half Yearly -Income Distribution cum capital withdrawal Option (Payout & Reinvestment),29.85,2026-08-04
140809,INF666M01CM5,INF666M01CN3,Groww Largecap Fund (formerly known as Indiabulls Bluechip Fund)- Direct Plan- Monthly - Income Distribution cum capital withdrawal Option (Payout & Reinvestment),23.71,2026-08-04
140811,INF666M01CO1,INF666M01CP8,Groww Largecap Fund (formerly known as Indiabulls Bluechip Fund)- Direct Plan- Quarterly - Income Distribution cum capital withdrawal Option (Payout & Reinvestment),29.62,2026-08-04
120392,INF205K01LB0,,Invesco India Largecap Fund - Direct Plan - Growth,89.29,2026-08-04
146549,INF174V01721,,Mahindra Manulife Large Cap Fund - Direct Plan -Growth,25.8862,2026-08-04
120403,INF205K01MV6,,Invesco India Midcap Fund - Direct Plan - Growth Option,243.73,2026-08-04
153034,INF666M01JD9,,Groww Multicap Fund - Direct - Growth,12.2286,2026-08-04
120413,INF205K01MS2,,Invesco India Multicap Fund - Direct Plan - Growth Option,159.77,2026-08-04
141226,INF174V01341,,Mahindra Manulife Multi Cap Fund - Direct Plan -Growth,45.7512,2026-08-04
152254,INF666M01HS1,,Groww Banking & Financial Services Fund - Direct Plan - Growth,13.5747,2026-08-04
120385,INF205K01KY4,,Invesco India Financial Services Fund - Direct Plan - Growth,179.28,2026-08-04
152863,INF205KA1965,,Invesco India Technology Fund - Direct Plan - Growth,10.2,2026-08-04
154063,INF666M01NJ8,,Groww Small Cap Fund-Direct-Growth,12.1902,2026-08-04
145137,INF205K013T3,,Invesco India Smallcap Fund - Direct Plan - Growth,53.73,2026-08-04
153291,INF205KA1AI8,,Invesco India Business Cycle Fund - Direct Plan - Growth,14.77,2026-08-04
153900,INF205KA1BI6,,Invesco India Consumption Fund - Direct Plan - Growth,11.01,2026-08-04
148751,INF205KA1338,,Invesco India ESG Integration Strategy Fund - Direct Plan - Growth,18.93,2026-08-04
120405,INF205K01MD4,,Invesco India Infrastructure Fund - Direct Plan - Growth Option,83.99,2026-08-04
152756,INF205KA1908,,Invesco India Manufacturing Fund - Direct Plan - Growth,11.95,2026-08-04
120395,INF205K01NG5,,Invesco India PSU Equity Fund - Direct Plan - Growth,78.35,2026-08-04
145356,INF174V01663,,Mahindra Manulife Consumption Fund - Direct Plan -Growth,25.614,2026-08-04
148623,INF769K01GX9,,Mirae Asset Banking and Financial Services Fund Direct Growth,23.732,2026-08-04
118837,INF769K01BL5,,Mirae Asset Great Consumer Fund - Direct Plan - Growth,115.367,2026-08-04
143783,INF769K01ED6,,Mirae Asset Healthcare Fund Direct Growth,51.507,2026-08-04
153983,INF769K01PV4,,Mirae Asset Infrastructure Fund - Direct Plan - Growth,11.364,2026-08-04
154451,INF0J8L01172,,NJ Momentum Fund - Direct Growth,10.04,2026-08-04
135341,INF666M01BE4,,Groww Value Fund (formerly known as Indiabulls Value Fund) - Direct Plan - Growth Option,33.5856,2026-08-04
135342,INF666M01BF1,INF666M01BG9,Groww Value Fund (formerly known as Indiabulls Value Fund)- Direct Plan- - Income Distribution cum capital withdrawal Option (Payout & Reinvestment),33.4604,2026-08-04
140819,INF666M01DC4,INF666M01DD2,Groww Value Fund (formerly known as Indiabulls Value Fund)- Direct Plan- Half Yearly - Income Distribution cum capital withdrawal Option (Payout & Reinvestment),26.8907,2026-08-04
140815,INF666M01CY0,INF666M01CZ7,Groww Value Fund (formerly known as Indiabulls Value Fund)- Direct Plan- Monthly - Income Distribution cum capital withdrawal Option (Payout & Reinvestment),24.6308,2026-08-04
140817,INF666M01DA8,INF666M01DB6,Groww Value Fund (formerly known as Indiabulls Value Fund)- Direct Plan- Quarterly - Income Distribution cum capital withdrawal Option (Payout & Reinvestment),26.8695,2026-08-04
154456,INF0J8L01214,,NJ Value Fund - Direct Growth,10.0,2026-08-04
149780,INF209KB16F2,,Aditya Birla Sun Life Silver ETF FOF-Direct Growth,33.6809,2026-08-04
120531,INF205K01NJ9,,Invesco India Gold ETF Fund of Fund - Direct Plan - Growth,41.1843,2026-08-04
153697,INF205KA1BA3,,Invesco India Income Plus Arbitrage Active Fund of Fund - Direct Plan - Growth,1061.6615,2026-08-04
154474,INF769K01QX8,,Mirae Asset BSE Midcap 150 Momentum 30 ETF FOF - Direct Plan - Growth,10.334,2026-08-04
154409,INF277KA1EV6,,Tata Multi Sector Passive FOF Direct Plan Growth Option,9.9571,2026-08-04
120517,INF209K01ZC0,,Aditya Birla Sun Life Equity Hybrid'95 Fund - Direct Plan-Growth,1771.78,2026-08-04
144394,INF846K01E25,,Axis Aggressive Hybrid Fund - Direct Plan - Growth Option,23.33,2026-08-04
140382,INF194KA1U56,,Bandhan Aggressive Hybrid Fund-Direct Plan Growth,32.359,2026-08-04
139527,INF761K01DM6,,BANK OF INDIA MID & SMALL CAP EQUITY & DEBT FUND - DIRECT PLAN GROWTH,46.71,2026-08-04
150260,INF251K01OZ7,,Baroda BNP Paribas Aggressive Hybrid Fund- DIRECT PLAN - GROWTH OPTION,32.9262,2026-08-04
118272,INF760K01EZ8,,CANARA ROBECO EQUITY HYBRID FUND - DIRECT PLAN - GROWTH OPTION,428.01,2026-08-04
119019,INF740K01NY4,,DSP Aggressive Hybrid Fund - Direct Plan - Growth,402.517,2026-08-04
118624,INF754K01CE0,,Edelweiss Aggressive Hybrid Fund-Direct Plan-Growth Option,77.03,2026-08-04
118546,INF090I01FZ1,,Franklin India Aggressive Hybrid Fund - Direct - Growth,312.826,2026-08-04
145599,INF666M01FA3,,Groww Aggressive Hybrid Fund (formerly known as Indiabulls Equity Hybrid Fund) - Direct Plan - Growth option,23.5929,2026-08-04
145600,INF666M01FB1,INF666M01FC9,Groww Aggressive Hybrid Fund (formerly known as Indiabulls Equity Hybrid Fund)- Direct Plan- - Income Distribution cum capital withdrawal Option (Payout & Reinvestment),23.3851,2026-08-04
145602,INF666M01FH8,INF666M01FI6,Groww Aggressive Hybrid Fund (formerly known as Indiabulls Equity Hybrid Fund)- Direct Plan- Half Yearly - Income Distribution cum capital withdrawal Option (Payout & Reinvestment),22.679,2026-08-04
145606,INF666M01FD7,INF666M01FE5,Groww Aggressive Hybrid Fund (formerly known as Indiabulls Equity Hybrid Fund)- Direct Plan- Monthly - Income Distribution cum capital withdrawal Option (Payout & Reinvestment),23.348,2026-08-04
145601,INF666M01FF2,INF666M01FG0,Groww Aggressive Hybrid Fund (formerly known as Indiabulls Equity Hybrid Fund)- Direct Plan- Quarterly - Income Distribution cum capital withdrawal Option (Payout & Reinvestment),23.1078,2026-08-04
119062,INF179K01XZ1,,HDFC Hybrid Equity Fund - Growth Option - Direct Plan,126.369,2026-08-04
151122,INF917K01LE4,,HSBC Aggressive Hybrid Fund - Direct Growth,67.9968,2026-08-04
120251,INF109K01Y07,,ICICI Prudential Equity & Debt Fund - Direct Plan - Growth,458.73,2026-08-04
130904,INF192K01HB8,,JM Aggressive Hybrid Fund (Direct) - Annual Bonus Option,140.9274,2026-08-04
120484,INF192K01BQ9,,JM Aggressive Hybrid Fund (Direct) - Growth Option,140.6969,2026-08-04
133035,INF174K01F00,,Kotak Aggressive Hybrid Fund - Direct Plan -Growth,78.549,2026-08-04
120261,INF767K01ED0,,LIC MF Aggressive Hybrid Fund-Direct Plan-Growth,230.3685,2026-08-04
134813,INF769K01DH9,,Mirae Asset Aggressive Hybrid Fund - Direct Plan - Growth,39.843,2026-08-04
143163,INF959L01CX3,,Navi Aggressive Hybrid Fund - Direct Plan - Growth,25.9786,2026-08-04
118794,INF204K01B08,,Nippon India Aggressive Hybrid Fund  - Direct Plan Growth Plan,123.6203,2026-08-04
120819,INF966L01556,,quant Aggressive Hybrid Fund-Growth Option-Direct Plan,522.9511,2026-08-04
119609,INF200K01RY0,,SBI EQUITY HYBRID FUND - DIRECT PLAN - Growth,356.3643,2026-08-04
125711,INF680P01042,,Shriram Aggressive Hybrid Fund- Direct Growth,37.7615,2026-08-04
149601,INF173K01FE6,,Sundaram Aggressive Hybrid Fund (Formerly Known as Principal Hybrid Equity Fund)- Direct Plan - Growth Option,187.3996,2026-08-04
149602,INF173K01FB2,INF173K01FC0,Sundaram Aggressive Hybrid Fund(Formerly Known as Principal Hybrid Equity Fund)-Direct Plan - Monthly Income Distribution CUM Capital Withdrawal Option,39.2952,2026-08-04
119053,INF277K01MN2,,Tata Aggressive Hybrid Fund -Direct Plan- Growth Option,504.0036,2026-08-04
148592,INF582M01GY0,,Union Aggressive Hybrid Fund - Direct Plan - Growth Option,20.07,2026-08-04
120674,INF789F01SK9,,UTI Aggressive Hybrid Fund -Direct Plan - Growth,447.3549,2026-08-04
119526,INF209K01VP1,,Aditya Birla Sun Life Arbitrage Fund - Growth - Direct Plan,30.8125,2026-08-04
130773,INF846K01PZ1,,Axis Arbitrage Fund - Direct Plan - Growth,21.8299,2026-08-04
152077,INF0QA701524,,Bajaj Finserv Arbitrage Fund-Direct Plan-Growth,12.217,2026-08-04
118474,INF194K01Y60,,BANDHAN Arbitrage Fund-Direct Plan- Growth,37.6811,2026-08-04
143614,INF761K01ED3,,BANK OF INDIA Arbitrage Fund Direct Plan Growth,15.3868,2026-08-04
150251,INF251K01OT0,,BARODA BNP PARIBAS ARBITRAGE FUND-DIRECT PLAN-GROWTH OPTION,18.1856,2026-08-04
154236,INF226401117,,Capitalmind Arbitrage Fund-Direct-Growth,10.261,2026-08-04
142283,INF740KA1DN4,,DSP Arbitrage Fund - Direct - Growth,16.793,2026-08-04
130206,INF754K01EA4,,Edelweiss Arbitrage Fund- Direct Plan- Growth Option,22.3691,2026-08-04
153043,INF090I01XS9,,Franklin India Arbitrage Fund - Direct - Growth,11.2734,2026-08-04
154320,INF666M01ON8,,Groww Arbitrage Fund Direct Growth,10.2032,2026-08-04
129052,INF179KA1KT6,,HDFC ARBITRAGE FUND -Direct Plan - Growth Option,21.673,2026-08-04
154257,INF0R8701442,,Helios Arbitrage Fund - Direct Growth,10.25,2026-08-04
151138,INF917K01QR5,,HSBC Arbitrage Fund - Direct Growth,21.8199,2026-08-04
120364,INF109K016O4,,ICICI Prudential Arbitrage Fund - Direct Plan - Growth,39.5358,2026-08-04
147617,INF00XX01440,,ITI Arbitrage Fund - Direct Plan - Growth Option,14.5271,2026-08-04
154076,INF22M001101,,JioBlackRock Arbitrage Fund - Direct Plan - Growth Option,10.4717,2026-08-04
133395,INF192K01GX4,,JM Arbitrage Fund (Direct) - Annual Bonus Option - Principal Units,19.1514,2026-08-04
130604,INF192K01GL9,,JM Arbitrage Fund (Direct) - Bonus Option - Principal Units,19.9535,2026-08-04
120482,INF192K01BN6,,JM Arbitrage Fund (Direct) - Growth Option,37.2859,2026-08-04
119771,INF174K01LC6,,Kotak Arbitrage Fund - Direct Plan - Growth,43.0736,2026-08-04
145895,INF767K01PP0,,LIC MF Arbitrage Fund-Direct Plan-Growth,15.5243,2026-08-04
148468,INF174V01AA0,,Mahindra Manulife Arbitrage Fund - Direct Plan -Growth,13.7561,2026-08-04
148401,INF769K01FS1,,Mirae Asset Arbitrage Fund Direct Growth,14.523,2026-08-04
153187,INF247L01ED1,,Motilal Oswal Arbitrage Fund-Direct Plan-Growth,11.2349,2026-08-04
118585,INF204K01XZ7,,Nippon India Arbitrage Fund - Direct Plan Growth Plan - Growth Option,30.8378,2026-08-04
153979,INF0S5R01125,,Old Bridge Arbitrage Fund Direct Growth,10.5015,2026-08-04
138875,INF223J013N7,,PGIM India Arbitrage Fund - Direct Plan - Growth,21.0376,2026-08-04
152109,INF879O01225,,Parag Parikh Arbitrage Fund - Direct Plan Growth,12.1085,2026-08-04
153426,INF966L01DW8,,quant Arbitrage Fund - Growth Option - Direct Plan,11.0336,2026-08-04
153090,INF0K1H01214,,Samco Arbitrage Fund - Direct Plan - Growth,10.95,2026-08-04
119574,INF200K01QU0,,SBI Arbitrage Opportunities Fund - Direct Plan - Gr,38.6154,2026-08-04
149550,INF173K01NF7,,Sundaram Arbitrage Fund (Formerly Known as Prinicpal Arbitrage Fund) - Direct Plan - Growth,16.3956,2026-08-04
149549,INF173K01NC4,INF173K01NE0,Sundaram Arbitrage Fund( Formerly Known as Principal Arbitrage Fund) - Direct Plan- Monthly Income Distribution CUM Capital Withdrawal,13.3297,2026-08-04
145727,INF277K018Q1,,TATA Arbitrage Fund Direct Plan - Monthly Payout of Income Distribution cum capital withdrawal option,15.6243,2026-08-04
145725,,INF277K019Q9,TATA Arbitrage Fund Direct Plan - Monthly Reinvestment of Income Distribution cum capital withdrawal option,15.6243,2026-08-04
145724,INF277K017Q3,,Tata Arbitrage Fund-Direct Plan-Growth,16.2637,2026-08-04
153891,INF2F0001271,,THE WEALTH COMPANY ARBITRAGE FUND DIRECT GROWTH,10.5612,2026-08-04
153804,INF0GCD01859,,TRUSTMF ARBITRAGE FUND -DIRECT PLAN-GROWTH,10.6312,2026-08-04
146297,INF582M01ES7,,Union Arbitrage Fund - Direct Plan - Growth Option,15.6004,2026-08-04
120795,INF789FB1RG6,,UTI Arbitrage Fund - Direct Plan - Growth Option,40.0835,2026-08-04
152849,INF03VN01910,,WhiteOak Capital Arbitrage Fund Direct Plan Growth,11.47,2026-08-04
152076,INF579M01AY9,,360 ONE Balanced Hybrid Fund- Direct Plan - Growth,13.9104,2026-08-04
154417,INF109K1A518,,ICICI Prudential Balanced Hybrid Fund - Direct Plan - Growth,10.18,2026-08-04
152132,INF03VN01829,,WhiteOak Capital Balanced Hybrid Fund Direct Plan Growth,13.975,2026-08-04
120705,INF209K01XH4,,Aditya Birla Sun Life Regular Savings Fund - Growth / Payment - Direct Plan,79.6605,2026-08-04
120480,INF846K01EA8,,Axis Conservative Hybrid Fund - Direct Plan - Growth Option,36.3591,2026-08-04
120478,INF846K01EB6,INF846K01EC4,Axis Conservative Hybrid Fund - Direct Plan - Half Yearly,13.5342,2026-08-04
120479,INF846K01ED2,INF846K01EE0,Axis Conservative Hybrid Fund - Direct Plan - Quarterly,12.8972,2026-08-04
118491,INF194K015B9,,BANDHAN Conservative Hybrid Fund-Direct Plan-Growth,37.5563,2026-08-04
150206,INF251K01HR8,,BARODA BNP PARIBAS Conservative Hybrid Fund - Direct Plan - Growth Option,57.8369,2026-08-04
118309,INF760K01GB4,,CANARA ROBECO CONSERVATIVE HYBRID FUND - DIRECT PLAN - GROWTH OPTION,116.3569,2026-08-04
118994,INF740K01NO5,,DSP Regular Savings Fund - Direct Plan - Growth,69.3993,2026-08-04
118574,INF090I01GF1,,Franklin India Conservative Hybrid Fund - Direct - GROWTH,102.8262,2026-08-04
119118,INF179K01XE6,,HDFC Hybrid Debt Fund - Growth Option - Direct Plan,90.2815,2026-08-04
120073,INF336L01DW4,,HSBC Conservative Hybrid Fund - Direct Growth,72.2351,2026-08-04
120616,INF109K01S39,,ICICI Prudential Regular Savings Fund - Direct Plan - Growth,88.1932,2026-08-04
120154,INF174K01JZ1,,Kotak Debt Hybrid - Growth - Direct,70.2315,2026-08-04
120155,INF174K01KA2,INF174K01KB0,Kotak Debt Hybrid - Monthly Payout of Income Distribution cum capital withdrawal option - Direct,13.5338,2026-08-04
120276,INF767K01EO7,,LIC MF Conservative Hybrid Fund-Direct Plan-Growth,95.1811,2026-08-04
118726,INF204K01YV4,,Nippon India Conservative Hybrid  Fund - Direct Plan Growth Plan - Growth Option,69.1943,2026-08-04
148958,INF879O01175,,Parag Parikh Conservative Hybrid Fund - Direct Plan - Growth,16.1965,2026-08-04
119839,INF200K01TS8,,SBI Conservative Hybrid Fund - Direct Plan - Growth,84.331,2026-08-04
119635,INF903J01OP6,,Sundaram Conservative Hybrid Fund (Formerly Known as Sundaram Debt Oriented Hybrid Fund) Direct Plan - Growth,32.947,2026-08-04
120779,INF789F01UJ7,,UTI Conservative Hybrid Fund - Direct Plan - Growth Option,77.5706,2026-08-04
120790,INF789F01UM1,,UTI Conservative Hybrid Fund - Direct Plan - Monthly Payment Option,76.3063,2026-08-04
131670,INF084M01DJ5,,Aditya Birla Sun Life Balanced Advantage Fund - Direct Plan - Growth Option,131.58,2026-08-04
141642,INF846K01A29,,Axis Balanced Advantage Fund - Direct Plan - Growth,24.54,2026-08-04
152194,INF0QA701656,,Bajaj Finserv Balanced Advantage Fund-Direct Plan-Growth,12.394,2026-08-04
131355,INF194KA1UH1,,BANDHAN Balanced Advantage Fund Direct Plan Growth,29.801,2026-08-04
127850,INF761K01BO6,,BANK OF INDIA BALANCED ADVANTAGE FUND DIRECT PLAN  GROWTH,28.9554,2026-08-04
145396,INF955L01HF7,,Baroda BNP Paribas Balanced Advantage Fund-Direct Plan-Growth Option,28.7841,2026-08-04
152688,INF760K01LD0,,Canara Robeco Balanced Advantage Fund - Direct Plan - Growth Option,10.68,2026-08-04
126393,INF740K01K81,,DSP Dynamic Asset Allocation Fund - Direct Plan - Growth,33.618,2026-08-04
118615,INF754K01BS2,,Edelweiss Balanced Advantage Fund -Direct Plan-Growth Option,61.81,2026-08-04
150481,INF090I01WQ5,,Franklin India Balanced Advantage Fund- Growth- Direct,15.5299,2026-08-04
118968,INF179K01WA6,,HDFC Balanced Advantage Fund - Growth Plan - Direct Plan,576.442,2026-08-04
151129,INF917K01IN1,,HSBC Balanced Advantage Fund - Direct Growth,52.2791,2026-08-04
120377,INF109K012B0,,ICICI Prudential Balanced Advantage Fund - Direct Plan -  Growth,89.75,2026-08-04
147789,INF00XX01689,,ITI Balanced Advantage Fund - Direct Plan - Growth Option,16.4762,2026-08-04
144335,INF174KA1210,,Kotak Balanced Advantage Fund  - Direct Plan -Growth Option,23.42,2026-08-04
144334,INF174KA1194,INF174KA1202,Kotak Balanced Advantage Fund -Direct Plan  -Payout of Income Distribution cum capital withdrawal option,23.42,2026-08-04
149261,INF767K01QY0,,LIC MF Balanced Advantage Fund-Direct Plan-Growth,14.9859,2026-08-04
150470,INF769K01IN6,,Mirae Asset Balanced Advantage Fund Direct Plan- Growth,15.631,2026-08-04
139872,INF247L01635,,Motilal Oswal Balanced Advantage Fund  (MOFDYNAMIC) - Direct Plan - Growth Option,21.6741,2026-08-04
118736,INF204K01G94,,Nippon India Balanced Advantage Fund - Direct Plan Growth Plan - Growth Option,212.7457,2026-08-04
148658,INF663L01V49,,PGIM India Balanced Advantage Fund -  Direct Plan - Growth Option,16.88,2026-08-04
152468,INF879O01266,,Parag Parikh Dynamic Asset Allocation Fund - Direct Plan Growth,11.9011,2026-08-04
151713,INF966L01BL5,,quant Dynamic Asset Allocation Fund - Growth Option - Direct Plan,17.3427,2026-08-04
152188,INF0K1H01131,,Samco Dynamic Asset Allocation Fund - Direct Plan - Growth Option,10.7,2026-08-04
149134,INF200KA1Y73,,SBI Balanced Advantage Fund - Direct Plan - Growth,16.8506,2026-08-04
147406,INF680P01208,,Shriram Balanced Advantage Fund - Direct Growth,19.2124,2026-08-04
149717,INF173K01FI7,,Sundaram Balanced Advantage Fund ( Formerly Known as Principal Balanced Advantage Fund) - Direct Plan - Growth Option,42.3914,2026-08-04
149718,INF173K01FF3,INF173K01FG1,Sundaram Balanced Advantage Fund (Formerly Known as Principal Balanced Advantage Fund) - Direct Plan - Monthly Income Distribution CUM Capital Withdrawal Option,17.8991,2026-08-04
146006,INF277K014S6,,TATA Balanced Advantage Fund Direct Plan - Payout of Income Distribution cum capital withdrawal option,23.0778,2026-08-04
146008,,INF277K015S3,TATA Balanced Advantage Fund Direct Plan - Reinvestment of Income Distribution cum capital withdrawal option,23.0778,2026-08-04
146010,INF277K013S8,,Tata Balanced Advantage Fund-Direct Plan-Growth,23.9462,2026-08-04
154185,INF2F0001479,,The Wealth Company Balanced Advantage Fund - Direct Growth,10.1525,2026-08-04
153376,INF1MIY01015,,Unifi Dynamic Asset Allocation Fund - Direct Growth,11.2041,2026-08-04
142038,INF582M01DE9,,Union Balanced Advantage Fund - Direct Plan - Growth Option,22.67,2026-08-04
120784,,,UTI - Unit Linked Insurance Plan- Direct,47.2725,2026-08-04
151885,INF789F1AYV3,,UTI Balanced Advantage Fund - Direct Plan - Growth Option,13.2707,2026-08-04
151267,INF03VN01738,,WhiteOak Capital Balanced Advantage Fund Direct Plan Growth,15.754,2026-08-04
132995,INF209KA1TP9,,Aditya Birla Sun Life Equity Savings Fund - Direct Plan - Growth,26.18,2026-08-04
135120,INF846K01VJ3,,Axis Equity Savings Fund - Direct Plan - Growth,26.75,2026-08-04
153758,INF0QA701BT9,,BAJAJ FINSERV EQUITY SAVINGS FUND - DIRECT - GROWTH,10.589,2026-08-04
118477,INF194K01Z02,,BANDHAN Equity Savings Fund-Direct Plan-Growth,36.72,2026-08-04
147496,INF955L01IL3,,Baroda BNP Paribas Equity Savings Fund - Direct Plan - Growth,18.8047,2026-08-04
136567,INF740KA1504,,DSP Equity Savings Fund - Direct Plan - Growth,25.377,2026-08-04
140350,INF843K01KD6,,Edelweiss Equity Savings Fund - Direct Plan - Bonus Option,30.3404,2026-08-04
140347,INF843K01KC8,,Edelweiss Equity Savings Fund - Direct Plan - Growth Option,30.3275,2026-08-04
144466,INF090I01PD7,,Franklin India Equity Savings Fund- Growth Direct,18.8364,2026-08-04
119128,INF179K01XT4,,HDFC Equity Savings Fund - Growth Option - Direct Plan,77.3,2026-08-04
151060,INF917K01GE4,,HSBC Equity Savings Fund - Direct Growth,41.3137,2026-08-04
133054,INF109KA11J9,,ICICI Prudential Equity Savings Fund - Direct Plan - Cumulative option,25.26,2026-08-04
131373,INF174K01D28,,Kotak Equity Savings Fund - Direct - Growth,30.7513,2026-08-04
131375,INF174K01D36,INF174K01D51,Kotak Equity Savings Fund - Direct - Monthly Payout of Income Distribution cum capital withdrawal option,22.0765,2026-08-04
151952,INF397L01AZ5,,LIC MF Equity Savings Fund-Direct Plan-Growth,32.683,2026-08-04
140444,INF174V01184,,Mahindra Manulife Equity Savings Fund - Direct Plan -Growth,25.7442,2026-08-04
145693,INF769K01EK1,,Mirae Asset Equity Savings Fund- Direct Plan- Growth,23.15,2026-08-04
134595,INF204KA1W85,,Nippon India Equity Savings Fund- Direct Plan- Growth Plan- Bonus Option,18.4826,2026-08-04
134594,INF204KA1W77,,Nippon India Equity Savings Fund- Direct Plan- Growth Plan-Growth Option,18.4826,2026-08-04
138376,INF223J01QD0,,PGIM India Equity Savings Fund - Direct Plan - Growth,58.6452,2026-08-04
153705,INF966L01EC8,,quant Equity Savings Fund - Growth Option - Direct Plan,10.8588,2026-08-04
134643,INF200KA1DF3,,SBI Equity Savings Fund - Direct Plan - Growth,27.5314,2026-08-04
149679,INF173K01GZ9,,Sundaram Equity Savings Fund (Formerly Known as Principal Equity Savings Fund) - Direct Plan - Growth Option,84.587,2026-08-04
144312,INF582M01EC1,,Union Equity Savings Fund - Direct Plan - Growth Option,18.29,2026-08-04
144490,INF789F1A777,,UTI Equity Savings Fund - Direct Plan - Growth Option,20.4974,2026-08-04
153355,INF03VN01AB7,,WhiteOak Capital Equity Savings Fund Direct Plan Growth,11.823,2026-08-04
151307,INF209KB15R9,,Aditya Birla Sun Life Multi Asset Allocation Fund-Direct Growth,17.8601,2026-08-04
120524,INF846K01EV4,,Axis Multi Asset Allocation Fund - Direct Plan - Growth Option,53.0809,2026-08-04
152639,INF0QA701821,,Bajaj Finserv Multi Asset Allocation Fund - Direct Growth,12.7684,2026-08-04
152396,INF761K01FZ3,,Bank of India Multi Asset Allocation Fund-Direct Plan-Growth,13.004,2026-08-04
150865,INF251K01RF2,,Baroda BNP Paribas Multi Asset Fund - Direct Plan - Growth Option,17.1206,2026-08-04
153465,INF760K01LH1,,Canara Robeco Multi Asset Allocation Fund - Direct Plan - Growth,11.45,2026-08-04
154232,INF226401059,,Capitalmind Multi Asset Allocation Fund-Direct-Growth,10.0287,2026-08-04
151792,INF754K01RS8,,Edelweiss Multi Asset Allocation Fund - Direct Plan - Growth,12.6004,2026-08-04
153731,INF090I01YH0,,Franklin India Multi Asset Allocation Fund- Direct-Growth,11.2566,2026-08-04
153821,INF666M01MA9,,Groww Multi Asset Allocation Fund Direct Growth,10.4059,2026-08-04
119131,INF179K01XW8,,HDFC Multi-Asset Fund - Growth Option - Direct Plan,85.341,2026-08-04
152380,INF336L01RI3,,HSBC Multi Asset Allocation Fund - Direct - Growth,14.3417,2026-08-04
154423,INF192K01NQ4,,JM Multi Asset Allocation Fund (Direct) - Growth Option,10.1485,2026-08-04
153246,INF767K01RZ5,,LIC MF Multi Asset Allocation Fund-Direct Plan-Growth,12.4643,2026-08-04
152443,INF174V01BW2,,Mahindra Manulife Multi Asset Allocation Fund- Direct Plan - Growth,14.4158,2026-08-04
152344,INF769K01KZ6,,Mirae Asset Multi Asset Allocation Fund - Direct Plan - Growth,14.106,2026-08-04
153987,INF663L010A3,,PGIM India Multi Asset Allocation Fund - Direct Plan - Growth Option,10.66,2026-08-04
120821,INF966L01580,,quant Multi Asset Allocation Fund-GROWTH OPTION-Direct Plan,183.3129,2026-08-04
152474,INF082J01457,,Quantum Multi Asset Allocation Fund - Direct Plan Growth Option,12.42,2026-08-04
152051,INF680P01406,,Shriram Multi Asset Allocation Fund - Direct Growth,13.991,2026-08-04
152314,INF903JA1LK9,,Sundaram Multi Asset Allocation Fund Direct Plan Growth,13.7602,2026-08-04
153999,INF2F0001347,,The Wealth Company Multi Asset Allocation Fund - Direct Growth,10.8539,2026-08-04
152787,INF582M01JY4,,Union Multi Asset Allocation Fund- Direct Plan - Growth Option,12.51,2026-08-04
120760,INF789F01VE6,,UTI Multi Asset Allocation Fund - Direct Plan - Growth Option,89.4614,2026-08-04
143537,INF205K014Q7,,Invesco India Aggressive Hybrid Fund - Direct Plan - Growth,24.6157,2026-08-04
147446,INF174V01788,,Mahindra Manulife Aggressive Hybrid Fund - Direct Plan -Growth,30.8593,2026-08-04
154392,INF03VN01AF8,,WhiteOak Capital Aggressive Hybrid Fund Direct Plan Growth,10.449,2026-08-04
130787,INF205K01P68,,Invesco India Arbitrage Fund - Direct Plan - Annual Bonus,37.136,2026-08-04
120401,INF205K01KR8,,Invesco India Arbitrage Fund - Direct Plan - Growth Option,37.1524,2026-08-04
150367,INF0J8L01065,,NJ Arbitrage Fund - Direct Plan - Growth Option,13.113,2026-08-04
152509,INF0R8701145,,Helios Balanced Advantage Fund- Direct Plan- Growth Option,12.0,2026-08-04
120333,INF205K01LN5,,Invesco India Balanced Advantage Fund - Direct Plan - Growth,64.08,2026-08-04
149406,INF174V01BE0,,Mahindra Manulife Balanced Advantage Fund - Direct Plan - Growth,16.2948,2026-08-04
149264,INF0J8L01040,,NJ Balanced Advantage Fund - Direct Plan - Growth Option,14.76,2026-08-04
146457,INF205KA1049,,Invesco India Equity Savings Fund - Direct Plan - Growth,19.0236,2026-08-04
154438,INF2VOA01012,,ALPHAGREP MULTI ASSET ALLOCATION FUND-DIRECT-GROWTH,10.0948,2026-08-04
151107,INF917K01HH5,,HSBC Banking and PSU Debt Fund - Direct Growth,27.1916,2026-08-04
120444,INF205K01KT4,,Invesco India Banking and PSU Fund - Direct Plan -  Growth Option,2578.7319,2026-08-04
120497,INF205K01RF8,,Invesco India Corporate Bond Fund - Direct Plan - Growth,3623.6814,2026-08-04
133791,INF178L01BY0,,Kotak Corporate Bond Fund- Direct Plan- Growth Option,4197.5739,2026-08-04
133792,INF178L01BZ7,,Kotak Corporate Bond Fund- Direct Plan- Monthly Payout of Income Distribution cum capital withdrawal option,1073.9662,2026-08-04
130722,INF205K01I83,,Invesco India Credit Risk Fund - Direct Plan - Growth,2343.2435,2026-08-04
151087,INF917K01HA0,,HSBC Dynamic Bond Fund - Direct Growth,33.4626,2026-08-04
149029,INF00XX01BC4,,ITI Dynamic Term Fund - Direct Plan - Growth Option,13.5175,2026-08-04
120520,INF205K01SN0,,Invesco India Gilt Fund - Direct  Plan - Growth,3252.3827,2026-08-04
154051,INF2JJD01029,,Abakkus Liquid Fund - Direct Plan - Growth,103.8145,2026-08-04
120537,INF205K01MF9,,Invesco India Liquid Fund - Direct Plan - Growth,3872.7228,2026-08-04
119764,,INF174K01NH1,Kotak Liquid Fund - Direct Plan - Daily Reinvestment of Income Distribution cum capital withdrawal option,1222.81,2026-08-04
119766,INF174K01NE8,,Kotak Liquid Fund - Direct Plan - Growth,5701.1591,2026-08-04
153585,INF174KA1WL3,INF174KA1WJ7,Kotak Liquid Fund - Direct Plan - Weekly - Reinvestment & Payout of Income Distribution cum capital withdrawal option,1010.1138,2026-08-04
120304,INF789F1AD46,,UTI Liquid Fund - Direct Plan - Growth Option,462.6724,2026-08-04
149011,INF205KA1429,,Invesco India Medium Duration Fund - Direct Plan - Growth,1358.5513,2026-08-04
120507,INF205K01RY9,,Invesco India Money Market Fund - Direct Plan - Growth,3378.8772,2026-08-04
119746,INF174K01MW2,,Kotak Money Market Fund - (Growth) - Direct,4865.8699,2026-08-04
119747,INF174K019O8,INF174K01MX0,Kotak Money Market Fund - (Monthly Payout of Income Distribution cum capital withdrawal option) - Direct,1294.0852,2026-08-04
154413,INF2KCX01087,,Choice Overnight Fund - Growth Option - Direct Plan,100.4485,2026-08-04
152152,INF0R8701079,,Helios Overnight Fund - Direct Plan - Growth Option,1175.3906,2026-08-04
147883,INF205KA1163,,Invesco India Overnight Fund - Direct Plan - Growth,1385.1517,2026-08-04
150369,INF0J8L01081,,NJ Overnight Fund - Direct Plan - Growth Option,1268.5756,2026-08-04
120560,INF205K01UH8,,Invesco India Short Duration Fund - Direct Plan - Growth,4196.939,2026-08-04
135500,INF174K01Z14,INF174K01Z22,Kotak Bond Short Term Plan - Direct - Standard Income Distribution cum capital withdrawal option,16.2315,2026-08-04
119739,INF174K01JI7,,Kotak Bond Short Term Plan-(Growth) - Direct,61.1694,2026-08-04
120541,INF205K01TH0,,Invesco India Ultra Short Duration Fund - Direct Plan - Growth,3090.9005,2026-08-04
148913,INF00XX01AE2,,ITI Ultra Short Term Fund - Direct Plan - Growth Option,1370.9812,2026-08-04
119750,INF174K01JP2,,Kotak Savings Fund-Growth - Direct,48.166,2026-08-04
119751,INF174K01JQ0,,Kotak Savings Fund-Monthly Payout of Income Distribution cum capital withdrawal option - Direct,20.7672,2026-08-04
120570,INF205K01NY8,,Invesco India Low Duration Fund - Direct Plan - Growth,4216.2931,2026-08-04
151593,INF205KA1775,,Invesco India Nifty G-sec Jul 2027 Index Fund - Direct Plan - Growth,1272.809,2026-08-04
151597,INF205KA1817,,Invesco India Nifty G-sec Sep 2032 Index Fund - Direct Plan - Growth,1302.76,2026-08-04
154467,INF200KB1BO8,,SBI Crisil - IBX SDL Index - June 2034 Index Fund - Direct Plan - Growth,10.0451,2026-08-04
153736,INF209KC1589,,Aditya Birla Sun Life BSE 500 Momentum 50 Index Fund-Direct Growth,10.9055,2026-08-04
153740,INF209KC1613,,Aditya Birla Sun Life BSE 500 Quality 50 Index Fund - Direct Growth,11.0162,2026-08-04
153081,INF209KC1332,,Aditya Birla Sun Life BSE India Infrastructure Index Fund-Direct Growth,9.3634,2026-08-04
148962,INF209KB1Z71,,Aditya Birla Sun Life Nifty 50 Equal Weight Index Fund-Direct Growth,19.6211,2026-08-04
152798,INF209KC1183,,Aditya Birla Sun Life Nifty India Defence Index Fund-Direct Growth,13.4796,2026-08-04
148807,INF209KB1W74,,Aditya Birla Sun Life Nifty Midcap 150 Index Fund-Direct Growth,26.4112,2026-08-04
149838,INF209KB10G3,,Aditya Birla Sun Life Nifty Next 50 Index Fund-Direct Growth,18.4685,2026-08-04
148815,INF209KB1W17,,Aditya Birla Sun Life Nifty Smallcap 50 Index Fund-Direct Growth,23.8853,2026-08-04
154340,INF205KA1BM8,,Invesco India BSE Sensex Index Fund - Direct Plan - Growth,10.3008,2026-08-04
154343,INF205KA1BO4,,Invesco India Nifty Bank Index Fund - Direct Plan - Growth,10.7003,2026-08-04
154493,INF769K01RG1,,Mirae Asset Nifty200 Momentum 30 Plus 8-13yr G-Sec 75:25 Index Fund - Direct Plan - Growth,10.235,2026-08-04
154436,,,Zerodha Life Cycle Fund 2036 - Direct - Growth,10.0785,2026-08-04
154437,,,Zerodha Life Cycle Fund 2041 - Direct - Growth,10.0952,2026-08-04
120546,INF209K01YU5,,Aditya Birla Sun Life Gold Fund - Growth - Direct Plan,42.7361,2026-08-04
153827,INF1J2R01098,,ANGEL ONE GOLD ETF FOF- DIRECT GROWTH,12.8977,2026-08-04
154206,INF1J2R01155,,ANGEL ONE SILVER ETF FOF -DIRECT GROWTH,7.5247,2026-08-04
154078,INF846KA1408,,Axis Gold and Silver Passive FOF - Direct Plan - Growth,10.3081,2026-08-04
120473,INF846K01DS2,,Axis Gold Fund - Direct Plan - Growth option,44.706,2026-08-04
149847,INF846K011G9,,Axis Multi Factor Passive FoF - Direct Plan - Growth Option,15.8963,2026-08-04
150615,INF846K015J4,,Axis Silver Fund of Fund- Direct Plan-Growth Option,37.2049,2026-08-04
118485,INF194K012B6,,Bandhan Aggressive Hybrid Passive FOF - Direct Plan - Growth,54.6985,2026-08-04
118486,INF194K016A9,,Bandhan Conservative Hybrid Passive FOF - Direct Plan - Growth,37.623,2026-08-04
154129,INF194KB1KL3,,Bandhan Gold ETF FOF-Direct-Growth,9.2887,2026-08-04
118410,INF194K01U72,,Bandhan Income Plus Arbitrage Active FOF - Direct Plan - Growth,49.1649,2026-08-04
118489,INF194K019A3,,Bandhan Multi-Asset Passive FOF - Direct Plan - Growth,45.1622,2026-08-04
154136,INF194KB1KN9,,Bandhan Silver ETF FOF-Direct-Growth,7.1144,2026-08-04
153795,INF251K01VF4,,Baroda BNP Paribas Gold ETF Fund of Funds Direct Growth,14.1393,2026-08-04
153536,INF251K01UT7,,Baroda BNP Paribas Income Plus Arbitrage Active FOF Direct Growth,10.7327,2026-08-04
153552,INF251K01UO8,,Baroda BNP Paribas Multi Asset Active FOF Direct Growth,11.3693,2026-08-04
152183,INF740KA1TK6,,DSP Gold ETF Fund of Fund - Direct - Growth,22.3164,2026-08-04
153487,INF740KA1VZ0,,DSP Silver ETF Fund of Fund - Direct - Growth,22.5199,2026-08-04
154200,INF666M01NX9,,Groww BSE Hospitals ETF FOF Direct Growth,11.2164,2026-08-04
153745,INF666M01LN4,,Groww BSE Power ETF FOF Direct Growth,11.8456,2026-08-04
152980,INF666M01IX9,,Groww Gold ETF FOF - DIRECT - GROWTH,17.401,2026-08-04
153328,INF666M01JQ1,,Groww Nifty 200 ETF FOF - Direct - Growth,11.8333,2026-08-04
153453,INF666M01JX7,,Groww Nifty 500 Momentum 50 ETF FOF - Direct Plan - Growth,10.6703,2026-08-04
153908,INF666M01MG6,,Groww Nifty Capital Markets ETF FOF Direct Growth,11.2875,2026-08-04
152770,INF666M01IL4,,Groww Nifty EV & New Age Automotive ETF FOF- Direct Plan - Growth,10.134,2026-08-04
152925,INF666M01IQ3,,Groww Nifty India Defence ETF FOF - Direct Growth,13.8164,2026-08-04
153626,INF666M01LC7,,Groww Nifty India Internet ETF FOF - Direct - Growth,10.1554,2026-08-04
154164,INF666M01NR1,,Groww Nifty PSE ETF FOF Direct Growth,9.6112,2026-08-04
153525,INF666M01KQ9,,Groww Silver ETF FOF - Direct - Growth,21.0609,2026-08-04
153860,INF179KC1JU4,,HDFC Diversified Equity All Cap Active FOF - Direct Plan - Growth Plan,10.3973,2026-08-04
119132,INF179K01VX0,,HDFC Gold ETF Fund of Fund - Direct Plan,44.2081,2026-08-04
130543,INF179KA1SC5,,HDFC Income Plus Arbitrage Active FOF - Growth Option - Direct Plan,45.6779,2026-08-04
154262,INF179KC1KE6,,HDFC INCOME PLUS ARBITRAGE OMNI FOF - GROWTH OPTION - DIRECT PLAN,10.3399,2026-08-04
148903,INF179KC1BA3,,HDFC Multi-Asset Active FOF - Growth Option -Direct Plan,20.933,2026-08-04
150737,INF179KC1DU7,,HDFC Silver ETF Fund of Fund - Growth Option - Direct Plan,35.7812,2026-08-04
143903,INF109KC1FX1,,ICICI Prudential BHARAT 22 FOF - Direct Plan Cumulative Option,34.2213,2026-08-04
149331,INF109KC1V91,,ICICI Prudential BSE 500 ETF FOF - Direct Plan - Growth,16.1995,2026-08-04
120702,INF109K01X73,,ICICI Prudential Diversified Debt Strategy Active FOF  - Direct Plan - Growth,49.8315,2026-08-04
154266,INF109K1A468,,ICICI Prudential Diversified Equity All Cap Active FOF - Direct Plan - Growth,11.0948,2026-08-04
120685,INF109K01U92,,ICICI Prudential Gold ETF FOF - Direct Plan - Growth,45.2996,2026-08-04
120313,INF109K01W82,,ICICI Prudential Income plus Arbitrage Omni FOF - Direct Plan - Growth,71.884,2026-08-04
120242,INF109K01W58,,ICICI Prudential Multi Sector Passive FOF - Direct Plan - Growth,179.9307,2026-08-04
148822,INF109KC1P81,,ICICI Prudential Nifty 100 Low Volatility 30 ETF FOF - Direct Plan - Growth,18.8003,2026-08-04
149158,INF109KC1R89,,ICICI Prudential Nifty Alpha Low - Volatility 30 ETF FOF - Direct Plan - Growth,15.4348,2026-08-04
153394,INF109K1A120,,ICICI Prudential Nifty EV & New Age Automotive ETF FOF - Direct Plan - Growth,12.5587,2026-08-04
149775,INF109KC1Y98,,ICICI Prudential Silver ETF FOF - Direct Plan - Growth,33.1869,2026-08-04
119781,INF174K01MP6,,Kotak Gold Fund Growth - Direct,57.2189,2026-08-04
119780,INF174K01MQ4,INF174K01MR2,Kotak Gold Fund Payout of Income Distribution cum capital withdrawal option- Direct,57.2184,2026-08-04
153921,INF174KA1XT4,,Kotak Gold Silver Passive FOF - Direct Plan - Growth,14.306,2026-08-04
150822,INF174KA1KJ2,,Kotak Income Plus Arbitrage Omni FOF-Direct Plan-Growth,13.209,2026-08-04
154275,INF174KA1ZG6,,Kotak Multi Factor Passive FOF - Direct- Growth,11.201,2026-08-04
151603,INF174KA1MQ3,,Kotak Silver ETF Fund of Fund - Direct Plan - Growth Option,28.9354,2026-08-04
151974,INF397L01BU4,,LIC MF Gold ETF Fund of Fund-Direct Plan-Growth,38.7174,2026-08-04
154007,INF174V01CU4,,Mahindra Manulife Income Plus Arbitrage Active FOF  - Direct - Growth,10.4362,2026-08-04
153380,INF769K01OE3,,Mirae Asset BSE 200 Equal Weight ETF Fund of Fund - Direct Plan - Growth,11.97,2026-08-04
154187,INF769K01QG3,,Mirae Asset BSE India Defence ETF FOF - Direct Plan - Growth,11.719,2026-08-04
153385,INF769K01OK0,,Mirae Asset BSE Select IPO ETF Fund of Fund - Direct Plan - Growth,11.693,2026-08-04
148500,INF769K01GE9,,Mirae Asset Diversified Equity Allocator Passive FOF - Direct Plan - Growth,25.67,2026-08-04
153007,INF769K01MV1,,Mirae Asset Gold ETF Fund of Fund - Direct Plan - Growth,17.866,2026-08-04
153812,INF769K01PM3,,Mirae Asset Gold Silver Passive FoF - Direct Plan - Growth,15.863,2026-08-04
149381,INF769K01HU3,,Mirae AssetHang Seng TECH ETF Fund of Fund Direct Plan - Growth Option,12.271,2026-08-04
153638,INF769K01OY1,,Mirae Asset Income plus Arbitrage Active FOF - Direct Plan - Growth,10.636,2026-08-04
148574,INF769K01GQ3,,Mirae Asset Nifty 100 ESG Sector Leaders Fund of Fund Direct Growth,18.657,2026-08-04
149790,INF769K01HZ2,,Mirae Asset Nifty India Manufacturing ETF FOF - Direct Plan - Growth,20.937,2026-08-04
153192,INF769K01NP1,,Mirae Asset Nifty India New Age Consumption ETF Fund of Fund - Direct Plan - Growth,10.007,2026-08-04
154216,INF769K01QM1,,Mirae Asset Nifty Metal ETF FOF - Direct Plan - Growth,10.481,2026-08-04
152645,INF769K01LN0,,Mirae Asset Nifty MidSmallcap400 Momentum Quality 100 ETF Fund of Fund - Direct Plan - Growth,10.422,2026-08-04
152459,INF769K01LG4,,Mirae Asset Nifty Smallcap 250 Momentum Quality 100 ETF Fund of Fund - Direct Plan - Growth,10.564,2026-08-04
152718,INF769K01LU5,,Mirae Asset Nifty200 Alpha 30 ETF Fund of Fund - Direct Plan - Growth,9.214,2026-08-04
154279,INF769K01QS8,,Mirae Asset Silver ETF FOF - Direct Plan - Growth,9.672,2026-08-04
149240,INF247L01AQ1,,Motilal Oswal 5 Year G-Sec Fund Of Fund Direct -Growth,13.2811,2026-08-04
154112,INF247L01GL9,,Motilal Oswal Diversified Equity Flexicap Passive Fund of Funds- Direct - Growth,10.8379,2026-08-04
150642,INF247L01BM8,,Motilal Oswal Gold and Silver Passive Fund of Funds(Direct Plan),28.9998,2026-08-04
154239,INF247L01GT2,,Motilal Oswal Multi Factor Passive Fund of Funds - Direct,10.4692,2026-08-04
145552,INF247L01718,,Motilal Oswal Nasdaq 100 Fund of Fund- Direct Plan Growth,66.7546,2026-08-04
148642,INF204KB16X6,,Nippon India Diversified Equity Flexicap Passive FoF - Direct Plan - Growth Option,21.7269,2026-08-04
118663,INF204K01YC4,,Nippon India Gold Savings Fund - Direct Plan Growth Plan - Growth Option,56.4592,2026-08-04
153600,INF204KC1FJ4,,Nippon India Income Plus Arbitrage Active Fund of Fund- Direct Plan- Growth Option,10.6894,2026-08-04
148666,INF204KB16Y4,,Nippon India Multi - Asset Omni FoF - Direct Plan - Growth Option,25.02,2026-08-04
146513,INF204KB1X25,,Nippon India Nifty Next 50 Junior BeES FoF - Direct Plan - Growth Plan - Growth Option,28.0047,2026-08-04
149760,INF204KC1378,,Nippon India Silver ETF FOF- Direct Plan-Growth Option,33.0439,2026-08-04
115132,INF082J01150,,Quantum Gold ETF FOF - Direct Plan Growth Option,54.2362,2026-08-04
119788,INF200K01RP8,,SBI GOLD FUND- DIRECT PLAN - GROWTH,43.3144,2026-08-04
153498,INF200KB1753,,SBI Income Plus Arbitrage Active FOF- Direct Plan- Growth,10.737,2026-08-04
153501,INF200KB1761,INF200KB1779,SBI Income Plus Arbitrage Active FOF- Direct Plan- Income Distribution Cum Capital Withdrawal Option,10.7369,2026-08-04
152735,INF200KB1233,,SBI Silver ETF Fund of Fund- Direct Plan - Growth,23.1254,2026-08-04
152287,INF277KA1869,,Tata Gold ETF Fund of Fund Direct Plan Growth Option,21.7688,2026-08-04
153513,INF277KA1DT2,,Tata Income Plus Arbitrage Active FOF - Direct Plan Growth Option,10.6888,2026-08-04
150344,INF277KA1430,,Tata Nifty India Digital ETF Fund of Fund-Direct Plan-Growth,14.0515,2026-08-04
152293,INF277KA1943,,Tata Silver ETF Fund of Fund Direct Plan Growth Option,28.4463,2026-08-04
154131,INF2F0001412,,THE WEALTH COMPANY GOLD ETF FOF DIRECT GROWTH,9.0117,2026-08-04
153824,INF582M01LZ7,,Union Diversified Equity All Cap Active FOF - Direct Plan - Growth Option,10.892,2026-08-04
153340,INF582M01LA0,,Union Gold ETF Fund of Fund - Direct Plan - Growth Option,16.1718,2026-08-04
153575,INF582M01LF9,,Union Income Plus Arbitrage Active FOF - Direct Plan - Growth Option,10.5003,2026-08-04
150714,INF789F1AWB9,,UTI Gold ETF Fund of Fund - Direct Plan - Growth Option,27.2674,2026-08-04
153442,INF789F1AB55,,UTI Income Plus Arbitrage Active Fund of Fund - Direct Plan - Growth Option,10.8659,2026-08-04
151731,INF789F1AYL4,,UTI Silver ETF Fund of Fund - Direct Plan - Growth Option,27.7228,2026-08-04
153011,INF0R8F01083,,Zerodha Gold ETF FoF-Direct Plan - Growth Option,18.5072,2026-08-04
153757,INF0R8F01117,,Zerodha Multi Asset Passive FoF - Direct - Growth,11.4731,2026-08-04
153656,INF0R8F01109,,Zerodha Silver ETF FoF - Direct Growth,19.7535,2026-08-04
149230,INF174V01AY0,,Mahindra Manulife Asia Pacific REITs FOF - Direct Plan - Growth,11.4331,2026-08-04
150702,INF209KB14N1,,Aditya Birla Sun Life Crisil IBX 50:50 Gilt Plus SDL Apr 2028 Index Fund-Direct Growth,13.3153,2026-08-04
150353,INF209KB19H2,,Aditya Birla Sun Life Crisil IBX 60:40 SDL+AAA PSU-Apr 2027 Index Fund-Direct Growth,13.0987,2026-08-04
150778,INF209KB12O3,,Aditya Birla Sun Life Crisil IBX Gilt-Apr-2029 Index Fund-Direct Growth,13.4288,2026-08-04
151577,INF209KB11U2,,Aditya Birla Sun Life Crisil IBX Gilt Apr 2028 Index Fund-Direct Growth,12.6502,2026-08-04
152267,INF209KB19Y7,,Aditya Birla Sun Life Crisil IBX Gilt Apr 2033 Index Fund-Direct Growth,12.2906,2026-08-04
152659,INF209KC1076,,Aditya Birla Sun Life Crisil IBX Gilt June 2027 Index Fund-Direct Growth,11.6437,2026-08-04
151427,INF209KB14S0,,Aditya Birla Sun Life CRISIL IBX SDL Jun 2032 INDEX FUND - Direct Growth,13.1246,2026-08-04
153030,INF209KC1290,,Aditya Birla Sun Life Crisil-IBX AAA Financial Services Index-Sep 2027 Fund-Direct Growth,11.3509,2026-08-04
152947,INF209KC1217,,Aditya Birla Sun Life Crisil-IBX AAA NBFC-HFC Index-Sep 2026 Fund-Direct Growth,11.4483,2026-08-04
153179,INF209KC1456,,Aditya Birla Sun Life Crisil-IBX financial Services 3 to 6 months Debt Index Fund-Direct Growth,11.2177,2026-08-04
153443,INF209KC1498,,Aditya Birla Sun Life Crisil-IBX Financial Services 9-12 Months Debt Index Fund-Direct Growth,10.9873,2026-08-04
119648,INF209K01VY3,,Aditya Birla Sun Life Nifty 50 Index Fund - Growth - Direct Plan,257.1322,2026-08-04
149794,INF209KB11F3,,Aditya Birla Sun Life Nifty SDL Apr 2027 Index Fund-Direct Growth,13.2647,2026-08-04
149199,INF209KB18B7,,Aditya Birla Sun Life Nifty SDL Plus PSU Bond SEP 2026 60:40 Index Fund-Direct Growth,13.2512,2026-08-04
151562,INF209KB16T3,,Aditya Birla Sun Life Nifty SDL SEP 2027 Index Fund-Direct Growth,12.9135,2026-08-04
153529,INF1J2R01072,,ANGEL ONE NIFTY 50 INDEX FUND-DIRECT-GROWTH,10.1417,2026-08-04
153330,INF1J2R01023,,ANGEL ONE NIFTY TOTAL MARKET INDEX FUND DIRECT PLAN GROWTH OPTION,12.0812,2026-08-04
153956,INF1J2R01122,,ANGEL ONE NIFTY TOTAL MARKET MOMENTUM QUALITY 50 INDEX FUND - DIRECT GROWTH,10.1667,2026-08-04
154171,INF846KA1424,,Axis BSE India Sectors Leaders Index Fund- Direct Plan- Growth Option,9.7845,2026-08-04
152422,INF846K012V6,,Axis BSE Sensex Index Fund - Direct Plan - Growth,11.045,2026-08-04
151300,INF846K010N7,,Axis CRISIL IBX 50:50 Gilt Plus SDL June 2028 Index Fund - Direct Plan - Growth,12.9146,2026-08-04
151435,INF846K012O1,,AXIS CRISIL IBX 50:50 Gilt Plus SDL September 2027 Index Fund- DIRECT PLAN-GROWTH,12.8943,2026-08-04
149873,INF846K017G6,,Axis CRISIL IBX SDL May 2027 Index Fund - Direct Plan - Growth,13.1808,2026-08-04
153051,INF846K015Y3,,Axis CRISIL-IBX AAA Bond Financial Services - Sep 2027 Index Fund - Direct Plan - Growth Option,11.3024,2026-08-04
152887,INF846K017X1,,Axis CRISIL-IBX AAA Bond NBFC - Jun 2027 Index Fund - Direct Plan - Growth Option,11.4913,2026-08-04
153172,INF846KA1028,,Axis CRISIL-IBX AAA Bond NBFC-HFC - Jun 2027 Index Fund - Direct Plan - Growth option,11.2537,2026-08-04
153879,INF846KA1226,,Axis CRISIL-IBX Financial Services 3-6 Months Debt Index Fund - Direct Plan - Growth option,10.5843,2026-08-04
147666,INF846K01S29,,Axis Nifty 100 Index Fund - Direct Plan - Growth Option,23.0681,2026-08-04
149373,INF846K013D2,,Axis Nifty 50 Index Fund - Direct Plan - Growth,14.9741,2026-08-04
152731,INF846K019W9,,Axis Nifty 500 Index Fund - Direct Plan - Growth Option,10.413,2026-08-04
152629,INF846K015W7,,Axis Nifty Bank Index Fund - Direct Plan - Growth Option,11.978,2026-08-04
154348,INF846KA1549,,Axis Nifty Capital Markets Index Fund- Direct Plan,9.4406,2026-08-04
154326,INF846KA1523,,Axis Nifty India Defence Index Fund - Direct Plan - Growth,10.441,2026-08-04
151785,INF846K017R3,,Axis Nifty IT Index Fund - Direct Plan - Growth,11.065,2026-08-04
149936,INF846K019H0,,Axis Nifty Midcap 50 Index Fund - Direct Plan - Growth Option,22.165,2026-08-04
149466,INF846K019E7,,Axis Nifty Next 50 Index Fund - Direct Plan - Growth,18.431,2026-08-04
150854,INF846K018K6,,Axis Nifty SDL September 2026 Debt Index Fund - Direct Plan - Growth,12.9633,2026-08-04
149894,INF846K013H3,,Axis Nifty Smallcap 50 Index Fund - Direct Plan - Growth Option,20.7621,2026-08-04
154460,INF846KA1564,,Axis Nifty50 Equal Weight Index Fund-Direct Plan- Growth Option,10.368,2026-08-04
153244,INF846KA1044,,Axis Nifty500 Momentum 50 Index Fund - Direct Plan - Growth Option,11.1979,2026-08-04
153829,INF846KA1200,,Axis Nifty500 Quality 50 Index Fund - Direct Plan - Growth Option,10.3662,2026-08-04
152949,INF846K013Y8,,Axis Nifty500 Value 50 Index Fund - Direct Plan - Growth Option,11.6488,2026-08-04
153506,INF0QA701BA9,,Bajaj Finserv Nifty 50 Index Fund - Direct - Growth,10.0585,2026-08-04
153479,INF0QA701BG6,,Bajaj Finserv Nifty Next 50 Index Fund - Direct - Growth,11.8228,2026-08-04
152844,INF194KB1IS2,,Bandhan BSE Healthcare Index Fund Direct Plan - Growth,11.7297,2026-08-04
153838,INF194KB1KB4,,Bandhan BSE India Sector Leaders Index Fund - Direct Plan - Growth,9.8704,2026-08-04
150871,INF194KB1EN2,,BANDHAN CRISIL IBX 90:10 SDL PLUS GILT APRIL 2032 INDEX FUND - DIRECT GROWTH,13.2948,2026-08-04
150868,INF194KB1ET9,,BANDHAN CRISIL IBX 90:10 SDL PLUS GILT - NOV 2026 INDEX FUND - DIRECT GROWTH,13.0056,2026-08-04
150888,INF194KB1EZ6,,BANDHAN CRISIL IBX 90:10 SDL PLUS GILT - SEP27 INDEX FUND - DIRECT GROWTH,13.106,2026-08-04
148792,INF194KB1BV1,,BANDHAN CRISIL IBX Gilt April 2028 Index Fund Direct Plan-Growth,13.9372,2026-08-04
151408,INF194KB1FF5,,BANDHAN CRISIL IBX GILT APRIL 2032 INDEX FUND - DIRECT GROWTH,13.1901,2026-08-04
148789,INF194KB1BP3,,BANDHAN CRISIL IBX Gilt June 2027 Index Fund Direct Plan-Growth,13.8493,2026-08-04
153389,INF194KB1JL5,,Bandhan CRISIL-IBX 10:90 Gilt Plus SDL Index - Dec 2029 Fund-Direct Plan-Growth,11.0108,2026-08-04
153407,INF194KB1JR2,,Bandhan CRISIL-IBX Financial Services 3-6 Months Debt Index Fund - Direct Plan - Growth,11.0183,2026-08-04
149832,INF194KB1CR7,,BANDHAN NIFTY 100 INDEX FUND - DIRECT PLAN - GROWTH,15.4524,2026-08-04
153114,INF194KB1JA8,,Bandhan Nifty 200 Quality 30 Index Fund - Direct Plan - Growth,9.9156,2026-08-04
118482,INF194K012A8,,BANDHAN Nifty 50 Index Fund-Direct Plan-Growth,55.1335,2026-08-04
153003,INF194KB1IY0,,Bandhan Nifty 500 Momentum 50 Index Fund Direct Plan-Growth,9.0661,2026-08-04
152990,INF194KB1IW4,,Bandhan Nifty 500 Value 50 Index Fund Direct Plan - Growth,11.5238,2026-08-04
152177,INF194KB1HA2,,Bandhan Nifty Alpha 50 Index Fund - Direct Plan - Growth,14.5539,2026-08-04
153213,INF194KB1JC4,,Bandhan Nifty Alpha Low Volatility 30 Index Fund - Direct Plan - Growth,10.5942,2026-08-04
152793,INF194KB1IO1,,Bandhan Nifty Bank Index Fund - Direct Plan - Growth,11.3889,2026-08-04
152041,INF194KB1GK3,,Bandhan Nifty IT Index Fund - Direct Plan - Growth,10.7142,2026-08-04
152855,INF194KB1IT0,,Bandhan Nifty Midcap 150 Index Fund-Direct Plan-Growth,10.628,2026-08-04
153350,INF194KB1JK7,,Bandhan Nifty Next 50 Index Fund - Direct Plan - Growth,13.1005,2026-08-04
152264,INF194KB1HG9,,BANDHAN Nifty Smallcap 250 Index Fund - Direct Plan - Growth,13.2032,2026-08-04
152716,INF194KB1IK9,,Bandhan Nifty Total Market Index Fund - Direct Plan - Growth,10.4291,2026-08-04
150636,INF194KB1DV7,,BANDHAN NIFTY100 LOW VOLATILITY 30 INDEX FUND - GROWTH - DIRECT PLAN,16.3873,2026-08-04
150591,INF194KB1DP9,,BANDHAN NIFTY200 MOMENTUM 30 INDEX FUND - GROWTH - DIRECT PLAN,15.8163,2026-08-04
152329,INF251K01SY1,,Baroda BNP Paribas Nifty 50 Index Fund - Direct Plan - Growth option,11.6262,2026-08-04
153000,INF251K01UA7,,Baroda BNP Paribas Nifty Midcap 150 Index Fund - Direct Plan - Growth Option,11.244,2026-08-04
151283,INF251K01RL0,,Baroda BNP Paribas Nifty SDL December 2026 Index Fund - Direct Plan - Growth Option,12.842,2026-08-04
151574,INF251K01RR7,,Baroda BNP Paribas NIFTY SDL December 2028 Index Fund - Direct Plan - Growth Option,12.8896,2026-08-04
152931,INF251K01TY9,,Baroda BNP Paribas Nifty200 Momentum 30 Index Fund - Direct Plan - Growth Option,8.186,2026-08-04
154301,INF2KCX01020,,Choice Nifty 50 Index Fund - Direct Plan Growth,10.6487,2026-08-04
154304,INF2KCX01046,,Choice Nifty Next 50 Index Fund - Direct Plan Growth,11.5335,2026-08-04
153219,INF740KA1VB1,,DSP BSE SENSEX Next 30 Index Fund - Direct - Growth,12.4582,2026-08-04
151329,INF740KA1SB7,,DSP CRISIL-IBX 50:50 Gilt Plus SDL - April 2033 Index Fund - Direct - Growth,13.1679,2026-08-04
141877,INF740KA1CR7,,DSP Nifty 50 Equal Weight Index Fund - Direct Plan - Growth,28.2891,2026-08-04
146376,INF740KA1MM7,,DSP Nifty 50 Index Fund - Direct Plan - Growth,24.3116,2026-08-04
154088,INF740KA1XY9,,DSP Nifty 500 Index Fund - Direct - Growth,9.8894,2026-08-04
152654,INF740KA1UO6,,DSP Nifty Bank Index Fund - Direct - Growth,11.9421,2026-08-04
153594,INF740KA1WF0,,DSP Nifty Healthcare Index Fund - Direct- Growth,11.9217,2026-08-04
153590,INF740KA1WL8,,DSP Nifty IT Index Fund - Direct - Growth,8.2541,2026-08-04
154014,INF740KA1XB7,,DSP Nifty Midcap 150 Index Fund - Direct - Growth,10.6657,2026-08-04
150428,INF740KA1RB9,,DSP Nifty Midcap 150 Quality 50 Index Fund - Direct - Growth,15.1636,2026-08-04
146381,INF740KA1MG9,,DSP Nifty Next 50 Index Fund - Direct Plan - Growth,29.4169,2026-08-04
153348,INF740KA1VN6,,DSP Nifty Private Bank Index Fund - Direct - Growth,11.4786,2026-08-04
149970,INF740KA1QV9,,DSP Nifty SDL Plus G-Sec Jun 2028 30:70 Index Fund - Direct - Growth,13.3206,2026-08-04
151373,INF740KA1SH4,,DSP Nifty SDL Plus G-Sec Sep 2027 50:50 Index Fund - Direct - Growth,12.9249,2026-08-04
154018,INF740KA1XH4,,DSP Nifty Smallcap 250 Index Fund - Direct - Growth,11.1866,2026-08-04
152243,INF740KA1TW1,,DSP Nifty Smallcap250 Quality 50 Index Fund - Direct - Growth,11.3356,2026-08-04
152814,INF740KA1UQ1,,DSP Nifty Top 10 Equal Weight Index Fund - Direct - Growth,9.2186,2026-08-04
153801,INF740KA1WR5,,DSP Nifty500 Flexicap Quality 30 Index Fund - Direct - Growth,9.9849,2026-08-04
153497,INF754K01UX2,,Edelweiss BSE Internet Economy Index Fund - Direct Plan - Growth,11.2516,2026-08-04
150671,INF754K01PF9,,Edelweiss CRISIL IBX 50:50 Gilt Plus SDL April 2037 Index Fund - Direct Plan - Growth,13.5286,2026-08-04
150727,INF754K01PN3,,Edelweiss CRISIL IBX 50:50 Gilt Plus SDL June 2027 Index Fund - Direct Plan - Growth,13.1865,2026-08-04
150807,INF754K01PV6,,Edelweiss CRISIL IBX 50:50 Gilt Plus SDL Sep 2028 Index Fund - Direct Plan - Growth,13.2486,2026-08-04
151365,INF754K01RK5,,Edelweiss CRISIL IBX 50:50 Gilt Plus SDL Short Duration Index fund - Direct Plan - Growth,12.8876,2026-08-04
153335,INF754K01UG7,,Edelweiss CRISIL IBX AAA Bond NBFC HFC Jun 2027 Index Fund - Direct Plan - Growth Option,11.1543,2026-08-04
153115,INF754K01TP0,,Edelweiss CRISIL IBX AAA Financial Services - Jan 2028 Index Fund - Direct - Growth,11.32,2026-08-04
149254,INF754K01NJ6,,Edelweiss Nifty 100 Quality 30 Index Fund Direct Plan Growth,15.1205,2026-08-04
149250,INF754K01NB3,,Edelweiss Nifty 50 Index Fund Direct Plan Growth,14.5985,2026-08-04
152616,INF754K01SS6,,Edelweiss Nifty Alpha Low Volatility 30 Index Fund - Direct Plan - Growth,10.4173,2026-08-04
149343,INF754K01NR9,,Edelweiss NIFTY Large Midcap 250 Index Fund - Direct Plan Growth,17.7146,2026-08-04
149339,INF754K01NS7,INF754K01NT5,Edelweiss NIFTY Large Midcap 250 Index Fund - Direct Plan Payout,16.6925,2026-08-04
154310,INF754K01WR0,,Edelweiss Nifty LargeMidcap 250 Plus 8-13 yr G-Sec 70-30 Index Fund Direct Plan Growth,10.9751,2026-08-04
150902,INF754K01QD2,,Edelweiss Nifty Midcap150 Momentum 50 Index Fund - Direct Plan - Growth,18.8114,2026-08-04
150899,INF754K01QL5,,Edelweiss Nifty Next 50 Index Fund - Direct Plan - Growth,17.3269,2026-08-04
149247,INF754K01MT7,,Edelweiss NIFTY PSU Bond Plus SDL Apr 2027 50:50 Index Fund - Direct Plan Growth,13.3376,2026-08-04
150892,INF754K01QT8,,Edelweiss Nifty Smallcap 250 Index Fund - Direct Plan - Growth,18.9642,2026-08-04
152985,INF754K01TN5,,Edelweiss Nifty500 Multicap Momentum Quality 50 Index Fund - Direct - Growth,9.0932,2026-08-04
118581,INF090I01GS4,,Franklin India INDEX FUND- NSE NIFTY 50 INDEX FUND- Direct - Growth,210.5913,2026-08-04
153704,INF666M01KT3,,Groww Nifty 50 Index Fund Direct Growth,9.8779,2026-08-04
153230,INF666M01JK4,,Groww Nifty India Railways PSU Index Fund - Direct Plan - Growth,7.9892,2026-08-04
153939,INF666M01MP7,,Groww Nifty Midcap 150 Index Fund Direct Growth,10.4614,2026-08-04
153786,INF666M01LT1,,Groww Nifty Next 50 Index Fund Direct Growth,10.9915,2026-08-04
152637,INF666M01IE9,,Groww Nifty Non-Cyclical Consumer Index Fund - Direct Plan Growth,10.7667,2026-08-04
154346,INF666M01OU3,,Groww Nifty Private Bank Index Fund Direct Growth,10.3834,2026-08-04
154278,INF666M01OH0,,Groww Nifty PSU Bank Index Fund Direct Growth,10.1067,2026-08-04
152431,INF666M01HY9,,Groww Nifty Smallcap 250 Index Fund - Direct Plan - Growth,12.1452,2026-08-04
154383,INF666M01PA2,,Groww Nifty Smallcap 250 Momentum Quality 100 Index Fund Direct Growth,10.3777,2026-08-04
152092,INF666M01HM4,,Groww Nifty Total Market Index Fund - Direct Plan - Growth,14.2683,2026-08-04
151728,INF179KC1GG9,,HDFC BSE 500 Index Fund - Growth Option - Direct Plan,15.9613,2026-08-04
153959,INF179KC1JY6,,HDFC BSE India Sector Leaders India Fund - Direct Plan - Growth Option,9.6786,2026-08-04
119065,INF179K01WN9,,HDFC BSE Sensex Index Fund - Direct Plan,750.755,2026-08-04
153517,INF179KC1JK5,,HDFC CRISIL-IBX Financial Services 3-6 Months Debt Index Fund - Direct Growth Plan,10.899,2026-08-04
154308,INF179KC1KI7,,HDFC CRISIL-IBX Financial Services 9-12 Months Debt Index Fund - Direct Growth Plan,10.2914,2026-08-04
149870,INF179KC1CA1,,HDFC Nifty 100 Equal Weight Index Fund - Direct Plan - Growth Option,18.0481,2026-08-04
149868,INF179KC1BY3,,HDFC NIFTY 100 Index Fund - Direct Plan - Growth Option,15.3636,2026-08-04
119063,INF179K01WM1,,HDFC Nifty 50 Index Fund - Direct Plan,240.8781,2026-08-04
154427,INF179KC1KQ0,,HDFC Nifty Auto Index Fund- Direct Plan- Growth Option,10.6352,2026-08-04
151495,INF179KC1FQ0,,HDFC Nifty G-Sec Apr 2029 Index Fund - Growth Option - Direct Plan,13.0174,2026-08-04
150845,INF179KC1EE9,,HDFC Nifty G-Sec Dec 2026 Index Fund - Growth Option - Direct Plan,12.9795,2026-08-04
150847,INF179KC1EH2,,HDFC Nifty G-Sec July 2031 Index Fund - Growth Option - Direct Plan,13.424,2026-08-04
151181,INF179KC1EJ8,,HDFC Nifty G-Sec Jun 2027 Index Fund - Growth Option - Direct Plan,12.9616,2026-08-04
151489,INF179KC1FS6,,HDFC Nifty G-Sec Jun 2036 Index Fund - Growth Option - Direct Plan,13.1808,2026-08-04
151183,INF179KC1EL4,,HDFC Nifty G-Sec Sep 2032 Index Fund - Growth Option - Direct Plan,13.321,2026-08-04
154179,INF179KC1KA4,,HDFC Nifty India Consumption Index Fund - Direct Growth Plan,10.2766,2026-08-04
153097,INF179KC1JB4,,HDFC Nifty India Digital Index Fund - Growth Option - Direct,8.7878,2026-08-04
152889,INF179KC1IQ4,,HDFC NIFTY LargeMidcap 250 Index Fund - Growth Option - Direct,10.3749,2026-08-04
151724,INF179KC1GC8,,HDFC NIFTY Midcap 150 Index Fund - Growth Option - Direct Plan,19.9466,2026-08-04
149288,INF179KC1BQ9,,HDFC NIFTY Next 50 Index Fund - Direct Plan - Growth Option,17.5578,2026-08-04
152521,INF179KC1IE0,,HDFC NIFTY Realty Index Fund - Direct Plan,10.0172,2026-08-04
151456,INF179KC1FI7,,HDFC Nifty SDL Oct 2026 Index Fund - Growth Option - Direct Plan,12.8006,2026-08-04
151570,INF179KC1GA2,,HDFC NIFTY SDL Plus G-Sec Jun 2027 40:60 Index Fund - Growth Option - Direct Plan,12.7392,2026-08-04
151727,INF179KC1GE4,,HDFC NIFTY Smallcap 250 Index Fund - Growth Option - Direct Plan,19.832,2026-08-04
153405,INF179KC1JI9,,HDFC Nifty Top 20 Equal Weight Index Fund - Direct,10.4539,2026-08-04
152713,INF179KC1IM3,HDFCNIVODG,HDFC NIFTY100 Low Volatility 30 Index Fund - Direct Plan,10.785,2026-08-04
153264,INF179KC1JF5,,HDFC Nifty100 Quality 30 Index Fund - Direct Plan,11.1261,2026-08-04
152430,INF179KC1IC4,,HDFC NIFTY200 Momentum 30 Index Fund - Direct Plan,10.3751,2026-08-04
149107,INF179KC1BM8,,HDFC NIFTY50 Equal weight Index Fund - Direct Plan - Growth Option,19.1807,2026-08-04
152778,INF179KC1IO9,,HDFC NIFTY500 Multicap 50:25:25 Index Fund - Direct Plan,10.3008,2026-08-04
149966,INF336L01QH7,,HSBC CRISIL IBX 50:50 Gilt Plus SDL Apr 2028 Index Fund - Direct - Growth,13.3103,2026-08-04
151479,INF336L01QT2,,HSBC CRISIL IBX Gilt June 2027 Index Fund - Direct - Growth,12.7309,2026-08-04
151157,INF917K01D12,,HSBC NIFTY 50 INDEX FUND - Direct Growth,29.151,2026-08-04
151160,INF917K01D79,,HSBC NIFTY NEXT 50 INDEX FUND - Direct Growth,32.5631,2026-08-04
141841,INF109KB10X0,,ICICI Prudential BSE Sensex Index Fund - Direct Plan - Cumulative Option,26.204,2026-08-04
153411,INF109K1A062,,ICICI Prudential CRISIL-IBX Financial Services 3-6 Months Debt Index Fund - Direct Plan - Growth,11.0082,2026-08-04
150452,INF109KC11D8,,ICICI Prudential Nifty 200 Momentum 30 Index Fund - Direct Plan - Growth,16.8505,2026-08-04
120620,INF109K012M7,,ICICI Prudential Nifty 50 Index Fund - Direct Plan Cumulative Option,260.4723,2026-08-04
153161,INF109KC16Y3,,ICICI Prudential Nifty 500 Index Fund - Direct Plan - Growth,10.7085,2026-08-04
150643,INF109KC16J4,,ICICI Prudential Nifty Auto Index Fund - Direct Plan - Growth,23.4696,2026-08-04
149858,INF109KC11A4,,ICICI Prudential Nifty Bank Index Fund - Direct Plan Growth,16.7235,2026-08-04
150733,INF109KC18K8,,ICICI Prudential Nifty G-Sec Dec 2030 Index Fund - Direct Plan - Growth,13.4569,2026-08-04
150468,INF109KC13E2,,ICICI Prudential Nifty IT Index Fund - Direct Plan - Growth,11.1818,2026-08-04
152482,INF109KC12U0,,ICICI Prudential Nifty LargeMidcap 250 Index Fund - Direct Plan - Growth,12.7462,2026-08-04
149389,INF109KC1W58,,ICICI Prudential Nifty Midcap 150 Index Fund - Direct Plan - Growth,20.8884,2026-08-04
120684,INF109K01Y80,,ICICI Prudential Nifty Next 50 Index Fund - Direct Plan -  Growth,69.0216,2026-08-04
150930,INF109KC11M9,,ICICI Prudential Nifty Pharma Index Fund - Direct Plan - Growth,20.5971,2026-08-04
153679,INF109K1A369,,ICICI Prudential Nifty Private Bank Index Fund - Direct Plan - Growth,10.0174,2026-08-04
149210,INF109KC1S88,,ICICI Prudential Nifty PSU Bond Plus SDL Sep 2027 40:60 Index Fund - Direct Plan Growth,13.3273,2026-08-04
150729,INF109KC14L5,,ICICI Prudential Nifty SDL Dec 2028 Index Fund - Direct Plan - Growth,13.3825,2026-08-04
151211,INF109KC13P8,,ICICI Prudential Nifty SDL Sep 2026 Index Fund - Direct Plan - Growth,12.8512,2026-08-04
149999,INF109KC14B6,,ICICI Prudential Nifty SDL Sep 2027 Index Fund - Direct Plan - Growth,13.2216,2026-08-04
149283,INF109KC1V18,,ICICI Prudential Nifty Smallcap 250 Index Fund - Direct Plan - Growth,18.6791,2026-08-04
153614,INF109K1A310,,ICICI Prudential Nifty Top 15 Equal Weight Index Fund - Direct Plan - Growth,9.7157,2026-08-04
153546,INF109K1A252,,ICICI Prudential Nifty200 Quality 30 Index Fund - Direct Plan - Growth,10.146,2026-08-04
152936,INF109KC13X2,,ICICI Prudential Nifty200 Value 30 Index Fund - Direct Plan - Growth,11.2723,2026-08-04
150639,INF109KC10J7,,ICICI Prudential Nifty50 Equal Weight Index Fund- Direct Plan - Growth,17.6543,2026-08-04
152365,INF109KC16T3,,ICICI Prudential Nifty50 Value 20 Index Fund - Direct Plan - Growth,10.347,2026-08-04
153787,INF22M001044,,JioBlackRock Nifty 50 Index Fund - Direct Plan - Growth Option,9.9839,2026-08-04
153791,INF22M001069,,JioBlackRock Nifty 8-13 yr G-Sec Index Fund - Direct Plan - Growth Option,10.4333,2026-08-04
153788,INF22M001077,,JioBlackRock Nifty Midcap 150 Index Fund - Direct Plan - Growth Option,11.0047,2026-08-04
153789,INF22M001085,,JioBlackRock Nifty Next 50 Index Fund - Direct Plan - Growth Option,11.0743,2026-08-04
153790,INF22M001051,,JioBlackRock Nifty Smallcap 250 Index Fund - Direct Plan - Growth Option,10.7908,2026-08-04
152039,INF174KA1OX5,,Kotak BSE Housing Index Fund - Direct Plan - Growth Option,13.515,2026-08-04
152755,INF174KA1SL1,,Kotak BSE PSU Index Fund - Direct Plan - Growth,9.451,2026-08-04
153286,INF174KA1UV6,,Kotak BSE Sensex Index Fund- Direct - Growth,10.483,2026-08-04
153313,INF174KA1UX2,,Kotak CRISIL - IBX AAA Bond Financial Services Index Dec 2026 Fund - Direct - Growth,11.1186,2026-08-04
152869,INF174KA1TF1,,Kotak CRISIL -IBX AAA Financial Services Index Sep-2027 Fund-DIRECT PLAN-GROWTH Option,11.524,2026-08-04
153372,INF174KA1VK7,,Kotak CRISIL-IBX Financial Services 3-6 Months Debt Index Fund-Direct-Growth,11.0158,2026-08-04
153875,INF174KA1XM9,,Kotak CRISIL-IBX Financial Services 9 to 12 Months Debt Index Fund - Direct - Growth,10.5466,2026-08-04
153146,INF174KA1TY2,,Kotak Nifty 100 Equal Weight Index Fund - Direct Plan - Growth,11.403,2026-08-04
152663,INF174KA1RZ3,,Kotak NIFTY 100 Low Volatility 30 Index Fund - Direct plan - Growth option,11.255,2026-08-04
151781,INF174KA1OB1,,Kotak Nifty 200 Momentum 30 Index Fund - Direct Plan - Growth Option,14.79,2026-08-04
153660,INF174KA1WN9,,KOTAK NIFTY 200 QUALITY 30 INDEX FUND - DIRECT PLAN - GROWTH,10.182,2026-08-04
153150,INF174KA1UE2,,Kotak Nifty 50 Equal Weight Index Fund - Direct Plan - Growth,11.556,2026-08-04
148978,INF174KA1HA7,,Kotak Nifty 50 Index Fund - Direct Plan-Growth,16.366,2026-08-04
153680,INF174KA1WY6,,Kotak Nifty AAA Bond Financial Services Mar 2028 Index Fund - Direct Plan - Growth,10.6299,2026-08-04
153781,INF174KA1XG1,,Kotak Nifty Alpha 50 Index Fund - Direct Plan - Growth,10.729,2026-08-04
154388,INF174KA1A29,,Kotak Nifty Alpha Low Volatility 30 Index Fund - Direct- Growth,10.556,2026-08-04
153353,INF174KA1VE0,,Kotak Nifty Commodities Index Fund-Direct Growth,12.432,2026-08-04
151911,INF174KA1OR7,,Kotak Nifty Financial Services Ex-Bank Index Fund - Direct Plan - Growth option,17.24,2026-08-04
152098,INF174KA1PJ1,,Kotak Nifty G-Sec July 2033 Index Fund - Direct Plan - Growth,12.5615,2026-08-04
152870,INF174KA1SZ1,,Kotak Nifty India Tourism Index Fund-Direct-Growth Option,8.729,2026-08-04
153401,INF174KA1VQ4,,KOTAK NIFTY MIDCAP 150 INDEX FUND-DIRECT PLAN-GROWTH,12.005,2026-08-04
152916,INF174KA1TM7,,Kotak Nifty Midcap 150 Momentum 50 Index Fund-Direct Plan-Growth,9.63,2026-08-04
152767,INF174KA1SR8,,KOTAK NIFTY MIDCAP 50 INDEX FUND-DIRECT PLAN- GROWTH,11.211,2026-08-04
148745,INF174KA1GA9,,Kotak Nifty Next 50 Index Fund - Direct Plan - Growth Option,21.7613,2026-08-04
148746,INF174KA1FZ8,INF174KA1GB7,Kotak Nifty Next 50 Index Fund - Direct Plan -Payout of Income Distribution cum capital withdrawal option,21.7611,2026-08-04
149855,INF174KA1IL2,,Kotak Nifty SDL Apr  2027 Top 12 Equal Weight Index Fund-Direct Plan-Growth,13.1848,2026-08-04
149865,INF174KA1IR9,,Kotak Nifty SDL Apr 2032 Top 12 Equal Weight Index Fund-Direct Plan- Growth,13.5688,2026-08-04
151420,INF174KA1MJ8,,Kotak Nifty SDL Jul 2033 Index Fund Direct Plan Growth Option,13.0388,2026-08-04
150725,INF174KA1JT3,,Kotak Nifty SDL Plus AAA PSU Bond Jul 2028 60:40 Index Fund Direct Plan - Growth,13.2355,2026-08-04
153223,INF174KA1UK9,,Kotak Nifty SmallCap 250 Index Fund- Direct - Growth,11.827,2026-08-04
151649,INF174KA1NB3,,Kotak Nifty Smallcap 50 Index Fund - Direct Plan - Growth,22.804,2026-08-04
153461,INF174KA1WD0,,Kotak Nifty Top 10 Equal Weight Index Fund-Direct Plan-Growth,9.337,2026-08-04
154145,INF174KA1YP0,,Kotak Nifty200 Value 30 Index Fund - Direct - Growth,9.852,2026-08-04
154032,INF174KA1YC8,,Kotak Nifty500 Momentum 50 Index Fund - Direct Plan - Growth,10.241,2026-08-04
120308,INF767K01FJ4,,LIC MF BSE Sensex Index Fund-Direct Plan-Growth,158.2759,2026-08-04
120307,INF767K01FF2,,LIC MF Nifty 50 Index Fund-Direct Plan-Growth,147.5225,2026-08-04
151937,INF397L01AW2,,LIC MF Nifty Next 50 Index Fund-Direct Plan-Growth,60.9462,2026-08-04
150792,INF769K01IX5,,Mirae Asset CRISIL IBX Gilt Index - April 2033 Index Fund - Direct Plan - Growth,13.5435,2026-08-04
153634,INF769K01OS3,,Mirae Asset CRISIL-IBX Financial Services 9-12 Months Debt Index Fund - Direct Plan - Growth,10.7038,2026-08-04
152972,INF769K01MQ1,,Mirae Asset Nifty 50 Index Fund - Direct Plan - Growth,10.2728,2026-08-04
152976,INF769K01MJ6,,Mirae Asset Nifty LargeMidcap 250 Index Fund - Direct Plan - Growth,10.7752,2026-08-04
150358,INF769K01IH8,,Mirae Asset Nifty SDL Jun 2027 Index Fund -Direct Plan - Growth,13.1984,2026-08-04
151691,INF769K01JZ8,,Mirae Asset Nifty SDL June 2028 Index Fund - Direct Plan - Growth,12.8143,2026-08-04
152968,INF769K01MD9,,Mirae Asset Nifty Total Market Index Fund - Direct Plan - Growth,10.6193,2026-08-04
153596,INF247L01FM9,,Motilal Oswal BSE 1000 Index Fund - Direct Plan - Growth,10.2321,2026-08-04
154364,INF247L01HC6,,Motilal Oswal BSE Clean Environment Index Fund - Direct,9.5404,2026-08-04
150518,INF247L01BF2,,Motilal Oswal BSE Enhanced Value Index Fund-Direct plan,27.9206,2026-08-04
150443,INF247L01BC9,,Motilal Oswal BSE Financials ex Bank 30 Index Fund Direct Growth,18.4852,2026-08-04
149919,INF247L01AY5,,Motilal Oswal BSE Low Volatility Index Fund-Direct plan,16.5236,2026-08-04
154377,INF247L01HE2,,Motilal Oswal BSE Midcap 150 Momentum 30 Index Fund-Direct,10.3407,2026-08-04
150521,INF247L01BI6,,Motilal Oswal BSE Quality Index Fund-Direct plan,17.9324,2026-08-04
149800,INF247L01AV1,,Motilal Oswal Nifty 200 Momentum 30 Index Fund-Direct Plan,15.4456,2026-08-04
147794,INF247L01AE7,,Motilal Oswal Nifty 50 Index Fund - Direct plan - Growth,21.4886,2026-08-04
147625,INF247L01957,,Motilal Oswal Nifty 500 Index Fund - Direct Plan,27.6864,2026-08-04
152875,INF247L01DL6,,Motilal Oswal Nifty 500 Momentum 50 Index Fund-Direct Plan-Growth,8.3993,2026-08-04
147620,INF247L01890,,Motilal Oswal Nifty Bank Index Fund - Direct Plan,21.5525,2026-08-04
153138,INF247L01EB5,,Motilal Oswal Nifty Capital Market Index Fund - Direct Plan - Growth,12.5663,2026-08-04
152712,INF247L01CW5,,Motilal Oswal Nifty India Defence Index Fund Direct Plan Growth,12.3457,2026-08-04
151814,INF247L01BQ9,,Motilal Oswal Nifty Microcap 250 Index Fund- Direct- Growth Option,18.7242,2026-08-04
147622,INF247L01916,,Motilal Oswal Nifty Midcap 150 Index Fund - Direct Plan,42.3648,2026-08-04
153027,INF247L01DW3,,Motilal Oswal Nifty MidSmall Financial Services Index Fund - Direct Plan- Growth,14.6885,2026-08-04
153023,INF247L01EA7,,Motilal Oswal Nifty MidSmall Healthcare Index Fund- Direct Plan-Growth,12.5223,2026-08-04
153025,INF247L01DU7,,Motilal Oswal Nifty MidSmall India Consumption Index Fund - Direct Plan- Growth,10.0322,2026-08-04
153029,INF247L01DY9,,Motilal Oswal Nifty MidSmall IT and Telecom Index Fund - Direct Plan- Growth,9.5117,2026-08-04
147796,INF247L01AC1,,Motilal Oswal Nifty Next 50 Index Fund - Direct plan - Growth,26.6717,2026-08-04
147623,INF247L01932,,Motilal Oswal Nifty Smallcap 250 Index Fund- Direct Plan,40.766,2026-08-04
152062,INF959L01HK9,,NAVI BSE SENSEX INDEX FUND - DIRECT PLAN - GROWTH,12.2326,2026-08-04
149039,INF959L01FP2,,Navi Nifty 50 Index Fund-Direct Plan-Growth,16.2552,2026-08-04
152751,INF959L01HO1,,NAVI NIFTY 500 MULTICAP 50-25-25 DIRECT PLAN,10.3671,2026-08-04
149804,INF959L01FT4,,Navi Nifty Bank Index Fund- Direct Plan- Growth,15.283,2026-08-04
150515,INF959L01GD6,,Navi Nifty India Manufacturing Index Fund- Direct Plan- Growth,20.0829,2026-08-04
149892,INF959L01FX6,,Navi Nifty Midcap 150 Index Fund Direct Plan- Growth,22.1139,2026-08-04
154027,INF959L01HR4,,Navi Nifty midsmallcap 400 Index Fund- Direct - Growth,10.8811,2026-08-04
149447,INF959L01FR8,,Navi Nifty Next 50 Index Fund- Direct Plan- Growth,17.6898,2026-08-04
153362,INF959L01HQ6,,Navi Nifty Smallcap 250 Momentum quality index fund- Direct Plan,11.9702,2026-08-04
152535,INF959L01HM5,,Navi NiftyIT Index Fund - Direct Plan- Growth,9.3866,2026-08-04
153567,INF204KC1FD7,,Nippon India BSE Sensex Next 30 Index Fund- Direct Plan- Growth Option,11.1993,2026-08-04
152992,INF204KC1DM3,,Nippon India CRISIL - IBX AAA Financial Services - Dec 2026 Index Fund - Direct Plan - Growth Option,11.3923,2026-08-04
152996,INF204KC1DS0,,Nippon India CRISIL - IBX AAA Financial Services - Jan 2028 Index Fund - Direct Plan - Growth Option,11.3918,2026-08-04
154271,INF204KC1GX3,,Nippon India CRISIL-IBX Financial Services 3-6 Months Debt Index Fund- Direct Plan- Growth Option,10.3122,2026-08-04
154252,INF204KC1GR5,,Nippon India CRISIL-IBX Financial Services 9-12 Months Debt Index Fund -Direct Plan - Growth Option,10.2978,2026-08-04
118785,INF204K01K56,,Nippon India Index Fund - BSE Sensex Plan - Direct Plan Growth Plan - Bonus Option,42.6829,2026-08-04
118791,INF204K01K80,,Nippon India Index Fund - BSE Sensex Plan - Direct Plan Growth Plan - Growth Option,42.6829,2026-08-04
118742,INF204K01H02,,Nippon India Index Fund - Nifty 50 Plan - Direct Plan Growth Plan - Bonus Option,45.4576,2026-08-04
118741,INF204K01H36,,Nippon India Index Fund - Nifty 50 Plan - Direct Plan Growth Plan - Growth Option,45.4576,2026-08-04
148721,INF204KB12Z0,,Nippon India Nifty 50 Value 20 Index Fund - Direct Plan - Growth Option,18.0595,2026-08-04
152842,INF204KC1DA8,,Nippon India Nifty 500 Equal Weight Index Fund - Direct Plan - Growth Option,10.0095,2026-08-04
153474,INF204KC1EQ2,,Nippon India Nifty 500 Low Volatility 50 Index Fund - Direct Plan - Growth Option,11.0814,2026-08-04
152881,INF204KC1DG5,,Nippon India Nifty 500 Momentum 50 Index Fund - Direct Plan - Growth Option,8.4873,2026-08-04
153470,INF204KC1EW0,,Nippon India Nifty 500 Quality 50 Index Fund - Direct Plan - Growth Option,11.197,2026-08-04
150012,INF204KC1527,,Nippon India Nifty AAA CPSE Bond Plus SDL - Apr 2027 Maturity 60:40 Index Fund - Direct Plan - Growth Option,13.09,2026-08-04
150754,INF204KC1683,,Nippon India Nifty AAA PSU Bond Plus SDL - Sep 2026 Maturity 50:50 Index Fund-Direct Plan-Growth Option,13.0381,2026-08-04
150487,INF204KC1584,,Nippon India Nifty Alpha Low Volatility 30 Index Fund - Direct Plan - Growth Option,16.6839,2026-08-04
153064,INF204KC1EE8,,Nippon India Nifty Auto Index Fund - Direct Plan- Growth Option,12.4607,2026-08-04
152389,INF204KC1BY2,,Nippon India Nifty Bank Index Fund - Direct Plan - Growth Option,12.5122,2026-08-04
150920,INF204KC1AC0,,Nippon India Nifty G-Sec Jun 2036 Maturity Index Fund-Direct Plan-Growth Option,13.2887,2026-08-04
151440,INF204KC1AO5,,Nippon India Nifty G-Sec Oct 2028 Maturity Index Fund-Direct Plan-Growth Option,12.9484,2026-08-04
150906,INF204KC1881,,Nippon India Nifty G-Sec Sep 2027 Maturity Index Fund-Direct Plan-Growth Option,12.9291,2026-08-04
153806,INF204KC1GL8,,Nippon India Nifty India Manufacturing Index Fund- Direct Plan- Growth Option,11.519,2026-08-04
152392,INF204KC1CE2,,Nippon India Nifty IT Index Fund - Direct Plan - Growth Option,8.6353,2026-08-04
148726,INF204KB18Z7,,Nippon India Nifty Midcap 150 Index Fund - Direct Plan - Growth Option,27.0421,2026-08-04
153060,INF204KC1DY8,,Nippon India Nifty Realty Index Fund-Direct Plan- Growth Option,8.2688,2026-08-04
150824,INF204KC1741,,Nippon India Nifty SDL Plus G-Sec - Jun 2028 Maturity 70:30 Index Fund-Direct Plan-Growth Option,13.1032,2026-08-04
151390,INF204KC1AI7,,Nippon India Nifty SDL Plus G-Sec-Jun 2029 Maturity 70:30 Index Fund-Direct Plan-Growth Option,12.964,2026-08-04
148519,INF204KB15W0,,Nippon India Nifty Smallcap 250 Index Fund - Direct Plan - Growth Option,36.0782,2026-08-04
151407,INF663L01X21,,"PGIM India CRISIL IBX Gilt Index - Apr 2028 Fund - Direct Plan, Growth Option",12.8438,2026-08-04
153432,INF200KB1688,,SBI BSE PSU BANK INDEX FUND- Direct Plan- Growth,13.5897,2026-08-04
151769,INF200KA16Y4,,SBI BSE Sensex Index Fund - Direct Plan - Growth,12.9454,2026-08-04
149474,INF200KA13D5,,SBI CPSE Bond Plus SDL Sep 2026 50:50 Index Fund - Direct Plan - Growth,13.1521,2026-08-04
150706,INF200KA18Q6,,SBI CRISIL IBX Gilt Index - April 2029 Fund - Direct Plan - Growth,13.379,2026-08-04
150681,INF200KA12Q9,,SBI |CRISIL IBX Gilt Index - June 2036 Fund - Direct Plan - Growth,13.5715,2026-08-04
150711,INF200KA14R3,,SBI CRISIL IBX SDL Index - September 2027 Fund - Direct Plan - Growth,13.2182,2026-08-04
154370,INF200KB1BI0,,SBI CRISIL-IBX 10:90 GILT + SDL INDEX DEC 2029 INDEX FUND - DIRECT - GROWTH,10.2503,2026-08-04
154331,INF200KB1AO0,,SBI CRISIL - IBX Financial Services 3-6 Months Debt Index Fund - Direct Plan - Growth,10.201,2026-08-04
154334,INF200KB1AU7,,SBI CRISIL - IBX Financial Services 9-12 Months Debt Index Fund - Direct Plan - Growth,10.1923,2026-08-04
152908,INF200KB1381,,SBI Nifty 500 Index Fund- Direct Plan- Growth,9.8834,2026-08-04
153250,INF200KB1563,,SBI Nifty Bank Index Fund-Direct Plan- Growth,11.6265,2026-08-04
153252,INF200KB1571,INF200KB1589,SBI Nifty Bank Index Fund-Direct Plan- Income Distribution Cum Capital Withdrawal Option,11.6264,2026-08-04
154372,INF200KB1BC3,,SBI NIFTY G-SEC JUL 2031 INDEX FUND - DIRECT - GROWTH,10.3204,2026-08-04
119827,INF200K01TE8,,SBI NIFTY INDEX FUND - DIRECT PLAN - GROWTH,230.2663,2026-08-04
153015,INF200KB1449,,SBI Nifty India Consumption Index Fund- Direct Plan- Growth,10.6666,2026-08-04
153320,INF200KB1621,,SBI Nifty IT Index Fund - Direct Plan - Growth,7.9704,2026-08-04
150673,INF200KA10P5,,SBI Nifty Midcap 150 Index Fund - Direct Plan - Growth,20.3534,2026-08-04
148945,INF200KA1W00,,SBI Nifty Next 50 Index Fund - Direct Plan - Growth,20.5996,2026-08-04
150677,INF200KA16P2,,SBI Nifty Smallcap 250 Index Fund - Direct Plan - Growth,19.8445,2026-08-04
153718,INF200KB1936,,SBI Nifty100 Low Volatility 30 Index Fund- Direct Plan- Growth,10.5402,2026-08-04
153662,INF200KB1878,,SBI Nifty200 Momentum 30 Index Fund- Direct Plan- Growth,9.8272,2026-08-04
153557,INF200KB1829,INF200KB1837,SBI Nifty200 Quality 30 Index Fund- Direct Plan- Income Distribution Cum Capital Withdrawal Option,10.3066,2026-08-04
153555,INF200KB1811,,SBI Nifty200 Quality 30 Index Fund-Direct Plan- Growth,10.3065,2026-08-04
152370,INF200KB1027,,SBI Nifty50 Equal Weight Index Fund - Direct Plan - Growth,12.6315,2026-08-04
152371,INF200KB1035,INF200KB1043,SBI Nifty50 Equal Weight Index Fund - Direct Plan - Income Distribution Cum Capital Withdrawal Option,12.6306,2026-08-04
149483,INF173K01EZ4,,Sundaram Nifty 100 Equal Weight Fund (Formerly Known as Principal Nifty 100 Equal Weight Fund) - Direct Plan - Growth Option,199.913,2026-08-04
149482,INF173K01EW1,INF173K01EX9,Sundaram Nifty 100 Equal Weight Fund (Formerly Known as Principal Nifty 100 Equal Weight Fund)- Direct Plan - Income Distribution CUM Capital Withdrawal Option,81.629,2026-08-04
154066,INF277KA1EP8,,Tata BSE Multicap Consumption 50:30:20 Index Fund - Direct Plan Growth Option,10.0571,2026-08-04
153420,INF277KA1DK1,,Tata BSE Quality Index Fund Direct plan Growth Option,11.6866,2026-08-04
153132,INF277KA1DA2,,Tata BSE Select Business Groups Index Fund - Direct Growth,10.4299,2026-08-04
119287,INF277K01PK1,,Tata S&P BSE Sensex Index Fund - Direct Plan,210.1193,2026-08-04
119288,INF277K01PJ3,,Tata Nifty 50 Index Fund -Direct Plan,167.4587,2026-08-04
152557,INF277KA1AU6,,Tata Nifty Auto Index Fund - Direct Plan - Growth,13.2417,2026-08-04
152951,INF277KA1CO5,,Tata Nifty Capital Markets Index Fund - Direct Plan Growth Option,14.3789,2026-08-04
152577,INF277KA1BA6,,Tata Nifty Financial Services Index Fund - Direct Plan - Growth,12.6446,2026-08-04
151301,INF277KA1794,,Tata Nifty G Sec Dec 2026 Index Fund-Direct Plan-Growth,12.7939,2026-08-04
151273,INF277KA1737,,Tata Nifty G-Sec Dec 2029 Index Fund - Direct Plan - Growth,13.0921,2026-08-04
152742,INF277KA1CC0,,Tata Nifty India Tourism Index Fund - Direct - Growth,9.2703,2026-08-04
153581,INF277KA1DZ9,,Tata Nifty Midcap 150 Index Fund - Direct Plan - Growth Option,11.1123,2026-08-04
150738,INF277KA1612,,Tata Nifty Midcap 150 Momentum 50 Index Fund - Growth - Direct Plan,18.7152,2026-08-04
152564,INF277KA1BG3,,Tata Nifty MidSmall Healthcare Index Fund - Direct Plan - Growth,15.2225,2026-08-04
153858,INF277KA1EJ1,,Tata Nifty Next 50 Index Fund - Direct Plan Growth Option,10.9436,2026-08-04
152570,INF277KA1AO9,,Tata Nifty Realty Index Fund - Direct Plan - Growth,9.155,2026-08-04
150326,INF277KA1372,,Tata Nifty SDL Plus AAA PSU Bond Dec 6040 Index Fund- Direct Plan-Growth,13.3241,2026-08-04
152836,INF277KA1CI7,,Tata Nifty200 Alpha 30 Index Fund - Direct -Growth,9.0349,2026-08-04
152588,INF277KA1BM1,,Tata Nifty500 Multicap India Manufacturing 50:30:20 Index Fund -Direct Plan-Growth,12.5611,2026-08-04
152595,INF277KA1BS8,,Tata Nifty500 Multicap Infrastructure 50:30:20 Index Fund - Direct Plan - Growth,11.2755,2026-08-04
118881,INF044D01CQ5,,Taurus Nifty 50 Index Fund - Direct Plan - Growth,50.0185,2026-08-04
118882,INF044D01CR3,INF044D01CS1,Taurus Nifty 50 Index Fund - Direct Plan - Payout of Income Distribution cum Capital Withdrawal option,46.8116,2026-08-04
143341,INF789FC12T1,,UTI Nifty Next 50 Index Fund - Direct Plan - Growth Option,27.5653,2026-08-04
151764,INF789F1AYR1,,UTI BSE Housing Index Fund - Direct Plan - Growth Option,14.4995,2026-08-04
149881,INF789F1AVF2,,UTI BSE Low Volatility Index Fund - Direct Plan  - Growth Option,16.6508,2026-08-04
149803,INF789F1AVD7,,UTI BSE Sensex Index Fund - Direct Plan - Growth Option,14.1875,2026-08-04
151185,INF789F1AWX3,,UTI CRISIL SDL Maturity April 2033 Index Fund - Direct Plan - Growth Option,13.1175,2026-08-04
151239,INF789F1AWZ8,,UTI CRISIL SDL Maturity June 2027 Index Fund - Direct Plan - Growth Option,12.9354,2026-08-04
148703,INF789F1AUT5,,UTI Nifty 200 Momentum 30 Index Fund - Direct Plan - Growth Option,21.4786,2026-08-04
152859,INF789F1AZH9,,UTI Nifty 200 Quality 30 Index Fund - Direct Plan - Growth Option,9.1857,2026-08-04
120716,INF789F01XA0,,UTI Nifty 50 Index Fund - Growth Option- Direct,173.2932,2026-08-04
151739,INF789F1AYN0,,UTI Nifty 500 Value 50 Index Fund - Direct Plan - Growth Option,22.6435,2026-08-04
153086,INF789F1AZM9,,UTI Nifty Alpha Low-Volatility 30 Index Fund - Direct Plan - Growth Option,10.0983,2026-08-04
153270,INF789F1AB48,,UTI Nifty India Manufacturing Index Fund - Direct Plan - Growth Option,12.838,2026-08-04
153089,INF789F1AZO5,,UTI Nifty Midcap 150 Index Fund - Direct Plan - Growth Option,11.2032,2026-08-04
150313,INF789F1AVH8,,UTI Nifty Midcap 150 Quality 50 Index Fund - Direct Plan - Growth Option,14.6997,2026-08-04
153272,INF789F1AB22,,UTI Nifty Midsmallcap 400 Momentum Quality 100 Index Fund - Direct Plan - Growth Option,11.8022,2026-08-04
152864,INF789F1AZJ5,,UTI Nifty Private Bank Index Fund - Direct Plan - Growth Option,10.3518,2026-08-04
151487,INF789F1AXR3,,UTI NIFTY SDL Plus AAA PSU Bond Apr 2028- 75:25 Index Fund - Direct Plan - Growth Option,12.9121,2026-08-04
151762,INF789F1AYP5,,UTI Nifty50 Equal Weight Index Fund - Direct Plan - Growth Option,15.6674,2026-08-04
154197,INF789F1AD04,,UTI Nifty500 Shariah Index Fund - Direct Plan Growth Option,10.3886,2026-08-04
152157,INF0R8F01026,,Zerodha ELSS Tax Saver Nifty LargeMidcap 250 Index Fund - Direct Plan - Growth option,14.6854,2026-08-04
153906,INF0R8F01158,,Zerodha Nifty 50 Index Fund - Direct Plan - Growth,9.8506,2026-08-04
152156,INF0R8F01018,,Zerodha Nifty LargeMidcap 250 Index Fund - Direct Plan - Growth option,14.6548,2026-08-04
154321,INF0R8F01208,,Zerodha Nifty LargeMidcap250 Plus 8-13 Yr G-Sec 70:30 Index Fund - Direct Plan - Growth Option,10.3542,2026-08-04
154306,INF0R8F01190,,Zerodha Nifty MidSmallcap400 50:50 Index Fund - Direct Plan - Growth Option,11.4274,2026-08-04
154109,INF0R8F01182,,Zerodha Nifty Short Duration G-Sec Index Fund - Direct Plan - Growth Option,1026.4626,2026-08-04
146407,INF209KB1E84,,ADITYA BIRLA SUN LIFE BAL BHAVISHYA YOJNA DIRECT GROWTH,23.85,2026-08-04
135762,INF846K01WO1,,Axis Children's Fund - Lock in - Direct Growth,30.5797,2026-08-04
135764,INF846K01WR4,,Axis Children's Fund - No Lock in - Direct Growth,31.1645,2026-08-04
153171,INF251K01UE9,,Baroda BNP Paribas Children's Fund - Direct Plan - Growth Option,11.6941,2026-08-04
119066,INF179KC1IX0,,HDFC Childrens Fund - Direct Plan,327.505,2026-08-04
120579,INF109K01Y49,,ICICI Prudential Children's Fund - Direct Plan,369.07,2026-08-04
120285,INF767K01FB1,,LIC MF Children's Fund-Direct Plan-Growth,38.6827,2026-08-04
119719,INF200K01QR6,,SBI Children's Fund - Savings Plan - DIRECT PLAN - GROWTH,129.9959,2026-08-04
119312,INF277K01QW4,,Tata Childrens Fund-Direct Plan-Growth Option,63.6297,2026-08-04
152219,INF582M01JK3,,Union Children's Fund - Direct Plan - Growth Option,13.43,2026-08-04
120724,INF789F1AZV0,,UTI Children's Equity Fund - Direct Plan - Growth Option,93.2308,2026-08-04
120771,INF789F1AZR8,,UTI Children's Hybrid Fund - Direct Plan,41.9547,2026-08-04
146575,INF209KB1I23,,Aditya Birla Sun Life Retirement Fund-The 30s Plan-Direct Growth,25.656,2026-08-04
146930,INF209KB1I80,,Aditya Birla Sun Life Retirement Fund-The 40s Plan-Direct Plan-Growth,21.87,2026-08-04
146940,INF209KB1J48,,Aditya Birla Sun Life Retirement Fund-The 50s Plan-Direct Plan-Growth,16.869,2026-08-04
146943,INF209KB1K03,,Aditya Birla Sun Life Retirement Fund-The 50s Plus-Debt Plan-Direct Plan-Growth,14.9547,2026-08-04
147825,INF846K01S86,,Axis Retirement Fund - Aggressive Plan - Direct Growth,20.6,2026-08-04
147830,INF846K01T69,,Axis Retirement Fund - Conservative Plan - Direct Growth,17.7843,2026-08-04
147826,INF846K01T28,,Axis Retirement Fund - Dynamic Plan - Direct Growth,22.01,2026-08-04
152102,INF194KB1GU2,,Bandhan Retirement Fund - Direct Plan - Growth,13.386,2026-08-04
152628,INF251K01TJ0,,Baroda BNP Paribas Retirement Fund - Direct plan - Growth option,12.1334,2026-08-04
118548,INF090I01JZ3,,Franklin India Retirement Fund - Direct - Growth,243.1105,2026-08-04
136094,INF179KB1MF0,,HDFC Retirement Savings Fund - Equity Plan - Growth Option - Direct Plan,56.987,2026-08-04
136465,INF179KB1MJ2,,HDFC Retirement Savings Fund - Hybrid-Debt Plan - Growth Option - Direct Plan,25.0359,2026-08-04
136464,INF179KB1MH6,,HDFC Retirement Savings Fund - Hybrid-Equity Plan - Growth Option - Direct Plan,43.513,2026-08-04
146721,INF109KC1TW4,,ICICI Prudential Retirement Fund - Hybrid Aggressive - Direct Plan - Growth Option,31.8,2026-08-04
146716,INF109KC1UA8,,ICICI Prudential Retirement Fund - Hybrid Conservative - Direct Plan - Growth Option,20.2852,2026-08-04
146727,INF109KC1UE0,,ICICI Prudential Retirement Fund - Pure Debt - Direct Plan - Growth Option,17.191,2026-08-04
146349,INF109KC1TS2,,ICICI Prudential Retirement Fund - Pure Equity - Direct Plan - Growth Option,39.83,2026-08-04
133569,INF204KA1C30,,Nippon India Retirement Fund- Income Generation Scheme- Direct Plan- Growth Plan - Growth Option,23.6291,2026-08-04
133629,INF204KA1C55,,Nippon India Retirement Fund- Income Generation Scheme- Direct Plan-Growth Plan- Bonus Option,23.6291,2026-08-04
133568,INF204KA1B72,,Nippon India Retirement Fund- Wealth Creation Scheme- Direct Plan- Growth Plan - Growth Option,33.3375,2026-08-04
133630,INF204KA1B98,,Nippon India Retirement Fund- Wealth Creation Scheme- Direct Plan-Growth Plan- Bonus Option,33.3375,2026-08-04
152537,INF663L01Y61,,PGIM India Retirement Fund - Direct Plan - Growth Option,12.91,2026-08-04
148685,INF200KA1S97,,SBI Retirement Benefit Fund - Aggressive Hybrid Plan - Direct Plan - Growth,20.9551,2026-08-04
148683,INF200KA1S55,,SBI Retirement Benefit Fund - Aggressive Plan - Direct Plan - Growth,21.9406,2026-08-04
148690,INF200KA1T70,,SBI Retirement Benefit Fund - Conservative Hybrid Plan - Direct Plan - Growth,16.4615,2026-08-04
148688,INF200KA1T39,,SBI Retirement Benefit Fund - Conservative Plan - Direct Plan - Growth,15.0711,2026-08-04
119256,INF277K01QM5,,Tata Retirement Savings Fund- Conservative Plan-Direct Plan-Growth Option,39.1182,2026-08-04
119255,INF277K01QN3,,Tata Retirement Savings Fund- Moderate Plan -Direct Plan-Growth Option,82.6819,2026-08-04
119251,INF277K01QO1,,Tata Retirement Savings Fund- Progressive Plan -Direct Plan-Growth Option,85.6215,2026-08-04
150554,INF582M01IK5,,Union Retirement Fund - Direct Plan - Growth Option,17.66,2026-08-04
120766,INF789F1AA64,,UTI Retirement Fund- Direct Plan,55.4587,2026-08-04
118691,INF204K01F61,,Nippon India Quarterly Interval Fund - Series II - Direct Plan Growth Plan - Growth,38.9301,2026-08-04
141950,INF761K01DS3,,BANK OF INDIA Mid Cap Tax Fund Series 1 Direct Plan Growth,30.8,2026-08-04
144315,INF761K01EL6,,BANK OF INDIA Midcap Tax Fund Series 2 Direct Plan Growth,35.81,2026-08-04
142134,INF109KC1093,,ICICI Prudential Long Term Wealth Enhancement Fund - Direct Plan Cumulative Option,31.6,2026-08-04
140487,INF200KA1LS9,,SBI Long Term Advantage Fund - Series IV - Direct Plan - Growth,50.754,2026-08-04
142138,INF200KA1RW8,,SBI Long Term Advantage Fund - Series V - Direct Plan - Growth,34.0188,2026-08-04
143178,INF200KA1TO1,,SBI Long Term Advantage Fund - Series VI - Direct Plan - Growth,32.3187,2026-08-04
139711,INF903JA1443,,Sundaram Long Term Micro Cap Tax Advantage Fund Series III Direct Plan - Growth,37.6478,2026-08-04
139990,INF903JA1526,,Sundaram Long Term Micro Cap Tax Advantage Fund Series IV Direct Plan - Growth,32.5109,2026-08-04
141564,INF903JA1AZ0,,Sundaram Long Term Micro Cap Tax Advantage Fund Series VI Direct Plan - Growth,30.7382,2026-08-04
141141,INF903JA1955,,Sundaram Long Term Micro Cap Tax Advantage Fund Series V Direct Plan - Growth,31.9801,2026-08-04
142153,INF903JA1BT1,,Sundaram Long Term Tax Advantage Fund Series III Direct Plan - Growth,33.2329,2026-08-04
143079,INF903JA1CZ6,,Sundaram Long Term Tax Advantage Fund Series IV Direct Plan - Growth,38.3065,2026-08-04
150316,INF209KB14H3,,Aditya Birla Sun Life Fixed Term Plan - Series TQ (1879 days) - Direct Plan - Growth Option,13.2337,2026-08-04
146701,INF194KB1777,,BANDHAN Fixed Term Plan Series 179 DIRECT PLAN-GROWTH (3652 days),18.102,2026-08-04
149190,INF740KA1QH8,,DSP FMP Series - 264 - 60M - 17D - Direct - Growth,13.3753,2026-08-04
150842,INF740KA1YL4,,DSP FMP Series - 267 - 1172 Days - Direct - Growth,13.0097,2026-08-04
151449,INF740KA1YR1,,DSP FMP Series - 270 - 1172 Days - Direct - Growth,12.767,2026-08-04
151565,,,HDFC FMP 1269D March 2023 - Growth Option - Direct Plan,12.6388,2026-08-04
149924,INF179KC1CC7,,HDFC FMP 1861D March 2022 - Growth Option - Direct Plan,13.305,2026-08-04
150002,INF179KC1CO2,,HDFC FMP 1876D March 2022 - Growth Option - Direct Plan,13.2573,2026-08-04
151470,,,HDFC FMP 2638D February 2023 - Growth Option - Direct Plan,13.2308,2026-08-04
146795,INF109KC1VT6,,ICICI Prudential Fixed Maturity Plan - Series 85 - 10 Years Plan I - Direct Plan Cumulative Option,18.0326,2026-08-04
151493,INF109KC14R2,,ICICI Prudential Fixed Maturity Plan - Series 88 - 1303 Days Plan S - Direct Plan - Growth,12.7736,2026-08-04
151286,INF174KA1LP7,,Kotak FMP Series 304-Direct Plan-Growth Option,13.3379,2026-08-04
147098,INF204KB17B0,,Nippon India Fixed Maturity Plan XLI - Series 8 - Direct Plan - Growth Option,17.7441,2026-08-04
149917,INF204KC1477,,Nippon India Fixed Maturity Plan-XLIII-Series 5- Direct Plan-Growth Option,13.5123,2026-08-04
150627,INF204KC1634,,Nippon India Fixed Maturity Plan-XLIV-Series 1-Direct Plan-Growth Option,13.3524,2026-08-04
151708,INF204KC1BJ3,,Nippon India Fixed Maturity Plan-XLV-Series 5-Direct Plan-Growth Option,13.2842,2026-08-04
146974,INF200KA1D03,,SBI Fixed Maturity Plan (FMP) - Series 1 (3668 Days) - Direct Plan - Growth,17.715,2026-08-04
148387,INF200KA1Q73,,SBI Fixed Maturity Plan (FMP) - Series 34 (3682 Days) - Direct Plan - Growth,14.8954,2026-08-04
149147,INF200KA1Z23,,SBI Fixed Maturity Plan (FMP) - Series 49 (1823 Days) - Direct Plan - Growth,13.4768,2026-08-04
149174,INF200KA1Z64,,SBI Fixed Maturity Plan (FMP) - Series 50 (1843 Days) - Direct Plan - Growth,13.3462,2026-08-04
149195,INF200KA10A7,,SBI Fixed Maturity Plan (FMP) - Series 51 (1846 Days) - Direct Plan - Growth,13.3364,2026-08-04
149232,INF200KA14A9,,SBI Fixed Maturity Plan (FMP) - Series 52 (1848 Days) - Direct Plan - Growth,13.316,2026-08-04
149279,INF200KA18A0,,SBI Fixed Maturity Plan (FMP) - Series 53 (1839 Days) - Direct Plan - Growth,13.3362,2026-08-04
149307,INF200KA12B1,,SBI Fixed Maturity Plan (FMP) - Series 54 (1842 Days) - Direct Plan - Growth,13.3186,2026-08-04
149345,INF200KA16B2,,SBI Fixed Maturity Plan (FMP) - Series 55 (1849 Days) - Direct Plan - Growth,13.2888,2026-08-04
149431,INF200KA14C5,,SBI Fixed Maturity Plan (FMP) - Series 57 (1835 Days) - Direct Plan - Growth,13.2035,2026-08-04
149460,INF200KA18C6,,SBI Fixed Maturity Plan (FMP) - Series 58 (1842 Days) - Direct Plan - Growth,13.3193,2026-08-04
147248,INF200KA1F27,,SBI Fixed Maturity Plan (FMP) - Series 6 (3668 Days) - Direct Plan - Growth,17.2274,2026-08-04
149878,INF200KA13E3,,SBI Fixed Maturity Plan (FMP) - Series 60 (1878 Days) - Direct Plan - Growth,13.2372,2026-08-04
149993,INF200KA13F0,,SBI Fixed Maturity Plan (FMP)- Series 61 (1927 Days)- Direct Plan- Growth option,13.278,2026-08-04
149995,INF200KA14F8,,SBI Fixed Maturity Plan (FMP)- Series 61 (1927 Days)- Direct Plan- Income Distribution Cum Capital withdrawal option,13.2782,2026-08-04
123646,INF789F01VW8,,UTI Annual Interval Fund - I - Direct Plan - Growth Option,36.7951,2026-08-04
151485,INF789F1AXP7,,UTI Fixed Term Income Fund Series XXXVI - I (1574 Days) - Direct Plan - Growth Option,12.9887,2026-08-04
