scheme_code,isin_growth,isin_div_reinv,scheme_name,nav,date
103490,INF082J01036,,Quantum Value Fund - Direct Plan Growth Option,125.87,2026-07-07
103734,INF082J01127,,Quantum Liquid Fund - Direct Plan Growth Option,37.328,2026-07-07
111549,INF082J01069,,Quantum ELSS Tax Saver Fund - Direct Plan Growth Option,125.76,2026-07-07
112039,INF082J01093,,Quantum Diversified Equity All Cap Active FOF - Direct Plan Growth Option,86.814,2026-07-07
115132,INF082J01150,,Quantum Gold ETF FOF - Direct Plan Growth Option,54.8994,2026-07-07
117608,INF082J01168,,Quantum Multi Asset Active FOF - Direct Plan Growth Option,37.1838,2026-07-07
118267,INF760K01FO9,,CANARA ROBECO INFRASTRUCTURE FUND - DIRECT PLAN - GROWTH OPTION,192.33,2026-07-07
118269,INF760K01FR2,,CANARA ROBECO LARGE CAP FUND - DIRECT PLAN - GROWTH OPTION,72.45,2026-07-07
118272,INF760K01EZ8,,CANARA ROBECO EQUITY HYBRID FUND - DIRECT PLAN - GROWTH OPTION,420.55,2026-07-07
118273,INF760K01DU1,,CANARA ROBECO CONSUMPTION FUND - DIRECT PLAN - GROWTH OPTION,125.22,2026-07-07
118275,INF760K01EF0,,CANARA ROBECO FLEXICAP FUND - DIRECT PLAN - GROWTH OPTION,388.61,2026-07-07
118278,INF760K01EI4,,CANARA ROBECO LARGE AND MID CAP FUND - DIRECT PLAN - GROWTH OPTION,294.44,2026-07-07
118282,INF760K01FI1,,CANARA ROBECO INCOME FUND - DIRECT PLAN - GROWTH OPTION,64.7078,2026-07-07
118284,INF760K01EC7,,CANARA ROBECO DYNAMIC BOND FUND - DIRECT PLAN - GROWTH OPTION,33.1673,2026-07-07
118285,INF760K01EL8,,CANARA ROBECO ELSS TAX SAVER - DIRECT PLAN - GROWTH OPTION,202.68,2026-07-07
118291,INF760K01ET1,,CANARA ROBECO SAVINGS FUND - DIRECT PLAN - GROWTH OPTION,46.1962,2026-07-07
118299,INF760K01FC4,,CANARA ROBECO GILT FUND - DIRECT PLAN - GROWTH OPTION,83.4234,2026-07-07
118305,INF760K01FU6,,CANARA ROBECO LIQUID FUND - DIRECT PLAN - GROWTH OPTION,3365.4931,2026-07-07
118309,INF760K01GB4,,CANARA ROBECO CONSERVATIVE HYBRID FUND - DIRECT PLAN - GROWTH OPTION,115.3528,2026-07-07
118317,INF760K01GM1,,CANARA ROBECO ULTRA SHORT TERM FUND - DIRECT PLAN - GROWTH OPTION,4309.0395,2026-07-07
118320,INF760K01DX5,,CANARA ROBECO SHORT DURATION FUND - DIRECT PLAN - GROWTH OPTION,29.3687,2026-07-07
118364,INF194K01I60,,BANDHAN LIQUID Fund -Direct Plan-Growth,3391.031,2026-07-07
118371,INF194K01J77,,BANDHAN Low Duration Fund-Direct Plan-Growth,42.1233,2026-07-07
118384,INF194K01M80,,Bandhan Money Market Fund -Direct Plan-Growth,46.6591,2026-07-07
118387,INF194K01P38,,Bandhan Gilt Fund with 10 year constant duration Fund - Direct Plan - Growth,49.4841,2026-07-07
118394,INF194K01R51,,Bandhan Medium to Long Duration Fund - Direct Plan - Growth,75.1833,2026-07-07
118401,INF194K01S50,,Bandhan Medium Duration Fund - Direct Plan - Growth,53.1628,2026-07-07
118407,INF194K01U07,,Bandhan Short Duration Fund - Direct Plan - Growth,65.4866,2026-07-07
118410,INF194K01U72,,Bandhan Income Plus Arbitrage Active FOF - Direct Plan - Growth,48.997,2026-07-07
118416,INF194K01N63,,BANDHAN Dynamic Bond Fund-Direct Plan-Growth,40.4502,2026-07-07
118419,INF194K01V89,,Bandhan Large & Mid Cap Fund - Direct Plan - Growth,165.508,2026-07-07
118421,INF194K01W21,,Bandhan Focused Fund - Direct Plan - Growth,106.253,2026-07-07
118424,INF194K01W62,,BANDHAN Flexi Cap Fund-Direct Plan-Growth,233.641,2026-07-07
118464,INF194K01Q29,,Bandhan Gilt Fund - Direct Plan - Growth,41.213,2026-07-07
118469,INF194K01X46,,BANDHAN Infrastructure Fund-Direct Plan-Growth,59.35,2026-07-07
118473,INF194K01Y29,,BANDHAN ELSS Tax Saver Fund - Direct Plan - Growth,180.546,2026-07-07
118474,INF194K01Y60,,BANDHAN Arbitrage Fund-Direct Plan- Growth,37.4354,2026-07-07
118477,INF194K01Z02,,BANDHAN Equity Savings Fund-Direct Plan-Growth,36.329,2026-07-07
118479,INF194K01Z44,,BANDHAN Large Cap Fund-Direct Plan-Growth,90.901,2026-07-07
118481,INF194K01Z85,,Bandhan Value Fund - Direct Plan - Growth,169.783,2026-07-07
118482,INF194K012A8,,BANDHAN Nifty 50 Index Fund-Direct Plan-Growth,54.5329,2026-07-07
118485,INF194K012B6,,Bandhan Aggressive Hybrid Passive FOF - Direct Plan - Growth,53.5652,2026-07-07
118486,INF194K016A9,,Bandhan Conservative Hybrid Passive FOF - Direct Plan - Growth,37.3923,2026-07-07
118489,INF194K019A3,,Bandhan Multi-Asset Passive FOF - Direct Plan - Growth,44.7077,2026-07-07
118491,INF194K015B9,,BANDHAN Conservative Hybrid Fund-Direct Plan-Growth,37.204,2026-07-07
118494,INF090I01GY2,,Templeton India Value Fund - Direct - Growth,796.9527,2026-07-07
118498,INF090I01HS2,,Franklin India Government Securities Fund - Direct - Growth,67.4479,2026-07-07
118506,INF090I01GV8,,Franklin India Money Market Fund - Direct - Growth,55.3529,2026-07-07
118508,INF090I01LK1,,Franklin India Floating Rate Fund - Direct - Growth,47.6449,2026-07-07
118510,INF090I01IN1,,Franklin India Large & Mid Cap Fund - Direct - Growth,211.7967,2026-07-07
118525,INF090I01IQ4,,Franklin India Small Cap Fund - Direct - Growth,201.1532,2026-07-07
118531,INF090I01FN7,,Franklin India Large Cap Fund- Direct - Growth,1135.9816,2026-07-07
118533,INF090I01FH9,,Franklin India Mid Cap Fund - Direct - Growth,3163.9249,2026-07-07
118535,INF090I01FK3,,Franklin India Flexi Cap Fund - Direct - Growth,1806.6181,2026-07-07
118537,INF090I01FE6,,Franklin India Technology Fund - Direct - Growth,503.7216,2026-07-07
118539,INF090I01GC8,,Franklin India Opportunities Fund - Direct - Growth,290.0035,2026-07-07
118540,INF090I01JS8,,Franklin India ELSS Tax Saver Fund - Direct - Growth,1614.5427,2026-07-07
118543,INF090I01HV6,,Franklin India Dynamic Asset Allocation Active Fund Of Funds - Direct - Growth,190.6709,2026-07-07
118546,INF090I01FZ1,,Franklin India Aggressive Hybrid Fund - Direct - Growth,311.7818,2026-07-07
118548,INF090I01JZ3,,Franklin India Retirement Fund - Direct - Growth,242.5239,2026-07-07
118551,INF090I01JR0,,Franklin U.S. Opportunities Equity Active Fund of Funds - Direct - Growth,103.7456,2026-07-07
118557,INF090I01JF5,,Franklin Build India Fund - Direct - Growth,171.2883,2026-07-07
118559,INF090I01IZ5,,Franklin Asian Equity Fund - Direct - Growth,49.6473,2026-07-07
118564,INF090I01IW2,,Franklin India Focused Equity Fund - Direct - Growth,116.7467,2026-07-07
118569,INF090I01FW8,,Franklin India Corporate Debt Fund - Direct - GROWTH,115.2785,2026-07-07
118574,INF090I01GF1,,Franklin India Conservative Hybrid Fund - Direct - GROWTH,102.4977,2026-07-07
118577,INF090I01JV2,,Franklin India Liquid Fund - Super Institutional - Direct - Growth,4222.2689,2026-07-07
118581,INF090I01GS4,,Franklin India INDEX FUND- NSE NIFTY 50 INDEX FUND- Direct - Growth,208.3518,2026-07-07
118585,INF204K01XZ7,,Nippon India Arbitrage Fund - Direct Plan Growth Plan - Growth Option,30.6364,2026-07-07
118588,INF204K01D22,,Nippon India Banking & Financial Services Fund - Direct Plan Growth Plan - Bonus Option,726.6345,2026-07-07
118589,INF204K01XO1,,Nippon India Banking & Financial Services Fund - Direct Plan Growth Plan - Growth Option,726.6345,2026-07-07
118615,INF754K01BS2,,Edelweiss Balanced Advantage Fund -Direct Plan-Growth Option,60.42,2026-07-07
118617,INF754K01BW4,,Edelweiss Large Cap Fund - Direct Plan-Growth option,97.01,2026-07-07
118620,INF754K01CA8,,Edelweiss ELSS Tax Saver Fund - Direct Plan-Growth Option,137.74,2026-07-07
118624,INF754K01CE0,,Edelweiss Aggressive Hybrid Fund-Direct Plan-Growth Option,75.52,2026-07-07
118632,INF204K01XI3,,Nippon India Large Cap Fund - Direct Plan Growth Plan - Growth Option,101.9321,2026-07-07
118633,INF204K01D30,,Nippon India Large Cap Fund - Direct Plan Growth Plan - Bonus Option,101.9321,2026-07-07
118650,INF204K01XF9,,Nippon India Multi Cap Fund - Direct Plan Growth Plan - Growth Option,336.7129,2026-07-07
118651,INF204K01D55,,Nippon India Multi Cap Fund - Direct Plan Growth Plan - Bonus Option,336.7129,2026-07-07
118656,INF204K01E05,,Nippon India Floater Fund  - Direct Plan Growth Plan - Growth Option,50.7319,2026-07-07
118663,INF204K01YC4,,Nippon India Gold Savings Fund - Direct Plan Growth Plan - Growth Option,57.1499,2026-07-07
118665,INF204K01E21,,Nippon India Growth Mid Cap Fund - Direct Plan Growth Plan - Bonus Option,824.1934,2026-07-07
118668,INF204K01E54,,Nippon India Growth Mid Cap Fund - Direct Plan Growth Plan - Growth Option,4960.9406,2026-07-07
118669,INF204K01E70,,Nippon India Gilt  Fund - Direct Plan - P F Option - Automatic Capital Appreciation Payout Option,44.6382,2026-07-07
118672,INF204K01XP8,,Nippon India Gilt  Fund - Direct Plan Growth Plan - Growth Option,44.7542,2026-07-07
118673,INF204K01E88,,Nippon India Gilt  Fund - Direct Plan - P F Option - Defined Maturity Date Option,44.8751,2026-07-07
118674,,INF204K01E62,Nippon India Gilt Fund - Direct Plan - P F Option - Automatic Annual Reinvest Option,24.2236,2026-07-07
118675,INF204K01E96,,Nippon India Vision Large & Mid Cap Fund - Direct Plan Growth Plan - Bonus Option,273.1702,2026-07-07
118678,INF204K01F20,,Nippon India Vision Large & Mid Cap Fund - Direct Plan Growth Plan - Growth Option,1611.2262,2026-07-07
118679,INF204K01F38,,Nippon India Medium to Long Duration  Fund - Direct Plan Growth Plan-Bonus Option,30.0919,2026-07-07
118687,INF204K01XS2,,Nippon India Medium to Long Duration Fund - Direct Plan Growth Plan - Growth Option,105.3049,2026-07-07
118691,INF204K01F61,,Nippon India Quarterly Interval Fund - Series II - Direct Plan Growth Plan - Growth,38.7595,2026-07-07
118692,INF204K01F95,,Nippon India Focused Fund - Direct Plan Growth Plan - Growth Option,136.1436,2026-07-07
118701,INF204K01ZH0,,Nippon India Liquid Fund - Direct Plan Growth Plan - Growth Option,6875.7898,2026-07-07
118702,INF204K01G03,,Nippon India Low Duration Fund - Direct Plan Growth Plan - Bonus Option,2465.566,2026-07-07
118709,INF204K01ZU3,,Nippon India Low Duration Fund - Direct Plan Growth Plan - Growth Option,4244.4244,2026-07-07
118715,INF204K01G11,,Nippon India Money Market Fund - Direct Plan Growth Plan - Bonus Option,2640.764,2026-07-07
118719,INF204K01ZP3,,Nippon India Money Market Fund - Direct Plan Growth Plan - Growth Option,4490.9317,2026-07-07
118722,INF204K01G29,,Nippon India Consumption Fund - Direct Plan Growth Plan - Bonus,218.7447,2026-07-07
118724,INF204K01G52,,Nippon India Consumption Fund - Direct Plan Growth Plan - Growth Option,218.7447,2026-07-07
118726,INF204K01YV4,,Nippon India Conservative Hybrid  Fund - Direct Plan Growth Plan - Growth Option,68.7702,2026-07-07
118736,INF204K01G94,,Nippon India Balanced Advantage Fund - Direct Plan Growth Plan - Growth Option,210.8813,2026-07-07
118741,INF204K01H36,,Nippon India Index Fund - Nifty 50 Plan - Direct Plan Growth Plan - Growth Option,44.9636,2026-07-07
118742,INF204K01H02,,Nippon India Index Fund - Nifty 50 Plan - Direct Plan Growth Plan - Bonus Option,44.9636,2026-07-07
118747,INF204K01A25,,Nippon India Dynamic Bond Fund - Direct Plan Growth Plan - Growth Option,42.3132,2026-07-07
118758,INF204K01I27,,Nippon India Pharma Fund - Direct Plan Growth Plan - Bonus Option,631.1734,2026-07-07
118759,INF204K01I50,,Nippon India Pharma Fund - Direct Plan Growth Plan - Growth Option,631.1734,2026-07-07
118762,INF204K01I68,,Nippon India Power & Infra Fund - Direct Plan Growth Plan - Bonus Option,414.2588,2026-07-07
118763,INF204K01I92,,Nippon India Power & Infra Fund - Direct Plan Growth Plan - Growth Option,414.2588,2026-07-07
118769,INF204K01J34,,Nippon India Quant Fund - Direct Plan Growth Plan - Growth Option,79.8059,2026-07-07
118770,INF204K01J00,,Nippon India Quant Fund - Direct Plan Growth Plan - Bonus Option,79.8059,2026-07-07
118777,INF204K01J83,,Nippon India Small Cap Fund - Direct Plan Growth Plan - Bonus Option,202.9875,2026-07-07
118778,INF204K01K15,,Nippon India Small Cap Fund - Direct Plan Growth Plan - Growth Option,202.9875,2026-07-07
118780,INF204K01A74,,Nippon India Credit Risk Fund - Direct Plan - Growth Plan,41.9027,2026-07-07
118784,INF204K01K49,,Nippon India Value Fund - Direct Plan Growth Plan,250.0759,2026-07-07
118785,INF204K01K56,,Nippon India Index Fund - BSE Sensex Plan - Direct Plan Growth Plan - Bonus Option,42.4648,2026-07-07
118791,INF204K01K80,,Nippon India Index Fund - BSE Sensex Plan - Direct Plan Growth Plan - Growth Option,42.4648,2026-07-07
118794,INF204K01B08,,Nippon India Aggressive Hybrid Fund  - Direct Plan Growth Plan,122.1146,2026-07-07
118796,INF204K01B32,,Nippon India Short Duration Fund - Direct Plan Growth Plan - Growth Option,61.2864,2026-07-07
118803,INF204K01L55,,Nippon India ELSS Tax Saver Fund - Direct Plan Growth Plan - Growth Option,145.8638,2026-07-07
118807,INF204K01D63,,Nippon India Corporate Bond Fund - Direct Plan Growth Plan - Bonus,47.8511,2026-07-07
118814,INF204K01C15,,Nippon India Corporate Bond Fund - Direct Plan Growth Plan - Growth Option,67.0231,2026-07-07
118825,INF769K01AX2,,Mirae Asset Large Cap Fund - Direct Plan - Growth,128.687,2026-07-07
118834,INF769K01BI1,,Mirae Asset Large & Midcap Fund - Direct Plan - Growth,178.904,2026-07-07
118837,INF769K01BL5,,Mirae Asset Great Consumer Fund - Direct Plan - Growth,111.827,2026-07-07
118840,INF769K01BO9,,Mirae Asset Low Duration Fund - Direct Plan - Growth,2627.9765,2026-07-07
118859,INF769K01CM1,,Mirae Asset Liquid Fund - Direct Plan - Growth,2964.1508,2026-07-07
118866,INF044D01CG6,INF044D01AA3,Taurus ELSS Tax Saver Fund - Direct Plan - Growth,195.9,2026-07-07
118867,INF044D01CH4,INF044D01CI2,Taurus ELSS Tax Saver Fund - Direct Plan - Payout of Income Distribution cum Capital Withdrawal option,90.29,2026-07-07
118868,INF044D01CN2,,Taurus Banking & Financial Services Fund - Direct Plan - Growth,61.1,2026-07-07
118869,INF044D01CO0,INF044D01CP7,Taurus Banking & Financial Services Fund - Direct Plan - Payout of Income Distribution cum Capital Withdrawal option,60.39,2026-07-07
118870,INF044D01BX3,,Taurus Large Cap Fund - Direct Plan - Growth,168.44,2026-07-07
118871,INF044D01BY1,INF044D01BZ8,Taurus Large Cap Fund - Direct Plan - Payout of Income Distribution cum Capital Withdrawal option,74.2,2026-07-07
118872,INF044D01CA9,,Taurus Mid Cap Fund - Direct Plan - Growth,126.97,2026-07-07
118873,INF044D01CB7,INF044D01CC5,Taurus Mid Cap Fund - Direct Plan - Payout of Income Distribution cum Capital Withdrawal option,112.79,2026-07-07
118876,INF044D01CJ0,,Taurus Ethical Fund - Direct Plan - Growth,143.58,2026-07-07
118877,INF044D01CK8,INF044D01CL6,Taurus Ethical Fund - Direct Plan - Payout of Income Distribution cum Capital Withdrawal option,96.38,2026-07-07
118878,INF044D01CM4,,Taurus Ethical Fund-Direct Plan-Bonus Option #,47.05,2026-07-07
118879,INF044D01CD3,,Taurus Infrastructure Fund - Direct Plan - Growth,70.54,2026-07-07
118880,INF044D01CE1,INF044D01CF8,Taurus Infrastructure Fund - Direct Plan - Payout of Income Distribution cum Capital Withdrawal option,65.69,2026-07-07
118881,INF044D01CQ5,,Taurus Nifty 50 Index Fund - Direct Plan - Growth,49.5057,2026-07-07
118882,INF044D01CR3,INF044D01CS1,Taurus Nifty 50 Index Fund - Direct Plan - Payout of Income Distribution cum Capital Withdrawal option,46.3317,2026-07-07
118883,INF044D01BU9,,Taurus Flexi Cap Fund - Direct Plan - Growth,236.69,2026-07-07
118884,INF044D01BV7,INF044D01BW5,Taurus Flexi Cap Fund - Direct Plan -  Payout of Income Distribution cum Capital Withdrawal option,119.41,2026-07-07
118924,INF740K01MZ3,,DSP Bond Fund - Direct Plan - Growth,92.1812,2026-07-07
118935,INF179K01VC4,,HDFC Value Fund - Growth Option - Direct Plan,882.985,2026-07-07
118942,INF179K01VF7,,HDFC Low Duration  Fund - Direct Plan - Growth,66.8945,2026-07-07
118950,INF179K01VK7,,HDFC Focused Fund - Growth Option - Direct Plan,268.317,2026-07-07
118955,INF179K01UT0,,HDFC Flexi Cap Fund - Growth Option - Direct Plan,2248.494,2026-07-07
118961,INF179K01VQ4,,HDFC Floating Rate Debt Fund - Direct Plan - Growth Option,54.5598,2026-07-07
118968,INF179K01WA6,,HDFC Balanced Advantage Fund - Growth Plan - Direct Plan,572.206,2026-07-07
118979,INF179K01WQ2,,HDFC Infrastructure Fund - Growth Option - Direct Plan,53.242,2026-07-07
118987,INF179K01XD8,,HDFC Corporate Bond Fund - Growth Option - Direct Plan,35.2634,2026-07-07
118989,INF179K01XQ0,,HDFC Mid Cap Fund - Growth Option - Direct Plan,231.094,2026-07-07
118994,INF740K01NO5,,DSP Regular Savings Fund - Direct Plan - Growth,69.2916,2026-07-07
119016,INF179K01YM7,,HDFC Short Term  Debt Fund - Growth Option - Direct Plan,35.2672,2026-07-07
119018,INF179K01YV8,,HDFC Large Cap Fund - Growth Option - Direct Plan,1242.737,2026-07-07
119019,INF740K01NY4,,DSP Aggressive Hybrid Fund - Direct Plan - Growth,402.876,2026-07-07
119028,INF740K01QA7,,DSP Natural Resources and New Energy Fund - Direct Plan - Growth,119.035,2026-07-07
119053,INF277K01MN2,,Tata Aggressive Hybrid Fund -Direct Plan- Growth Option,498.6495,2026-07-07
119060,INF179K01YS4,,HDFC ELSS Tax saver - Growth Option - Direct Plan,1503.705,2026-07-07
119062,INF179K01XZ1,,HDFC Hybrid Equity Fund - Growth Option - Direct Plan,125.308,2026-07-07
119063,INF179K01WM1,,HDFC Nifty 50 Index Fund - Direct Plan,238.2936,2026-07-07
119065,INF179K01WN9,,HDFC BSE Sensex Index Fund - Direct Plan,746.9051,2026-07-07
119066,INF179KC1IX0,,HDFC Childrens Fund - Direct Plan,325.134,2026-07-07
119069,INF179K01WL3,,HDFC Income Fund - Growth Option - Direct Plan,67.6853,2026-07-07
119071,INF740K01PX1,,DSP Midcap Fund - Direct Plan - Growth,173.18,2026-07-07
119075,INF179K01WB4,,HDFC Dynamic Debt Fund - Growth Option - Direct Plan,103.7475,2026-07-07
119076,INF740K01PI2,,DSP Flexi Cap Fund - Direct Plan - Growth,117.023,2026-07-07
119081,INF179K01WI9,,HDFC Medium Term Debt Fund - Growth Option - Direct Plan,65.5957,2026-07-07
119082,INF740K01OS4,,DSP Credit Risk Fund - Direct Plan - Growth,60.3725,2026-07-07
119091,INF179KB1HP9,,HDFC Liquid Fund - Growth Option - Direct Plan,5513.7977,2026-07-07
119092,INF179KB1HU9,,HDFC Money Market Fund - Growth Option - Direct Plan,6227.8516,2026-07-07
119096,INF740K01OB0,,DSP Focused Fund - Direct Plan - Growth,62.812,2026-07-07
119099,INF740K01NF3,,DSP Gilt Fund - Direct Plan - Growth,106.9239,2026-07-07
119106,INF740K01NU2,,DSP Savings Fund - Direct Plan - Growth,57.926,2026-07-07
119110,INF179KB1HT1,,HDFC Overnight Fund - Growth Option - Direct Plan,4047.5371,2026-07-07
119116,INF179K01VS0,,HDFC Gilt Fund - Growth Option - Direct Plan,60.9739,2026-07-07
119118,INF179K01XE6,,HDFC Hybrid Debt Fund - Growth Option - Direct Plan,90.2664,2026-07-07
119125,INF740K01QL4,,DSP Liquidity Fund - Direct Plan - Growth,4016.8203,2026-07-07
119128,INF179K01XT4,,HDFC Equity Savings Fund - Growth Option - Direct Plan,76.585,2026-07-07
119131,INF179K01XW8,,HDFC Multi-Asset Fund - Growth Option - Direct Plan,84.545,2026-07-07
119132,INF179K01VX0,,HDFC Gold ETF Fund of Fund - Direct Plan,44.7516,2026-07-07
119133,INF666M01600,,Groww Largecap Fund (formerly known as Indiabulls Blue Chip Fund) - Direct Plan - Growth Option,52.47,2026-07-07
119134,INF666M01626,INF666M01618,Groww Largecap Fund (formerly known as Indiabulls Bluechip Fund)- Direct Plan- - Income Distribution cum capital withdrawal Option (Payout & Reinvestment),30.39,2026-07-07
119135,INF666M01451,,Groww Liquid Fund ( formerly known as Indiabulls Liquid )Fund - Direct Plan - Growth Option,2722.2265,2026-07-07
119136,,INF666M01469,Groww Liquid Fund (formerly known as Indiabulls Liquid Fund) - Direct Plan- - Income Distribution cum capital withdrawal Option ( Reinvestment),1002.025,2026-07-07
119137,INF666M01527,INF666M01477,Groww Liquid Fund (formerly known as Indiabulls Liquid Fund)- Direct Plan- Weekly - Income Distribution cum capital withdrawal Option (Payout & Reinvestment),1001.7961,2026-07-07
119138,INF666M01501,INF666M01485,Groww Liquid Fund (formerly known as Indiabulls Liquid Fund)- Direct Plan- Fortnightly - Income Distribution cum capital withdrawal Option (Payout & Reinvestment),1004.0458,2026-07-07
119139,INF666M01519,INF666M01493,Groww Liquid Fund (formerly known as Indiabulls Liquid Fund)- Direct Plan- Monthly - Income Distribution cum capital withdrawal Option (Payout & Reinvestment),1030.0079,2026-07-07
119160,INF277K01QZ7,,Tata Large Cap Fund -Direct Plan Growth Option,593.2453,2026-07-07
119164,INF959L01GF1,,Navi Liquid Fund-Direct Plan-Growth Option,30.3278,2026-07-07
119172,INF277K01NG4,,Tata Ethical Fund -Direct Plan- Growth Option,413.6087,2026-07-07
119178,INF277K01PY2,,Tata Mid Cap Fund - Direct Plan- Growth Option,528.222,2026-07-07
119202,INF277K01MK8,,Tata Large & MId Cap Fund -Direct Plan- Growth Option,578.8375,2026-07-07
119205,INF740K01ON5,,DSP Ultra Short Fund - Direct Plan - Growth,3956.4398,2026-07-07
119212,INF740K01QD1,,DSP Small Cap Fund - Direct Plan - Growth,243.114,2026-07-07
119218,INF740K01PL6,,DSP Large & Mid Cap Fund - Direct Plan - Growth,709.684,2026-07-07
119226,INF740K01NJ5,,DSP Short Term Fund - Direct Plan - Growth,53.8321,2026-07-07
119231,INF277K01ND1,,Tata Value Fund -Direct Plan Growth Option,398.0832,2026-07-07
119239,INF740K01QG4,,DSP Strategic Bond Fund - Direct Plan - Growth,3726.2673,2026-07-07
119242,INF740K01OK1,,DSP ELSS Tax Saver Fund - Direct Plan - Growth,157.376,2026-07-07
119243,INF277K01PQ8,,Tata Infrastructure Fund -Direct Plan -Growth Option,200.5753,2026-07-07
119247,INF740K01PU7,,DSP India T.I.G.E.R. Fund - Direct Plan - Growth,396.068,2026-07-07
119250,INF740K01PR3,,DSP Large Cap Fund - Direct Plan - Growth,512.117,2026-07-07
119251,INF277K01QO1,,Tata Retirement Savings Fund- Progressive Plan -Direct Plan-Growth Option,83.7182,2026-07-07
119252,INF740K01OH7,,DSP US Specific Equity Omni FoF - Direct Plan - Growth,102.5112,2026-07-07
119255,INF277K01QN3,,Tata Retirement Savings Fund- Moderate Plan -Direct Plan-Growth Option,81.0428,2026-07-07
119256,INF277K01QM5,,Tata Retirement Savings Fund- Conservative Plan-Direct Plan-Growth Option,38.844,2026-07-07
119275,INF740K01PC5,,DSP Global Clean Energy Overseas Equity Omni FoF Direct Plan - Growth,31.0794,2026-07-07
119277,INF740K01OZ9,,DSP World Gold Mining Overseas Equity Omni FoF - Direct Plan - Growth,54.8685,2026-07-07
119279,INF740K01PF8,,DSP World Mining Overseas Equity Omni FoF - Direct Plan - Growth,32.5564,2026-07-07
119287,INF277K01PK1,,Tata S&P BSE Sensex Index Fund - Direct Plan,209.0612,2026-07-07
119288,INF277K01PJ3,,Tata Nifty 50 Index Fund -Direct Plan,165.6578,2026-07-07
119292,INF582M01633,,Union Flexi Cap Fund - Direct Plan - Growth Option,58.39,2026-07-07
119300,INF761K01629,,BANK OF INDIA Large & Mid Cap Fund Direct Plan- Bonus,55.81,2026-07-07
119303,INF582M01674,,Union Liquid Fund - Direct Plan - Growth Option,2708.6944,2026-07-07
119307,INF582M01765,,Union ELSS Tax Saver Fund - Direct Plan - Growth Option,71.83,2026-07-07
119311,INF582M01799,,Union Dynamic Bond Fund - Direct Plan - Growth Option,25.2039,2026-07-07
119312,INF277K01QW4,,Tata Childrens Fund-Direct Plan-Growth Option,64.5012,2026-07-07
119333,INF955L01971,,Baroda BNP Paribas Banking and Financial Services Fund - Direct - Growth Option,56.502,2026-07-07
119341,INF955L01AD7,,Baroda BNP Paribas GILT FUND - Direct Plan - Growth Option,48.7013,2026-07-07
119350,INF761K01652,,BANK OF INDIA Large & Mid Cap Fund Direct Plan-Growth,108.09,2026-07-07
119351,INF761K01884,,BANK OF INDIA ELSS Tax Saver -Direct Plan- Growth,193.3,2026-07-07
119354,INF955L01AG0,,Baroda BNP Paribas MULTI CAP FUND - Direct Plan - Growth Option,333.6412,2026-07-07
119364,INF761K01702,,BANK OF INDIA Manufacturing & Infrastructure Fund-Direct Plan-Growth,78.63,2026-07-07
119369,INF761K01785,,BANK OF INDIA Liquid Fund- Direct Plan- Growth,3234.1301,2026-07-07
119379,INF761K01892,,BANK OF INDIA Ultra Short Duration Fund- Direct Plan- Growth,3488.0563,2026-07-07
119382,INF761K01736,,BANK OF INDIA Short Term Income Fund-Direct Plan- Growth,30.8731,2026-07-07
119393,INF761K01819,,BANK OF INDIA Conservative Hybrid Fund Fund-Direct Plan-Growth,38.0328,2026-07-07
119400,INF955L01BD5,,Baroda BNP Paribas Short Duration Fund - Direct Plan - Growth Option,33.7124,2026-07-07
119415,INF955L01AL0,,Baroda BNP Paribas LIQUID FUND - DIRECT PLAN - GROWTH OPTION,3236.0835,2026-07-07
119424,INF277K01PR6,,Tata Money Market Fund- Direct Plan- Growth Option,5143.6032,2026-07-07
119436,INF209K01VH8,,Aditya Birla Sun Life Large & Mid Cap Fund - Growth - Direct Plan,1047.66,2026-07-07
119498,INF209K01XK8,,Aditya Birla Sun Life Short Term Fund - Growth - Direct Plan,55.0244,2026-07-07
119501,INF209K01UR9,,Aditya Birla Sun Life Savings Fund - Growth - Direct Plan,596.566,2026-07-07
119505,INF209K01N82,,Aditya Birla Sun Life Dynamic Bond Fund - Growth - Direct Plan,52.95,2026-07-07
119511,INF209K01UU3,,Aditya Birla Sun Life Money Manager Fund - Growth - Direct Plan,400.3634,2026-07-07
119514,INF209K01WH6,,Aditya Birla Sun Life Infrastructure Fund - Growth - Direct Plan,118.07,2026-07-07
119517,INF209K01WS3,,Aditya Birla Sun Life International Equity Fund - Growth - Direct Plan,56.662,2026-07-07
119523,INF209K01XU7,,Aditya Birla Sun Life Low duration Fund - Growth - Direct Plan,776.477,2026-07-07
119526,INF209K01VP1,,Aditya Birla Sun Life Arbitrage Fund - Growth - Direct Plan,30.5993,2026-07-07
119528,INF209K01YY7,,Aditya Birla Sun Life Large Cap Fund - Growth - Direct Plan,578.34,2026-07-07
119533,INF209K01S38,,Aditya Birla Sun Life Corporate Bond Fund - Growth - Direct Plan,121.7788,2026-07-07
119539,INF209K01XA9,,Aditya Birla Sun Life Medium Term Plan - Growth - Direct Plan,47.7691,2026-07-07
119544,INF209K01UN8,,Aditya Birla Sun Life ELSS Tax Saver Fund - Growth - Direct Plan,69.95,2026-07-07
119549,INF903J01NN3,,Sundaram Value Fund Direct Plan - Growth,228.2971,2026-07-07
119550,INF209K01YN0,,Aditya Birla Sun Life Banking & PSU Debt Fund- Direct Plan-Growth,403.3304,2026-07-07
119556,INF209K01WN4,,Aditya Birla Sun Life Small Cap Fund - Growth - Direct Plan,108.9032,2026-07-07
119564,INF209K01WE3,,Aditya Birla Sun Life Focused Fund - Growth - Direct Plan,166.8518,2026-07-07
119566,INF903J01PR9,,Sundaram Large and Midcap Fund Direct Plan - Growth,102.0631,2026-07-07
119568,INF209K01VA3,,Aditya Birla Sun Life Liquid Fund - Growth - Direct Plan,453.7787,2026-07-07
119574,INF200K01QU0,,SBI Arbitrage Opportunities Fund - Direct Plan - Gr,38.3639,2026-07-07
119581,INF903J01MJ3,,Sundaram Mid Cap Fund Direct Plan - Growth,1625.8937,2026-07-07
119589,INF903J01NK9,,Sundaram Small Cap Fund Direct Plan - Growth,324.5126,2026-07-07
119591,INF209K01WC7,,Aditya Birla Sun Life Consumption Fund - Growth - Direct Plan,240.52,2026-07-07
119595,INF903J01NH5,,Sundaram Consumption Fund (Formerly Known as Sundaram Rural and Consumption Fund Direct Plan - Growth),102.6453,2026-07-07
119597,INF903J01NB8,,Sundaram Financial Services Opportunities Fund Direct Plan - Growth,126.5317,2026-07-07
119598,INF200K01QX4,,SBI Large Cap FUND-DIRECT PLAN -GROWTH,105.4907,2026-07-07
119605,INF209K01XP7,,Aditya Birla Sun Life Government Securities Fund - Growth - Direct Plan,89.659,2026-07-07
119609,INF200K01RY0,,SBI EQUITY HYBRID FUND - DIRECT PLAN - Growth,351.4231,2026-07-07
119620,INF209K01Q30,,Aditya Birla Sun Life Midcap Fund - Growth - Direct Plan,939.04,2026-07-07
119621,INF903J01NR4,,Sundaram Corporate Bond Fund Direct Plan - Growth,43.9647,2026-07-07
119625,INF903J01PA5,,Sundaram Banking & PSU Fund (Formerly Known as Sundaram Banking and PSU Debt Fund) Direct Plan - Growth,46.2728,2026-07-07
119635,INF903J01OP6,,Sundaram Conservative Hybrid Fund (Formerly Known as Sundaram Debt Oriented Hybrid Fund) Direct Plan - Growth,32.7096,2026-07-07
119646,INF209K01VT3,,Aditya Birla Sun Life MNC Fund - Growth - Direct Plan,1462.48,2026-07-07
119648,INF209K01VY3,,Aditya Birla Sun Life Nifty 50 Index Fund - Growth - Direct Plan,254.365,2026-07-07
119657,INF209K01WY1,,Aditya Birla Sun Life Income Fund - Growth - Direct Plan,141.3177,2026-07-07
119659,INF209K01WQ7,,Aditya Birla Sun Life Value Fund - Growth - Direct Plan,153.2468,2026-07-07
119671,INF200K01RD4,,SBI Dynamic Bond Fund - DIRECT PLAN - Growth,41.2509,2026-07-07
119675,INF903J01PO6,,Sundaram Medium Duration Fund (Formerly Known as Sundaram Medium Term Bond Fund) Direct Plan - Growth,80.6593,2026-07-07
119700,INF200K01RS2,,SBI INFRASTRUCTURE FUND -  DIRECT PLAN - GROWTH,55.4269,2026-07-07
119705,INF200K01SB6,,SBI COMMA Fund - DIRECT PLAN - Growth,125.0102,2026-07-07
119707,INF200K01SH3,,SBI GILT FUND - DIRECT PLAN - GROWTH,72.9308,2026-07-07
119709,INF200K01SE0,,SBI ESG Exclusionary Strategy Fund - Direct Plan -Growth,264.51,2026-07-07
119711,INF200K01SN1,,SBI MNC FUND - DIRECT PLAN -GROWTH,433.4055,2026-07-07
119712,INF200K01SO9,,SBI Medium to Long Duration Fund-DIRECT PLAN - Bonus,48.7263,2026-07-07
119714,INF200K01SR2,,SBI Medium to Long Duration Fund-DIRECT PLAN -Growth,80.3523,2026-07-07
119716,INF200K01TP4,,SBI MIDCAP FUND - DIRECT PLAN - GROWTH,272.082,2026-07-07
119718,INF200K01UG1,,SBI Flexicap Fund - DIRECT PLAN - Growth Option,121.2916,2026-07-07
119719,INF200K01QR6,,SBI Children's Fund - Savings Plan - DIRECT PLAN - GROWTH,129.2926,2026-07-07
119721,INF200K01UJ5,,SBI LARGE & MIDCAP FUND -DIRECT PLAN -Growth,716.0688,2026-07-07
119723,INF200K01UM9,,SBI ELSS Tax Saver FUND - DIRECT PLAN -GROWTH,478.4033,2026-07-07
119727,INF200K01RJ1,,SBI FOCUSED FUND - DIRECT PLAN -GROWTH,445.5605,2026-07-07
119732,INF200K01UY4,,SBI PSU Fund - DIRECT PLAN - GROWTH,38.2756,2026-07-07
119735,INF174K01JC0,,Kotak Bond Fund - Growth - Direct,90.9457,2026-07-07
119739,INF174K01JI7,,Kotak Bond Short Term Plan-(Growth) - Direct,61.0341,2026-07-07
119740,INF174K01MG5,,Kotak Credit Risk Fund - Direct Plan - Standard Income Distribution cum capital withdrawal option,27.0056,2026-07-07
119741,INF174K01LZ7,,Kotak Credit Risk Fund - Growth - Direct,35.9549,2026-07-07
119746,INF174K01MW2,,Kotak Money Market Fund - (Growth) - Direct,4842.144,2026-07-07
119747,INF174K019O8,INF174K01MX0,Kotak Money Market Fund - (Monthly Payout of Income Distribution cum capital withdrawal option) - Direct,1287.7746,2026-07-07
119750,INF174K01JP2,,Kotak Savings Fund-Growth - Direct,47.9245,2026-07-07
119751,INF174K01JQ0,,Kotak Savings Fund-Monthly Payout of Income Distribution cum capital withdrawal option - Direct,20.6631,2026-07-07
119753,INF174K01JX6,,Kotak Dynamic Bond Fund - Direct Plan - Standard Income Distribution cum capital withdrawal option,15.253,2026-07-07
119755,INF174K01JU2,,Kotak Dynamic Bond Fund - Growth - Direct,43.4614,2026-07-07
119757,INF174K01KM7,,Kotak Gilt-Investment  Provident Fund and Trust-Growth - Direct,114.868,2026-07-07
119758,INF174K01KF1,,Kotak Gilt-Investment Regular-Payout of Income Distribution cum capital withdrawal option - Direct,24.6788,2026-07-07
119759,INF174K01KE4,,Kotak Gilt-Investment Regular-Growth - Direct,112.1501,2026-07-07
119764,,INF174K01NH1,Kotak Liquid Fund - Direct Plan - Daily Reinvestment of Income Distribution cum capital withdrawal option,1222.7637,2026-07-07
119766,INF174K01NE8,,Kotak Liquid Fund - Direct Plan - Growth,5673.6777,2026-07-07
119769,INF174K01KZ9,,Kotak Contra Fund - Direct Plan - Growth,184.346,2026-07-07
119771,INF174K01LC6,,Kotak Arbitrage Fund - Direct Plan - Growth,42.7844,2026-07-07
119772,INF174K01LJ1,,Kotak ELSS Tax Saver Fund-Payout of Income Distribution cum capital withdrawal option - Direct,58.001,2026-07-07
119773,INF174K01LI3,,Kotak ELSS Tax Saver Fund-Growth - Direct,138.462,2026-07-07
119775,INF174K01LT0,,Kotak Midcap Fund - Direct Plan - Growth,170.626,2026-07-07
119776,INF174K01LO1,INF174K01LP8,Kotak Multi Asset Omni FOF - Direct Payout of Income Distribution cum capital withdrawal option,271.805,2026-07-07
119777,INF174K01LN3,,Kotak Multi Asset Omni FOF - Direct Growth - Direct,276.785,2026-07-07
119778,INF174K01LX2,INF174K01LY0,Kotak Global Emerging Market Overseas Equity Omni FOF - Payout of Income Distribution cum capital withdrawal option - Direct,43.279,2026-07-07
119779,INF174K01LW4,,Kotak Global Emerging Market overseas Equity Omni FOF - Growth - Direct,43.098,2026-07-07
119780,INF174K01MQ4,INF174K01MR2,Kotak Gold Fund Payout of Income Distribution cum capital withdrawal option- Direct,57.9193,2026-07-07
119781,INF174K01MP6,,Kotak Gold Fund Growth - Direct,57.9198,2026-07-07
119783,INF200K01UP2,,SBI HEALTHCARE OPPORTUNITIES FUND - DIRECT PLAN -GROWTH,570.7674,2026-07-07
119788,INF200K01RP8,,SBI GOLD FUND- DIRECT PLAN - GROWTH,43.8059,2026-07-07
119798,INF200K01SV4,,SBI CREDIT RISK FUND - DIRECT PLAN -GROWTH,53.4915,2026-07-07
119800,INF200K01UT4,,SBI Liquid Fund - DIRECT PLAN -Growth,4389.8519,2026-07-07
119812,INF200K01VM7,,SBI LOW DURATION FUND - DIRECT PLAN - GROWTH,3869.358,2026-07-07
119816,INF200K01VE4,,SBI SHORT TERM DEBT FUND - DIRECT PLAN -GROWTH,36.3226,2026-07-07
119821,INF200K01SZ5,,SBI  SAVINGS FUND - DIRECT PLAN - GROWTH,47.4402,2026-07-07
119824,INF200K01VB0,,SBI MEDIUM DURATION FUND - DIRECT PLAN - GROWTH,59.2888,2026-07-07
119827,INF200K01TE8,,SBI NIFTY INDEX FUND - DIRECT PLAN - GROWTH,227.7884,2026-07-07
119828,INF200K01TF5,,SBI ULTRA SHORT DURATION FUND - DIRECT PLAN - GROWTH,6483.373,2026-07-07
119833,INF200K01TK5,,SBI OVERNIGHT FUND - DIRECT PLAN - GROWTH,4439.5876,2026-07-07
119835,INF200K01RA0,,SBI CONTRA FUND - DIRECT PLAN - GROWTH,414.4313,2026-07-07
119839,INF200K01TS8,,SBI Conservative Hybrid Fund - Direct Plan - Growth,84.0348,2026-07-07
119843,INF200K01TZ3,,SBI MULTI ASSET ALLOCATION FUND - DIRECT PLAN - GROWTH,74.6616,2026-07-07
119861,INF277K01YE6,,Tata Liquid Fund- Direct Plan-Growth Option,4432.9618,2026-07-07
119863,INF277K01OK4,,Tata Treasury Advantage Fund - Direct Plan - Growth Option,4315.9446,2026-07-07
119949,INF277K01QR4,,Tata Short Term Bond Fund - Direct Plan - Growth Option,56.154,2026-07-07
119953,INF277K01OX7,,Tata Gilt Securities Fund- Direct Plan - Growth Option,91.2544,2026-07-07
120030,INF336L01CM7,,HSBC Large Cap Fund - Direct Growth,536.3421,2026-07-07
120035,INF336L01BY4,,HSBC Brazil Fund - Growth Direct,11.1036,2026-07-07
120038,INF336L01CC8,,HSBC Liquid Fund -  Growth Direct,2797.888,2026-07-07
120043,INF336L01CJ3,,HSBC Global Emerging Market Fund - Growth Direct,37.9607,2026-07-07
120046,INF336L01DH5,,HSBC Flexi Cap Fund - Direct Growth,254.931,2026-07-07
120059,INF336L01DE2,,HSBC Medium to Long Duration Fund - Direct Growth,49.0152,2026-07-07
120073,INF336L01DW4,,HSBC Conservative Hybrid Fund - Direct Growth,72.1008,2026-07-07
120084,INF663L01AD7,,PGIM India Dynamic Bond Fund - Direct Plan-Growth Option,3119.4976,2026-07-07
120137,INF200K01SK7,,SBI CONSTANT MATURITY 10 YEAR GILT FUND - DIRECT PLAN - GROWTH,69.6783,2026-07-07
120152,INF174K01KW6,,Kotak Large Cap  Fund - Growth - Direct,663.958,2026-07-07
120153,INF174K01KY2,INF174K01KX4,Kotak Large Cap Fund - Payout of Income Distribution cum capital withdrawal option - Direct,87.81,2026-07-07
120154,INF174K01JZ1,,Kotak Debt Hybrid - Growth - Direct,70.0614,2026-07-07
120155,INF174K01KA2,INF174K01KB0,Kotak Debt Hybrid - Monthly Payout of Income Distribution cum capital withdrawal option - Direct,13.592,2026-07-07
120158,INF174K01LF9,,Kotak Large & Midcap Fund - Direct- Growth,410.819,2026-07-07
120163,INF174K01KU0,INF174K01KV8,Kotak-Small Cap Fund - Payout of Income Distribution cum capital withdrawal option - Direct,139.154,2026-07-07
120164,INF174K01KT2,,Kotak-Small Cap Fund - Growth - Direct,316.813,2026-07-07
120165,INF174K01LQ6,INF174K01LR4,Kotak Flexicap Fund - Payout of Income Distribution cum capital withdrawal option- Direct,59.882,2026-07-07
120166,INF174K01LS2,,Kotak Flexicap Fund - Growth - Direct,98.053,2026-07-07
120186,INF109K01Z71,,ICICI Prudential US Bluechip Equity Fund - Direct Plan -  Growth,85.75,2026-07-07
120197,INF109K01Q49,,ICICI Prudential Liquid Fund - Direct Plan - Growth,415.5522,2026-07-07
120211,INF109K01R14,,ICICI Prudential Money Market Fund Option - Direct Plan -  Growth,410.1889,2026-07-07
120242,INF109K01W58,,ICICI Prudential Multi Sector Passive FOF - Direct Plan - Growth,178.1034,2026-07-07
120244,INF109K013J1,,ICICI Prudential Banking and Financial Services Fund - Direct Plan -  Growth,152.12,2026-07-07
120249,INF767K01DN1,,LIC MF Liquid Fund-Direct Plan-Growth,5098.1461,2026-07-07
120251,INF109K01Y07,,ICICI Prudential Equity & Debt Fund - Direct Plan - Growth,456.93,2026-07-07
120256,INF109K010A6,,ICICI Prudential Banking and PSU Debt Fund - Direct Plan -  Growth,36.4014,2026-07-07
120261,INF767K01ED0,,LIC MF Aggressive Hybrid Fund-Direct Plan-Growth,227.4001,2026-07-07
120264,INF767K01EG3,,LIC MF Flexi Cap Fund-Direct Plan-Growth,116.1312,2026-07-07
120267,INF767K01EJ7,,LIC MF Large Cap Fund-Direct Plan-Growth,61.8014,2026-07-07
120270,INF767K01EM1,,LIC MF ELSS Tax Saver-Direct Plan-Growth,170.979,2026-07-07
120276,INF767K01EO7,,LIC MF Conservative Hybrid Fund-Direct Plan-Growth,94.5874,2026-07-07
120279,INF767K01EW0,,LIC MF Medium to Long Duration Fund-Direct Plan-Growth,82.2899,2026-07-07
120282,INF767K01EZ3,,LIC MF Gilt Fund-Direct Plan-Growth,67.4493,2026-07-07
120285,INF767K01FB1,,LIC MF Children's Fund-Direct Plan-Growth,37.3607,2026-07-07
120299,INF789F01XV6,,UTI MMF - Direct Plan - Growth Option,3333.0745,2026-07-07
120304,INF789F1AD46,,UTI-  Liquid Cash Plan - Direct Plan - Growth Option,460.4397,2026-07-07
120307,INF767K01FF2,,LIC MF Nifty 50 Index Fund-Direct Plan-Growth,145.9938,2026-07-07
120308,INF767K01FJ4,,LIC MF BSE Sensex Index Fund-Direct Plan-Growth,157.5332,2026-07-07
120313,INF109K01W82,,ICICI Prudential Income plus Arbitrage Omni FOF - Direct Plan - Growth,71.6575,2026-07-07
120315,INF767K01FM8,,LIC MF Low Duration Fund-Direct Plan-Growth,45.7809,2026-07-07
120323,INF109K012K1,,ICICI Prudential Value Fund (erstwhile Value Discovery Fund) - Direct Plan - Growth,517.0,2026-07-07
120333,INF205K01LN5,,Invesco India Balanced Advantage Fund - Direct Plan - Growth,63.38,2026-07-07
120334,INF109K015K4,,ICICI Prudential Multi-Asset Fund - Direct Plan - Growth,903.0939,2026-07-07
120338,INF767K01GI4,,LIC MF Banking & PSU Fund-Direct Plan-Growth,39.863,2026-07-07
120348,INF205K01LE4,,Invesco India Contra Fund - Direct Plan - Growth,158.6,2026-07-07
120351,INF767K01GW5,,LIC MF Infrastructure Fund-Direct Plan-Growth,63.4827,2026-07-07
120357,INF205K01MA0,,Invesco India Large & Mid Cap Fund - Direct Plan - Growth,131.24,2026-07-07
120364,INF109K016O4,,ICICI Prudential Arbitrage Fund - Direct Plan - Growth,39.2565,2026-07-07
120377,INF109K012B0,,ICICI Prudential Balanced Advantage Fund - Direct Plan -  Growth,87.92,2026-07-07
120381,INF109K011N7,,ICICI Prudential MidCap Fund - Direct Plan -  Growth,378.64,2026-07-07
120385,INF205K01KY4,,Invesco India Financial Services Fund - Direct Plan - Growth,181.42,2026-07-07
120389,INF846K01CX4,,Axis Liquid Fund - Direct Plan - Growth Option,3124.7407,2026-07-07
120392,INF205K01LB0,,Invesco India Largecap Fund - Direct Plan - Growth,87.18,2026-07-07
120395,INF205K01NG5,,Invesco India PSU Equity Fund - Direct Plan - Growth,78.06,2026-07-07
120398,INF109K01O82,,ICICI Prudential Savings Fund - Direct Plan - Growth,589.4043,2026-07-07
120401,INF205K01KR8,,Invesco India Arbitrage Fund - Direct Plan - Growth Option,36.8947,2026-07-07
120403,INF205K01MV6,,Invesco India Midcap Fund - Direct Plan - Growth Option,241.55,2026-07-07
120405,INF205K01MD4,,Invesco India Infrastructure Fund - Direct Plan - Growth Option,83.52,2026-07-07
120406,INF192K01CM6,,JM Liquid Fund (Direct) - Growth Option,76.6032,2026-07-07
120413,INF205K01MS2,,Invesco India Multicap Fund - Direct Plan - Growth Option,156.93,2026-07-07
120416,INF205K01NT8,,Invesco India ELSS Tax Saver Fund - Direct Plan - Growth,148.68,2026-07-07
120425,INF109K01P57,,ICICI Prudential Floating Interest Fund - Direct Plan - Growth,498.6041,2026-07-07
120430,INF192K01CW5,,JM Medium to Long Duration Fund (Direct) - Growth Option,72.3653,2026-07-07
120435,INF192K01DD3,,JM Dynamic Bond Fund - (Direct) - Growth Option,46.3987,2026-07-07
120438,INF846K01CR6,,Axis Banking & PSU Debt Fund - Direct Plan - Growth Option,2887.4116,2026-07-07
120444,INF205K01KT4,,Invesco India Banking and PSU Fund - Direct Plan -  Growth Option,2572.2384,2026-07-07
120447,INF846K01DD4,,Axis Gilt Fund - Direct Plan - Growth Option,28.7473,2026-07-07
120451,INF846K01DI3,,Axis Dynamic Bond Fund - Direct Plan - Growth Option,34.7546,2026-07-07
120465,INF846K01DP8,,Axis Large Cap Fund - Direct Plan - Growth,69.84,2026-07-07
120468,INF846K01CQ8,,Axis Focused Fund - Direct Plan - Growth Option,63.36,2026-07-07
120473,INF846K01DS2,,Axis Gold Fund - Direct Plan - Growth option,45.1862,2026-07-07
120475,INF846K01DT0,,Axis Strategic Bond Fund - Direct Plan - Growth Option,33.1796,2026-07-07
120478,INF846K01EB6,INF846K01EC4,Axis Conservative Hybrid Fund - Direct Plan - Half Yearly,13.4686,2026-07-07
120479,INF846K01ED2,INF846K01EE0,Axis Conservative Hybrid Fund - Direct Plan - Quarterly,12.8347,2026-07-07
120480,INF846K01EA8,,Axis Conservative Hybrid Fund - Direct Plan - Growth Option,36.1829,2026-07-07
120482,INF192K01BN6,,JM Arbitrage Fund (Direct) - Growth Option,37.0223,2026-07-07
120484,INF192K01BQ9,,JM Aggressive Hybrid Fund (Direct) - Growth Option,136.3665,2026-07-07
120486,INF192K01BT3,,JM Value Fund (Direct) - Growth Option,107.3775,2026-07-07
120488,INF192K01BW7,,JM Focused Fund (Direct)  - Growth Option,23.7729,2026-07-07
120490,INF192K01BZ0,,JM Large Cap Fund (Direct) - Growth Option,177.989,2026-07-07
120492,INF192K01CC7,,JM Flexicap Fund (Direct) - Growth Option,112.7556,2026-07-07
120494,INF192K01CE3,,JM ELSS Tax Saver Fund (Direct) - Growth Option,58.7732,2026-07-07
120497,INF205K01RF8,,Invesco India Corporate Bond Fund - Direct Plan - Growth,3617.4127,2026-07-07
120503,INF846K01EW2,,Axis ELSS Tax Saver Fund - Direct Plan - Growth Option,110.0997,2026-07-07
120505,INF846K01EH3,,Axis Midcap Fund - Direct Plan - Growth,140.5,2026-07-07
120507,INF205K01RY9,,Invesco India Money Market Fund - Direct Plan - Growth,3362.8358,2026-07-07
120510,INF846K01EI1,,Axis Short Duration Fund - Direct Plan - Growth Option,36.1149,2026-07-07
120513,INF846K01EN1,,Axis Treasury Advantage Fund - Direct Plan - Growth Option,3466.7878,2026-07-07
120517,INF209K01ZC0,,Aditya Birla Sun Life Equity Hybrid'95 Fund - Direct Plan-Growth,1739.15,2026-07-07
120520,INF205K01SN0,,Invesco India Gilt Fund - Direct  Plan - Growth,3271.0206,2026-07-07
120524,INF846K01EV4,,Axis Multi Asset Allocation Fund - Direct Plan - Growth Option,52.5205,2026-07-07
120531,INF205K01NJ9,,Invesco India Gold ETF Fund of Fund - Direct Plan - Growth,41.7073,2026-07-07
120537,INF205K01MF9,,Invesco India Liquid Fund - Direct Plan - Growth,3854.1003,2026-07-07
120539,INF209K01VF2,,Aditya Birla Sun Life Digital India Fund - Growth - Direct Plan,165.61,2026-07-07
120541,INF205K01TH0,,Invesco India Ultra Short Duration Fund - Direct Plan - Growth,3076.1696,2026-07-07
120546,INF209K01YU5,,Aditya Birla Sun Life Gold Fund - Growth - Direct Plan,43.2871,2026-07-07
120560,INF205K01UH8,,Invesco India Short Duration Fund - Direct Plan - Growth,4188.9558,2026-07-07
120564,INF209K01XX1,,Aditya Birla Sun Life Flexi Cap Fund - Growth - Direct Plan,2160.04,2026-07-07
120570,INF205K01NY8,,Invesco India Low Duration Fund - Direct Plan - Growth,4200.2247,2026-07-07
120575,INF200K01RM5,,SBI CONSUMPTION OPPORTUNITIES FUND - DIRECT PLAN - GROWTH,334.9078,2026-07-07
120578,INF200K01RV6,,SBI TECHNOLOGY OPPORTUNITIES FUND - DIRECT PLAN - GROWTH,215.049,2026-07-07
120579,INF109K01Y49,,ICICI Prudential Children's Fund - Direct Plan,365.97,2026-07-07
120586,INF109K016L0,,ICICI Prudential Large Cap Fund (erstwhile Bluechip Fund) - Direct Plan - Growth,121.15,2026-07-07
120587,INF109K01Z14,,ICICI Prudential FMCG Fund - Direct Plan -  Growth,473.25,2026-07-07
120590,INF109K018C5,,ICICI Prudential Gilt Fund - Direct Plan - Growth,117.7346,2026-07-07
120591,INF109K015M0,,ICICI Prudential Smallcap Fund - Direct Plan - Growth,100.77,2026-07-07
120592,INF109K01Y31,,ICICI Prudential ELSS Tax Saver Fund - Direct Plan - Growth,1049.68,2026-07-07
120594,INF109K01Z48,,ICICI Prudential Technology Fund - Direct Plan -  Growth,190.78,2026-07-07
120596,INF109K011O5,,ICICI Prudential Large & Mid Cap Fund - Direct Plan - Growth,1165.98,2026-07-07
120599,INF109K014O9,,ICICI Prudential Multicap Fund - Direct Plan -  Growth,955.28,2026-07-07
120603,INF109K016E5,,ICICI Prudential All Seasons Bond Fund - Direct Plan - Growth,42.6279,2026-07-07
120616,INF109K01S39,,ICICI Prudential Regular Savings Fund - Direct Plan - Growth,88.0603,2026-07-07
120619,INF109K01V83,,ICICI Prudential Bond Fund - Direct Plan - Growth,45.0817,2026-07-07
120620,INF109K012M7,,ICICI Prudential Nifty 50 Index Fund - Direct Plan Cumulative Option,257.6658,2026-07-07
120621,INF109K018M4,,ICICI Prudential Infrastructure Fund - Direct Plan -  Growth,224.17,2026-07-07
120656,INF789F01US8,,UTI Large Cap Fund - Direct Plan - Growth Option,293.5568,2026-07-07
120662,INF789F01TC4,,UTI - Flexi Cap Fund-Growth Option - Direct,342.3727,2026-07-07
120665,INF789F01UG3,,UTI Large & Mid Cap Fund - Direct Plan - Growth Option,201.1305,2026-07-07
120670,INF109K015A5,,ICICI Prudential Medium Term Bond Fund - Direct Plan - Growth,53.4467,2026-07-07
120674,INF789F01SK9,,UTI Aggressive Hybrid Fund -Direct Plan - Growth,443.4783,2026-07-07
120676,INF109K01T04,,ICICI Prudential Ultra Short Term Fund - Direct Plan -  Growth,32.0321,2026-07-07
120679,INF109K01X16,,ICICI Prudential Dynamic Asset Allocation Active FOF - Direct Plan - Growth,139.6539,2026-07-07
120682,INF789F01UD0,,UTI - MNC Fund - Growth Option - Direct,447.9194,2026-07-07
120684,INF109K01Y80,,ICICI Prudential Nifty Next 50 Index Fund - Direct Plan -  Growth,67.0704,2026-07-07
120685,INF109K01U92,,ICICI Prudential Gold ETF FOF - Direct Plan - Growth,45.9155,2026-07-07
120688,INF109K01W25,,ICICI Prudential Exports & Services Fund - Direct Plan - Growth,184.19,2026-07-07
120689,INF789F01SQ6,,UTI Medium to Long Duration Fund-Growth - Direct,83.376,2026-07-07
120692,INF109K016B1,,ICICI Prudential Corporate Bond Fund - Direct Plan - Growth,33.4528,2026-07-07
120700,INF109K01X40,,ICICI Prudential Aggressive Hybrid Active FOF - Direct Plan - Growth,243.8202,2026-07-07
120702,INF109K01X73,,ICICI Prudential Diversified Debt Strategy Active FOF  - Direct Plan - Growth,49.8633,2026-07-07
120705,INF209K01XH4,,Aditya Birla Sun Life Regular Savings Fund - Growth / Payment - Direct Plan,79.2409,2026-07-07
120711,INF109K01V00,,ICICI Prudential Credit Risk Fund - Direct Plan - Growth,38.2891,2026-07-07
120715,INF789F01TF7,,UTI ELSS Tax Saver Fund - Direct Plan - Growth Option,230.2028,2026-07-07
120716,INF789F01XA0,,UTI Nifty 50 Index Fund - Growth Option- Direct,171.4156,2026-07-07
120718,INF789F01XY0,,UTI Short Duration Fund - Direct Plan - Growth Option,35.8768,2026-07-07
120722,INF109K018N2,,ICICI Prudential Focused Equity Fund - Direct Plan - Growth,111.81,2026-07-07
120724,INF789F1AZV0,,UTI Children's Equity Fund - Direct Plan - Growth Option,91.9145,2026-07-07
120726,INF789F01UA6,,UTI Mid Cap Fund-Growth Option- Direct,346.9632,2026-07-07
120728,INF789F01TU6,,UTI Infrastructure Fund-Growth Option- Direct,153.533,2026-07-07
120731,INF789F01SH5,,UTI-Transportation and Logistics  Fund-Growth Option- Direct,335.7861,2026-07-07
120733,INF789F01SN3,,UTI Banking and Financial Services Fund - Direct Plan - Growth Option,230.2701,2026-07-07
120735,INF789F01XI3,,UTI Low Duration Fund - Direct Plan - Growth Option,3844.8213,2026-07-07
120743,INF109K017L8,,ICICI Prudential Long Term Bond Fund - Direct Plan - Growth,102.4218,2026-07-07
120746,INF789F01TI1,,UTI Ultra Short Duration Fund - Direct Plan - Growth Option,4855.8504,2026-07-07
120751,INF789F01VB2,,UTI Value Fund - Direct Plan - Growth Option,184.0434,2026-07-07
120754,INF109K013N3,,ICICI Prudential Short Term Fund - Direct Plan - Growth Option,70.4321,2026-07-07
120760,INF789F01VE6,,UTI Multi Asset Allocation Fund - Direct Plan - Growth Option,88.1549,2026-07-07
120762,INF789F01XD4,,UTI Dynamic Bond Fund - Direct Plan - Growth Option,35.4671,2026-07-07
120764,INF789F01YB6,,UTI Credit Risk Fund - Direct Plan - Growth Option,20.6721,2026-07-07
120766,INF789F1AA64,,UTI Retirement Fund- Direct Plan,55.2174,2026-07-07
120771,INF789F1AZR8,,UTI Children's Hybrid Fund - Direct Plan,41.7434,2026-07-07
120779,INF789F01UJ7,,UTI Conservative Hybrid Fund - Direct Plan - Growth Option,77.4566,2026-07-07
120780,INF789F01VF3,,UTI India Consumer Fund - Direct Plan - Growth Option,62.9856,2026-07-07
120782,INF789F01TO9,,UTI Healthcare Fund - Direct Plan - Growth Option,372.8502,2026-07-07
120784,,,UTI - Unit Linked Insurance Plan- Direct,46.3972,2026-07-07
120785,INF789FB1S71,,UTI - Overnight Fund - Direct Plan - Growth Option,3737.6863,2026-07-07
120790,INF789F01UM1,,UTI Conservative Hybrid Fund - Direct Plan - Monthly Payment Option,76.1942,2026-07-07
120792,INF789F01TL5,,UTI - GILT FUND - Direct Plan - Growth Option,68.3507,2026-07-07
120795,INF789FB1RG6,,UTI Arbitrage Fund - Direct Plan - Growth Option,39.8041,2026-07-07
120819,INF966L01556,,quant Aggressive Hybrid Fund-Growth Option-Direct Plan,517.3359,2026-07-07
120821,INF966L01580,,quant Multi Asset Allocation Fund-GROWTH OPTION-Direct Plan,183.5229,2026-07-07
120823,INF966L01614,,quant Multi Cap Fund-GROWTH OPTION-Direct Plan,728.263,2026-07-07
120826,INF966L01648,,quant Large & Mid Cap Fund - Growth Option-Direct Plan,136.5463,2026-07-07
120828,INF966L01689,,quant Small Cap Fund - Growth Option - Direct Plan,313.9304,2026-07-07
120833,INF966L01721,,quant Infrastructure Fund - Growth Option-Direct Plan,46.1645,2026-07-07
120834,INF966L01853,,quant Focused Fund - Growth Option-Direct Plan,103.189,2026-07-07
120837,INF966L01820,,quant Liquid Fund - Growth Option - Direct Plan,44.986,2026-07-07
120841,INF966L01887,,quant Mid Cap Fund - Growth Option - Direct Plan,250.0029,2026-07-07
120843,INF966L01911,,quant Flexi Cap Fund - Growth Option-Direct Plan,121.7755,2026-07-07
120847,INF966L01986,,quant ELSS Tax Saver Fund - Growth Option - Direct Plan,454.4071,2026-07-07
121279,INF194K015G8,,Bandhan Banking and PSU Fund - Direct Growth,26.9976,2026-07-07
122389,INF247L01189,,Motilal Oswal Focused Fund - Direct Plan Growth Option,58.1914,2026-07-07
122639,INF879O01027,,Parag Parikh Flexi Cap Fund - Direct Plan - Growth,91.519,2026-07-07
122646,INF209K01UX7,,Aditya Birla Sun Life Floating Rate Fund-Direct Plan-Growth,381.7132,2026-07-07
122715,INF579M01266,,360 ONE Dynamic Bond Fund Direct Plan Growth,25.5467,2026-07-07
123646,INF789F01VW8,,UTI Annual Interval Fund - I - Direct Plan - Growth Option,36.6555,2026-07-07
123654,INF109KA1CE0,,ICICI Prudential Global Stable Equity Fund (FOF) - Direct - Growth,35.69,2026-07-07
123692,INF174K01KK1,INF174K01KL9,Kotak Banking and PSU Debt Direct - Monthly Payout of Income Distribution cum capital withdrawal option,10.3495,2026-07-07
123693,INF174K01KH7,,Kotak Banking and PSU Debt Direct - Growth,72.6572,2026-07-07
123704,INF666M01AC0,,Groww Short Term Fund (formerly known as Indiabulls Short Term Fund) - Direct Plan - Growth Option,2542.29,2026-07-07
123705,INF666M01AG1,INF666M01AD8,Groww Short Term Fund (formerly known as Indiabulls Short Term Fund)- Direct Plan- Weekly - Income Distribution cum capital withdrawal Option (Payout & Reinvestment),1019.5577,2026-07-07
123706,INF666M01AH9,INF666M01AE6,Groww Short Term Fund (formerly known as Indiabulls Short Term Fund)- Direct Plan- Fortnightly - Income Distribution cum capital withdrawal Option (Payout & Reinvestment),1021.2398,2026-07-07
123707,INF666M01AI7,INF666M01AF3,Groww Short Term Fund (formerly known as Indiabulls Short Term Fund)- Direct Plan- Monthly - Income Distribution cum capital withdrawal Option (Payout & Reinvestment),1021.166,2026-07-07
124175,INF740K01ZW2,,DSP Banking & PSU Debt Fund - Direct Plan - Growth,26.3311,2026-07-07
124234,INF247L01247,,Motilal Oswal Ultra Short Term Fund (MOFUSTF) -Direct Plan- Growth,18.5373,2026-07-07
125307,INF663L01DV3,,PGIM India Midcap Fund - Direct Plan - Growth Option,76.33,2026-07-07
125345,INF579M01621,,360 ONE LIQUID FUND DIRECT PLAN  GROWTH,2149.2465,2026-07-07
125354,INF846K01K35,,Axis Small Cap Fund - Direct Plan - Growth,131.34,2026-07-07
125497,INF200K01T51,,SBI Small Cap Fund - Direct Plan - Growth,206.4025,2026-07-07
125503,INF200K01V08,,SBI BANKING & PSU FUND - Direct Plan - Growth,3514.5338,2026-07-07
125597,INF209K014W1,,Aditya Birla Sun Life Banking and Financial Services Fund - Direct Plan - Growth,73.11,2026-07-07
125711,INF680P01042,,Shriram Aggressive Hybrid Fund- Direct Growth,37.1702,2026-07-07
126353,INF205K01A24,,Invesco India - Invesco Pan European Equity Fund of Fund - Direct Plan - Growth Option,29.065,2026-07-07
126389,INF761K01CS5,,BANK OF INDIA Ultra Short Duration Fund- Direct Plan-Bonus,3472.597,2026-07-07
126393,INF740K01K81,,DSP Dynamic Asset Allocation Fund - Direct Plan - Growth,33.542,2026-07-07
126685,INF760K01HB2,,CANARA ROBECO CORPORATE BOND FUND - DIRECT PLAN - GROWTH OPTION,24.5528,2026-07-07
126940,INF789F015Z6,,UTI Banking & PSU Fund - Direct Plan - Growth Option,23.734,2026-07-07
127042,INF247L01445,,Motilal Oswal Midcap Fund-Direct Plan-Growth Option,109.7658,2026-07-07
127850,INF761K01BO6,,BANK OF INDIA BALANCED ADVANTAGE FUND DIRECT PLAN  GROWTH,28.6653,2026-07-07
128006,INF174K01VQ5,,Kotak Medium Term Fund - Direct Growth,27.4157,2026-07-07
128051,INF179KA1FZ3,,HDFC Credit Risk Debt Fund - Growth Option - Direct Plan,28.067,2026-07-07
128079,INF174K01VS1,INF174K01VU7,Kotak Medium Term Fund - Direct - Standard Income Distribution cum capital withdrawal option,27.4182,2026-07-07
128629,INF179KA1IZ7,,HDFC Banking and PSU Debt Fund - Growth Option - Direct Plan,25.455,2026-07-07
129008,INF090I01KR8,,Franklin India Banking & PSU Debt Fund - Direct - Growth,25.0422,2026-07-07
129046,INF247L01502,,Motilal Oswal Flexi cap Fund Direct Plan-Growth Option,65.2525,2026-07-07
129052,INF179KA1KT6,,HDFC ARBITRAGE FUND -Direct Plan - Growth Option,21.53,2026-07-07
129188,INF205K01B49,,Invesco India - Invesco Global Equity Income Fund of Fund - Direct Plan - Growth,41.9377,2026-07-07
129193,INF336L01IJ0,,HSBC Multi Asset Active FOF - Growth Direct,43.8512,2026-07-07
129197,INF336L01IP7,,HSBC Income Plus Arbitrage Active FOF - Growth Direct,24.0333,2026-07-07
129200,INF336L01ID3,,HSBC Aggressive Hybrid Active FOF - Growth Direct,45.0709,2026-07-07
129212,INF903J01F92,,Sundaram Infrastructure Advantage Fund Direct Plan - Growth,110.0642,2026-07-07
129649,INF582M01BU9,,Union Small Cap Fund - Direct Plan - Growth Option,63.0,2026-07-07
130050,INF204KA1QF1,,Nippon India Medium Duration Fund - Direct Plan - Growth Option,18.3044,2026-07-07
130052,INF204KA1QG9,,Nippon India Medium Duration Fund - Direct Plan - Bonus Option,18.3078,2026-07-07
130206,INF754K01EA4,,Edelweiss Arbitrage Fund- Direct Plan- Growth Option,22.2175,2026-07-07
130314,INF846K01PJ5,,Axis Credit Risk Fund - Direct Plan - Growth,26.1525,2026-07-07
130493,INF740K01Z50,,DSP Income Plus Arbitrage Omni FoF - Direct Plan - Growth,23.8063,2026-07-07
130498,INF179KA1RQ7,,HDFC Large and Mid Cap Fund - Growth Option - Direct Plan,368.763,2026-07-07
130503,INF179KA1RW5,,HDFC Small Cap Fund - Growth Option - Direct Plan,158.058,2026-07-07
130543,INF179KA1SC5,,HDFC Income Plus Arbitrage Active FOF - Growth Option - Direct Plan,45.5188,2026-07-07
130604,INF192K01GL9,,JM Arbitrage Fund (Direct) - Bonus Option - Principal Units,19.8124,2026-07-07
130722,INF205K01I83,,Invesco India Credit Risk Fund - Direct Plan - Growth,2335.8518,2026-07-07
130773,INF846K01PZ1,,Axis Arbitrage Fund - Direct Plan - Growth,21.6875,2026-07-07
130787,INF205K01P68,,Invesco India Arbitrage Fund - Direct Plan - Annual Bonus,36.8793,2026-07-07
130860,INF204KA1SI1,,Nippon India Japan Equity Fund- Direct Plan- Growth Plan- Growth Option,31.2022,2026-07-07
130861,INF204KA1SK7,,Nippon India Japan Equity Fund- Direct Plan- Growth Plan- Bonus Option,31.2022,2026-07-07
130904,INF192K01HB8,,JM Aggressive Hybrid Fund (Direct) - Annual Bonus Option,136.5897,2026-07-07
131061,INF109KA1O37,,ICICI Prudential Constant Maturity Gilt Fund - Direct Plan - Growth,26.7588,2026-07-07
131301,INF740K019I5,,DSP 10Y G-Sec Fund - Direct Plan - Growth,23.2101,2026-07-07
131355,INF194KA1UH1,,BANDHAN Balanced Advantage Fund Direct Plan Growth,29.538,2026-07-07
131373,INF174K01D28,,Kotak Equity Savings Fund - Direct - Growth,30.4147,2026-07-07
131375,INF174K01D36,INF174K01D51,Kotak Equity Savings Fund - Direct - Monthly Payout of Income Distribution cum capital withdrawal option,21.8348,2026-07-07
131580,INF579M01902,,360 ONE Focused Fund-Direct Plan-Growth,55.389,2026-07-07
131670,INF084M01DJ5,,Aditya Birla Sun Life Balanced Advantage Fund - Direct Plan - Growth Option,128.64,2026-07-07
131865,INF084M01DM9,,Aditya Birla Sun Life Multi Asset Omni FoF- Direct Plan - Growth Option,40.2039,2026-07-07
131898,INF084M01DP2,,Aditya Birla Sun Life Income Plus Arbitrage Active FOF- Direct Plan - Growth Option,41.9747,2026-07-07
132183,INF084M01EQ8,,Aditya Birla Sun Life Conservative Hybrid Active FOF- Direct Plan - Growth Option,37.968,2026-07-07
132185,INF084M01ET2,,Aditya Birla Sun Life Aggressive Hybrid Omni FOF- Direct Plan - Growth Option,47.0471,2026-07-07
132186,INF084M01EW6,,Aditya Birla Sun Life Dynamic Asset Allocation Omni FOF- Direct Plan - Growth Option,62.0796,2026-07-07
132756,INF277K01I86,,Tata ELSS Fund-Growth-Direct Plan,53.7455,2026-07-07
132989,INF090I01LH7,,Franklin India Income Plus Arbitrage Active Fund of Funds- Growth Plan - Direct,25.1709,2026-07-07
132995,INF209KA1TP9,,Aditya Birla Sun Life Equity Savings Fund - Direct Plan - Growth,25.91,2026-07-07
133035,INF174K01F00,,Kotak Aggressive Hybrid Fund - Direct Plan -Growth,77.652,2026-07-07
133054,INF109KA11J9,,ICICI Prudential Equity Savings Fund - Direct Plan - Cumulative option,25.05,2026-07-07
133265,INF204KA1YV2,,Nippon India Gilt  Fund- Direct Plan- Growth Plan- Bonus Option,25.0132,2026-07-07
133386,INF247L01569,,Motilal Oswal ELSS Tax Saver Fund - Direct Plan - Growth Option,63.7685,2026-07-07
133395,INF192K01GX4,,JM Arbitrage Fund (Direct) - Annual Bonus Option - Principal Units,19.016,2026-07-07
133488,INF955L01FR6,,Baroda BNP Paribas Credit Risk Fund -Direct-Growth Option,26.2767,2026-07-07
133516,INF209KA1YK0,,Aditya Birla Sun Life Manufacturing Equity Fund - Direct Plan - Growth,41.21,2026-07-07
133568,INF204KA1B72,,Nippon India Retirement Fund- Wealth Creation Scheme- Direct Plan- Growth Plan - Growth Option,32.8674,2026-07-07
133569,INF204KA1C30,,Nippon India Retirement Fund- Income Generation Scheme- Direct Plan- Growth Plan - Growth Option,23.591,2026-07-07
133629,INF204KA1C55,,Nippon India Retirement Fund- Income Generation Scheme- Direct Plan-Growth Plan- Bonus Option,23.591,2026-07-07
133630,INF204KA1B98,,Nippon India Retirement Fund- Wealth Creation Scheme- Direct Plan-Growth Plan- Bonus Option,32.8674,2026-07-07
133710,INF767K01NE9,,LIC MF Large & Mid Cap Fund-Direct Plan-Growth,45.5774,2026-07-07
133791,INF178L01BY0,,Kotak Corporate Bond Fund- Direct Plan- Growth Option,4191.4973,2026-07-07
133792,INF178L01BZ7,,Kotak Corporate Bond Fund- Direct Plan- Monthly Payout of Income Distribution cum capital withdrawal option,1083.0401,2026-07-07
133800,INF178L01AK1,INF178L01AJ3,Kotak Infrastructure & Economic Reform Fund- Direct Plan- Payout of Income Distribution cum capital withdrawal option,81.698,2026-07-07
133801,INF178L01AL9,,Kotak Infrastructure & Economic Reform Fund- Direct Plan- Growth Option,82.643,2026-07-07
133810,INF178L01AX4,,Kotak Low Duration Fund- Direct Plan- Growth Option,3894.467,2026-07-07
133812,INF178L01AZ9,INF178L01AY2,Kotak Low Duration Fund - Direct Plan- Standard Income Distribution cum capital withdrawal option,1551.6193,2026-07-07
133839,INF663L01FF1,,PGIM India Flexi Cap Fund - Direct Plan - Growth Option,43.2,2026-07-07
133859,INF200KA1507,,SBI BANKING & FINANCIAL SERVICES FUND - DIRECT PLAN - GROWTH,50.3909,2026-07-07
133868,INF761K01DG8,,BANK OF INDIA Credit Risk  Fund - Direct Plan,14.71,2026-07-07
133925,INF740K013Q1,,DSP Low Duration Fund - Direct Plan - Growth,21.8156,2026-07-07
134017,INF767K01NK6,,LIC MF Banking and Financial Services Fund-Direct Plan-Growth,25.1777,2026-07-07
134387,INF209KA1K88,,Aditya Birla Sun Life Credit Risk Fund - Direct Plan - Growth,27.8593,2026-07-07
134388,INF209KA1L12,,Aditya Birla Sun Life Credit Risk Fund - Direct Plan - Bonus,27.8581,2026-07-07
134494,INF082J01176,,Quantum Dynamic Term Fund - Direct Plan Growth Option,22.9082,2026-07-07
134503,INF789FB1KE6,,UTI Medium Duration Fund - Direct Plan - Growth Option,20.6878,2026-07-07
134547,INF204KA1U53,,Nippon India Banking and PSU  Fund- Direct Plan-Growth Plan- Growth Option,22.8752,2026-07-07
134552,INF204KA1U61,,Nippon India Banking and PSU Fund- Direct Plan-Growth Plan- Bonus Option,22.8746,2026-07-07
134594,INF204KA1W77,,Nippon India Equity Savings Fund- Direct Plan- Growth Plan-Growth Option,18.3433,2026-07-07
134595,INF204KA1W85,,Nippon India Equity Savings Fund- Direct Plan- Growth Plan- Bonus Option,18.3433,2026-07-07
134643,INF200KA1DF3,,SBI Equity Savings Fund - Direct Plan - Growth,27.3516,2026-07-07
134813,INF769K01DH9,,Mirae Asset Aggressive Hybrid Fund - Direct Plan - Growth,39.499,2026-07-07
134923,INF204KA15G5,,Nippon India US Equity Opportunities Fund- Direct Plan- Growth Plan- Growth Option,46.18,2026-07-07
135120,INF846K01VJ3,,Axis Equity Savings Fund - Direct Plan - Growth,26.36,2026-07-07
135341,INF666M01BE4,,Groww Value Fund (formerly known as Indiabulls Value Fund) - Direct Plan - Growth Option,33.3435,2026-07-07
135342,INF666M01BF1,INF666M01BG9,Groww Value Fund (formerly known as Indiabulls Value Fund)- Direct Plan- - Income Distribution cum capital withdrawal Option (Payout & Reinvestment),33.2193,2026-07-07
135500,INF174K01Z14,INF174K01Z22,Kotak Bond Short Term Plan - Direct - Standard Income Distribution cum capital withdrawal option,16.1956,2026-07-07
135601,INF663L01FN5,,PGIM India ELSS Tax Saver Fund - Direct Plan - Growth Option,40.02,2026-07-07
135677,INF959L01CH6,,Navi Large & Midcap Fund- Direct Plan- Growth Option,44.2511,2026-07-07
135762,INF846K01WO1,,Axis Children's Fund - Lock in - Direct Growth,30.1372,2026-07-07
135764,INF846K01WR4,,Axis Children's Fund - No Lock in - Direct Growth,30.7135,2026-07-07
135781,INF769K01DM9,,Mirae Asset ELSS Tax Saver Fund - Direct Plan - Growth,58.154,2026-07-07
135789,INF277K01Z28,,TATA Banking & Financial Services Fund Direct Plan - Payout of Income Distribution cum capital withdrawal option,51.3333,2026-07-07
135792,,INF277K01Z36,TATA Banking & Financial Services Fund Direct Plan - Reinvestment of Income Distribution cum capital withdrawal option,51.3333,2026-07-07
135793,INF277K01Z10,,Tata Banking And Financial Services Fund-Direct Plan-Growth,52.9931,2026-07-07
135795,INF277K01Z85,,TATA Digital India Fund Direct Plan - Payout of Income Distribution cum capital withdrawal option,44.6841,2026-07-07
135798,,INF277K01Z93,TATA Digital India Fund Direct Plan - Reinvestment of Income Distribution cum capital withdrawal option,44.6841,2026-07-07
135800,INF277K01Z77,,Tata Digital India Fund-Direct Plan-Growth,46.2339,2026-07-07
135801,,INF277K015A1,TATA India Consumer Fund Direct Plan - Reinvestment of Income Distribution cum capital withdrawal option,52.5592,2026-07-07
135805,INF277K013A6,,Tata India Consumer Fund-Direct Plan-Growth,54.2322,2026-07-07
135806,INF277K014A4,,TATA India Consumer Fund Direct Plan - Payout of Income Distribution cum capital withdrawal option,52.5592,2026-07-07
135807,INF277K010B0,,TATA India Pharma & Health Care Fund Direct Plan - Payout of Income Distribution cum capital withdrawal option,37.2796,2026-07-07
135808,,INF277K011B8,TATA India Pharma & Healthcare Fund Direct Plan - Reinvestment of Income Distribution cum capital withdrawal option,37.2796,2026-07-07
135810,INF277K019A3,,Tata India Pharma & Healthcare Fund-Direct Plan-Growth,38.532,2026-07-07
135813,INF277K015B9,,Tata Resources & Energy Fund-Direct Plan-Growth,57.946,2026-07-07
135816,,INF277K017B5,TATA Resources & Energy Fund Direct Plan - Reinvestment of Income Distribution cum capital withdrawal option,56.1967,2026-07-07
135817,INF277K016B7,,TATA Resources & Energy Fund Direct Plan - Payout of Income Distribution cum capital withdrawal option,56.1967,2026-07-07
135916,INF194KA1M23,,BANDHAN Corporate Bond Fund - Direct Growth,21.1321,2026-07-07
136094,INF179KB1MF0,,HDFC Retirement Savings Fund - Equity Plan - Growth Option - Direct Plan,56.231,2026-07-07
136464,INF179KB1MH6,,HDFC Retirement Savings Fund - Hybrid-Equity Plan - Growth Option - Direct Plan,43.174,2026-07-07
136465,INF179KB1MJ2,,HDFC Retirement Savings Fund - Hybrid-Debt Plan - Growth Option - Direct Plan,25.0112,2026-07-07
136567,INF740KA1504,,DSP Equity Savings Fund - Direct Plan - Growth,25.378,2026-07-07
138299,INF223J01NS5,,PGIM India Liquid Fund - Direct Plan - Growth,366.4771,2026-07-07
138312,INF663L01GR4,,PGIM India Large Cap Fund - Direct Plan - Growth,401.46,2026-07-07
138330,INF223J01OO2,,PGIM India Corporate Bond Fund - Direct Plan - Growth,50.985,2026-07-07
138358,INF223J01QO7,,PGIM India Ultra Short Duration Fund - Direct Plan - Growth,37.9211,2026-07-07
138376,INF223J01QD0,,PGIM India Equity Savings Fund - Direct Plan - Growth,58.226,2026-07-07
138386,INF663L01GX2,,PGIM India Aggressive Hybrid Equity Fund - Direct Plan - Growth,157.61,2026-07-07
138456,INF223J01NL0,,PGIM India Emerging Markets Equity Fund of Fund - Direct Plan - Growth,26.54,2026-07-07
138472,INF223J01ND7,,PGIM India Gilt Fund - Direct Plan - Growth,33.6944,2026-07-07
138528,INF223J01NF2,,PGIM India Global Equity Opportunities Fund of Fund- Direct Plan - Growth,59.38,2026-07-07
138875,INF223J013N7,,PGIM India Arbitrage Fund - Direct Plan - Growth,20.895,2026-07-07
139527,INF761K01DM6,,BANK OF INDIA MID & SMALL CAP EQUITY & DEBT FUND - DIRECT PLAN GROWTH,45.96,2026-07-07
139538,INF174V01044,,Mahindra Manulife Liquid Fund - Direct Plan -Growth,1828.8558,2026-07-07
139711,INF903JA1443,,Sundaram Long Term Micro Cap Tax Advantage Fund Series III Direct Plan - Growth,37.4011,2026-07-07
139781,INF174V01093,,Mahindra Manulife ELSS Tax Saver Fund - Direct Plan -Growth,32.9221,2026-07-07
139872,INF247L01635,,Motilal Oswal Balanced Advantage Fund  (MOFDYNAMIC) - Direct Plan - Growth Option,20.9577,2026-07-07
139990,INF903JA1526,,Sundaram Long Term Micro Cap Tax Advantage Fund Series IV Direct Plan - Growth,32.323,2026-07-07
140175,INF843K01AL0,,Edelweiss Large & Mid Cap Fund - Direct Plan - Growth Option,106.849,2026-07-07
140194,INF754K01GY9,,Edelweiss Liquid Fund - Direct Plan - Bonus Option,2112.1377,2026-07-07
140196,INF754K01GM4,,Edelweiss Liquid Fund - Direct Plan - Growth Option,3630.4692,2026-07-07
140228,INF843K01AO4,,Edelweiss Mid Cap Fund - Direct Plan - Growth Option,127.428,2026-07-07
140237,INF843K01CE1,,Edelweiss Money Market Fund - Direct Plan - Growth Option,33.4737,2026-07-07
140243,INF843K01AU1,,Edelweiss Greater China Equity Off-shore Fund - Direct Plan - Growth Option,72.359,2026-07-07
140256,INF843K01AW7,,Edelweiss ASEAN Equity Off-shore Fund - Direct Plan - Growth Option,41.142,2026-07-07
140274,INF843K01EC1,,Edelweiss US Value Equity Offshore Fund - Direct Plan - Growth Option,48.5781,2026-07-07
140286,INF843K01FC8,,Edelweiss Banking and PSU Debt Fund - Direct Plan - Growth Option,26.8817,2026-07-07
140296,INF843K01GI3,,Edelweiss Europe Dynamic Equity Offshore Fund - Growth Option - Direct Plan,34.7166,2026-07-07
140298,INF843K01GS2,,Edelweiss Government Securities Fund - Direct Plan - Growth Option,26.9809,2026-07-07
140327,INF843K01IZ3,,Edelweiss Emerging Markets Opportunities Equity Offshore Fund - Direct Plan - Growth Option,30.9449,2026-07-07
140347,INF843K01KC8,,Edelweiss Equity Savings Fund - Direct Plan - Growth Option,30.0103,2026-07-07
140350,INF843K01KD6,,Edelweiss Equity Savings Fund - Direct Plan - Bonus Option,30.0237,2026-07-07
140353,INF843K01KK1,,Edelweiss Flexi Cap Fund - Direct Plan - Growth Option,45.643,2026-07-07
140382,INF194KA1U56,,Bandhan Aggressive Hybrid Fund-Direct Plan Growth,31.655,2026-07-07
140444,INF174V01184,,Mahindra Manulife Equity Savings Fund - Direct Plan -Growth,25.5863,2026-07-07
140487,INF200KA1LS9,,SBI Long Term Advantage Fund - Series IV - Direct Plan - Growth,50.2961,2026-07-07
140603,INF194KA1X61,,BANDHAN Credit Risk Fund-Direct Plan-Growth,18.9638,2026-07-07
140613,INF174V01267,,Mahindra Manulife Low Duration Fund - Direct Plan -Growth,1874.6463,2026-07-07
140769,INF769K01DR8,,Mirae Asset Dynamic Bond Fund -Direct Plan -Growth,18.7976,2026-07-07
140809,INF666M01CM5,INF666M01CN3,Groww Largecap Fund (formerly known as Indiabulls Bluechip Fund)- Direct Plan- Monthly - Income Distribution cum capital withdrawal Option (Payout & Reinvestment),23.43,2026-07-07
140811,INF666M01CO1,INF666M01CP8,Groww Largecap Fund (formerly known as Indiabulls Bluechip Fund)- Direct Plan- Quarterly - Income Distribution cum capital withdrawal Option (Payout & Reinvestment),29.27,2026-07-07
140814,INF666M01CQ6,INF666M01CR4,Groww Largecap Fund (formerly known as Indiabulls Bluechip Fund)- Direct Plan- Half Yearly -Income Distribution cum capital withdrawal Option (Payout & Reinvestment),29.49,2026-07-07
140815,INF666M01CY0,INF666M01CZ7,Groww Value Fund (formerly known as Indiabulls Value Fund)- Direct Plan- Monthly - Income Distribution cum capital withdrawal Option (Payout & Reinvestment),24.4533,2026-07-07
140817,INF666M01DA8,INF666M01DB6,Groww Value Fund (formerly known as Indiabulls Value Fund)- Direct Plan- Quarterly - Income Distribution cum capital withdrawal Option (Payout & Reinvestment),26.6758,2026-07-07
140819,INF666M01DC4,INF666M01DD2,Groww Value Fund (formerly known as Indiabulls Value Fund)- Direct Plan- Half Yearly - Income Distribution cum capital withdrawal Option (Payout & Reinvestment),26.6969,2026-07-07
141141,INF903JA1955,,Sundaram Long Term Micro Cap Tax Advantage Fund Series V Direct Plan - Growth,31.7149,2026-07-07
141226,INF174V01341,,Mahindra Manulife Multi Cap Fund - Direct Plan -Growth,44.7573,2026-07-07
141248,INF582M01CU7,,Union Largecap Fund - Direct Plan - Growth Option,24.95,2026-07-07
141564,INF903JA1AZ0,,Sundaram Long Term Micro Cap Tax Advantage Fund Series VI Direct Plan - Growth,30.5165,2026-07-07
141588,INF846K01ZM8,,Axis Corporate Bond Fund - Direct Plan Growth,19.3198,2026-07-07
141642,INF846K01A29,,Axis Balanced Advantage Fund - Direct Plan - Growth,24.31,2026-07-07
141808,INF666M01DK7,,Groww ELSS Tax Saver Fund (formerly known as Indiabulls Tax Savings Fund)- Direct Plan- Growth Option,21.92,2026-07-07
141841,INF109KB10X0,,ICICI Prudential BSE Sensex Index Fund - Direct Plan - Cumulative Option,26.0695,2026-07-07
141877,INF740KA1CR7,,DSP Nifty 50 Equal Weight Index Fund - Direct Plan - Growth,27.6102,2026-07-07
141924,INF179KC1AU3,,HDFC Housing Opportunities Fund  - Growth Option - Direct Plan,23.925,2026-07-07
141925,INF846K01B28,,Axis Flexi Cap Fund - Direct Plan - Growth,30.74,2026-07-07
141950,INF761K01DS3,,BANK OF INDIA Mid Cap Tax Fund Series 1 Direct Plan Growth,29.91,2026-07-07
142038,INF582M01DE9,,Union Balanced Advantage Fund - Direct Plan - Growth Option,22.4,2026-07-07
142110,INF174V01507,,Mahindra Manulife Mid Cap Fund - Direct Plan -Growth,41.9076,2026-07-07
142134,INF109KC1093,,ICICI Prudential Long Term Wealth Enhancement Fund - Direct Plan Cumulative Option,30.44,2026-07-07
142138,INF200KA1RW8,,SBI Long Term Advantage Fund - Series V - Direct Plan - Growth,33.1262,2026-07-07
142153,INF903JA1BT1,,Sundaram Long Term Tax Advantage Fund Series III Direct Plan - Growth,32.8161,2026-07-07
142283,INF740KA1DN4,,DSP Arbitrage Fund - Direct - Growth,16.681,2026-07-07
142388,INF754K01ML4,,Edelweiss Recently Listed IPO Fund Direct Plan Growth,33.5633,2026-07-07
142641,INF769K01DX6,,Mirae Asset Short Duration Fund - Direct Plan - Growth,17.7485,2026-07-07
143079,INF903JA1CZ6,,Sundaram Long Term Tax Advantage Fund Series IV Direct Plan - Growth,37.6757,2026-07-07
143163,INF959L01CX3,,Navi Aggressive Hybrid Fund - Direct Plan - Growth,25.1592,2026-07-07
143178,INF200KA1TO1,,SBI Long Term Advantage Fund - Series VI - Direct Plan - Growth,32.1376,2026-07-07
143241,INF582M01DU5,,Union Corporate Bond Fund - Direct Plan - Growth Option,16.5225,2026-07-07
143269,INF879O01068,,Parag Parikh Liquid Fund- Direct Plan- Growth,1552.6356,2026-07-07
143341,INF789FC12T1,,UTI Nifty Next 50 Index Fund - Direct Plan - Growth Option,26.7847,2026-07-07
143494,INF204K01YH3,,Nippon India Ultra Short Duration Fund- Direct Plan- Growth Option,4760.8054,2026-07-07
143508,INF955L01HA8,,Baroda BNP Paribas Ultra Short Duration Fund- Direct Plan- Growth,1667.4085,2026-07-07
143537,INF205K014Q7,,Invesco India Aggressive Hybrid Fund - Direct Plan - Growth,24.343,2026-07-07
143610,INF192K01FL1,,JM Low Duration Fund (Direct) - Bonus Option - Principal Units,24.4527,2026-07-07
143612,INF192K01DW3,,JM Low Duration Fund (Direct) - Growth,40.6125,2026-07-07
143614,INF761K01ED3,,BANK OF INDIA Arbitrage Fund Direct Plan Growth,15.2861,2026-07-07
143704,INF204KB1YQ1,,Nippon India Nivesh Lakshya Long Duration Fund- Direct Plan- Growth Option,18.9091,2026-07-07
143783,INF769K01ED6,,Mirae Asset Healthcare Fund Direct Growth,49.932,2026-07-07
143793,INF959L01DT9,,Navi Flexi Cap Fund - Direct Plan - Growth,28.81,2026-07-07
143874,INF109KC1GH2,,ICICI Prudential Pharma Healthcare and Diagnostics (P.H.D) Fund - Direct Plan - Cumulative Option,47.05,2026-07-07
143903,INF109KC1FX1,,ICICI Prudential BHARAT 22 FOF - Direct Plan Cumulative Option,34.5138,2026-07-07
144173,INF194KA16R3,,BANDHAN ULTRA SHORT DURATION FUND - DIRECT PLAN GROWTH,16.4349,2026-07-07
144312,INF582M01EC1,,Union Equity Savings Fund - Direct Plan - Growth Option,18.19,2026-07-07
144315,INF761K01EL6,,BANK OF INDIA Midcap Tax Fund Series 2 Direct Plan Growth,34.97,2026-07-07
144334,INF174KA1194,INF174KA1202,Kotak Balanced Advantage Fund -Direct Plan  -Payout of Income Distribution cum capital withdrawal option,23.161,2026-07-07
144335,INF174KA1210,,Kotak Balanced Advantage Fund  - Direct Plan -Growth Option,23.161,2026-07-07
144339,INF789F1A538,,UTI Corporate Bond Fund - Direct Plan - Growth Option,17.8095,2026-07-07
144394,INF846K01E25,,Axis Aggressive Hybrid Fund - Direct Plan - Growth Option,22.98,2026-07-07
144403,INF174V01580,,Mahindra Manulife Dynamic Bond Fund - Direct Plan - Growth,16.4202,2026-07-07
144466,INF090I01PD7,,Franklin India Equity Savings Fund- Growth Direct,18.7122,2026-07-07
144490,INF789F1A777,,UTI Equity Savings Fund - Direct Plan - Growth Option,20.3297,2026-07-07
144543,,INF277K016K8,TATA Flexi Cap Fund Direct Plan - Reinvestment of Income Distribution cum capital withdrawal option,25.9038,2026-07-07
144546,INF277K015K0,,Tata Flexi Cap Fund-Direct Plan-Growth,26.8838,2026-07-07
144547,INF277K017K6,,TATA Flexi Cap Fund - Direct Plan - Payout of Income Distribution cum capital withdrawal option,25.9038,2026-07-07
144646,INF740KA1KE8,,DSP Corporate Bond Fund - Direct - Growth,17.2798,2026-07-07
144754,INF846K01F40,,Axis Ultra Short Duration Fund - Direct Plan Growth,16.7109,2026-07-07
144835,INF903JA1FA2,,Sundaram Services Fund Direct Plan - Growth,39.7908,2026-07-07
144905,INF680P01109,,Shriram Flexi Cap Fund - Direct Growth,22.8823,2026-07-07
145034,INF179KB15Q6,,HDFC Ultra Short Term Fund - Direct Plan-Growth Option,16.4999,2026-07-07
145050,INF903JA1FR6,,Sundaram Money Market Fund Direct Plan - Growth,16.114,2026-07-07
145075,INF109KC1LJ8,,ICICI Prudential Manufacturing Fund - Direct Plan - Cumulative Option,41.75,2026-07-07
145110,INF846K01J46,,Axis Large & Mid Cap Fund - Direct Plan - Growth,38.3,2026-07-07
145137,INF205K013T3,,Invesco India Smallcap Fund - Direct Plan - Growth,52.53,2026-07-07
145206,INF277K011O1,,Tata Small Cap Fund-Direct Plan-Growth,42.9146,2026-07-07
145207,INF277K013O7,,TATA SmallCap Fund - Direct Plan - Payout of Income Distribution cum capital withdrawal option,41.461,2026-07-07
145209,,INF277K012O9,TATA Small Cap Fund Direct Plan - Reinvestment of Income Distribution cum capital withdrawal option,41.461,2026-07-07
145295,INF789F1ACX5,,UTI - Floater Fund - Direct Plan - Growth Option,1668.1161,2026-07-07
145356,INF174V01663,,Mahindra Manulife Consumption Fund - Direct Plan -Growth,24.8387,2026-07-07
145396,INF955L01HF7,,Baroda BNP Paribas Balanced Advantage Fund-Direct Plan-Growth Option,28.3585,2026-07-07
145454,INF740KA1LG1,,DSP Healthcare Fund - Direct Plan - Growth,48.964,2026-07-07
145473,INF582M01EK4,,Union Value Fund - Direct Plan - Growth Option,31.25,2026-07-07
145486,INF209KB1ZH2,,ADITYA BIRLA SUN LIFE OVERNIGHT FUND-DIRECT PLAN-GROWTH,1476.8052,2026-07-07
145536,INF109KC11G1,,ICICI Prudential Overnight Fund - Direct Plan - Growth,1471.4081,2026-07-07
145552,INF247L01718,,Motilal Oswal Nasdaq 100 Fund of Fund- Direct Plan Growth,69.0726,2026-07-07
145589,INF666M01EK5,,Groww Dynamic Term Fund (formerly known as Indiabulls Dynamic Bond Fund) - Direct Plan - Growth option,1573.6516,2026-07-07
145591,INF666M01EQ2,INF666M01ER0,Groww Dynamic Term Fund (formerly known as Indiabulls Dynamic Bond Fund)- Direct Plan- Monthly - Income Distribution cum capital withdrawal Option (Payout & Reinvestment),1014.4637,2026-07-07
145595,INF666M01EO7,INF666M01EP4,Groww Dynamic Term Fund (formerly known as Indiabulls Dynamic Bond Fund)- Direct Plan- Fortnightly - Income Distribution cum capital withdrawal Option (Payout & Reinvestment),1023.4741,2026-07-07
145596,,INF666M01EL3,Groww Dynamic Term Fund (formerly known as Indiabulls Dynamic Bond Fund)- Direct Plan- - Income Distribution cum capital withdrawal Option ( Reinvestment),1019.4495,2026-07-07
145597,INF666M01EM1,INF666M01EN9,Groww Dynamic Term Fund (formerly known as Indiabulls Dynamic Bond Fund)- Direct Plan- Weekly - Income Distribution cum capital withdrawal Option (Payout & Reinvestment),1018.0292,2026-07-07
145599,INF666M01FA3,,Groww Aggressive Hybrid Fund (formerly known as Indiabulls Equity Hybrid Fund) - Direct Plan - Growth option,23.3078,2026-07-07
145600,INF666M01FB1,INF666M01FC9,Groww Aggressive Hybrid Fund (formerly known as Indiabulls Equity Hybrid Fund)- Direct Plan- - Income Distribution cum capital withdrawal Option (Payout & Reinvestment),23.1024,2026-07-07
145601,INF666M01FF2,INF666M01FG0,Groww Aggressive Hybrid Fund (formerly known as Indiabulls Equity Hybrid Fund)- Direct Plan- Quarterly - Income Distribution cum capital withdrawal Option (Payout & Reinvestment),22.8284,2026-07-07
145602,INF666M01FH8,INF666M01FI6,Groww Aggressive Hybrid Fund (formerly known as Indiabulls Equity Hybrid Fund)- Direct Plan- Half Yearly - Income Distribution cum capital withdrawal Option (Payout & Reinvestment),22.4049,2026-07-07
145606,INF666M01FD7,INF666M01FE5,Groww Aggressive Hybrid Fund (formerly known as Indiabulls Equity Hybrid Fund)- Direct Plan- Monthly - Income Distribution cum capital withdrawal Option (Payout & Reinvestment),23.0658,2026-07-07
145678,INF761K01EP7,,BANK OF INDIA Small Cap Fund Direct Plan Growth,61.04,2026-07-07
145693,INF769K01EK1,,Mirae Asset Equity Savings Fund- Direct Plan- Growth,22.942,2026-07-07
145724,INF277K017Q3,,Tata Arbitrage Fund-Direct Plan-Growth,16.1607,2026-07-07
145725,,INF277K019Q9,TATA Arbitrage Fund Direct Plan - Monthly Reinvestment of Income Distribution cum capital withdrawal option,15.5255,2026-07-07
145727,INF277K018Q1,,TATA Arbitrage Fund Direct Plan - Monthly Payout of Income Distribution cum capital withdrawal option,15.5255,2026-07-07
145810,INF204KB1R31,,Nippon India Overnight Fund - Direct Plan - Growth Option,146.6889,2026-07-07
145819,INF680P01158,,Shriram ELSS Tax Saver Fund - Direct Growth,23.8675,2026-07-07
145834,INF247L01734,,Motilal Oswal Liquid Fund - Direct Growth,14.7921,2026-07-07
145895,INF767K01PP0,,LIC MF Arbitrage Fund-Direct Plan-Growth,15.4197,2026-07-07
145897,INF109KC1RH9,,ICICI Prudential India Opportunities Fund - Direct Plan - Cumulative Option,40.28,2026-07-07
145954,INF767K01PW6,,LIC MF Short Duration Fund-Direct Plan-Growth,16.5899,2026-07-07
145971,INF03VN01043,,WhiteOak Capital Liquid Fund- Direct plan-Growth Option,1502.8744,2026-07-07
146006,INF277K014S6,,TATA Balanced Advantage Fund Direct Plan - Payout of Income Distribution cum capital withdrawal option,23.0298,2026-07-07
146008,,INF277K015S3,TATA Balanced Advantage Fund Direct Plan - Reinvestment of Income Distribution cum capital withdrawal option,23.0298,2026-07-07
146010,INF277K013S8,,Tata Balanced Advantage Fund-Direct Plan-Growth,23.8964,2026-07-07
146062,INF740KA1MC8,,DSP Overnight Fund - Direct Plan - Growth,1462.6501,2026-07-07
146067,INF277K014T4,,TATA Ultra Short Term Fund-Direct Plan - Weekly Payout of Income Distribution cum capital withdrawal option,10.4023,2026-07-07
146068,,INF277K015T1,TATA Ultra Short Term Fund Direct Plan - Weekly Reinvestment of Income Distribution cum capital withdrawal option,10.4023,2026-07-07
146069,INF277K012T8,,TATA Ultra Short Term Fund-Direct Plan - Monthly Payout of Income Distribution cum capital withdrawal option,15.9756,2026-07-07
146075,INF277K011T0,,Tata Ultra Short Term Fund-Direct Plan-Growth,15.9542,2026-07-07
146076,,INF277K013T6,TATA Ultra Short Term Fund Direct Plan - Monthly Reinvestment of Income Distribution cum capital withdrawal option,15.9756,2026-07-07
146130,INF760K01JC6,,CANARA ROBECO SMALL CAP FUND - DIRECT PLAN - GROWTH OPTION,45.13,2026-07-07
146140,,INF174KA1BE2,Kotak Overnight Fund-Direct Plan- Daily Reinvestment of Income Distribution cum capital withdrawal option,1003.6055,2026-07-07
146141,INF174KA1BF9,,Kotak Overnight Fund -Direct Plan-Growth Option,1456.9039,2026-07-07
146191,INF194KB1447,,BANDHAN Overnight Fund - Direct Plan - Growth,1456.2652,2026-07-07
146196,INF754K01JN6,,Edelweiss Small Cap Fund - Direct Plan - Growth,52.359,2026-07-07
146215,INF200KA1YR4,,SBI Corporate Bond Fund - Direct Plan - Growth,16.9638,2026-07-07
146297,INF582M01ES7,,Union Arbitrage Fund - Direct Plan - Growth Option,15.4739,2026-07-07
146349,INF109KC1TS2,,ICICI Prudential Retirement Fund - Pure Equity - Direct Plan - Growth Option,39.2,2026-07-07
146376,INF740KA1MM7,,DSP Nifty 50 Index Fund - Direct Plan - Growth,24.0475,2026-07-07
146381,INF740KA1MG9,,DSP Nifty Next 50 Index Fund - Direct Plan - Growth,28.569,2026-07-07
146407,INF209KB1E84,,ADITYA BIRLA SUN LIFE BAL BHAVISHYA YOJNA DIRECT GROWTH,23.29,2026-07-07
146457,INF205KA1049,,Invesco India Equity Savings Fund - Direct Plan - Growth,18.8247,2026-07-07
146513,INF204KB1X25,,Nippon India Nifty Next 50 Junior BeES FoF - Direct Plan - Growth Plan - Growth Option,27.2511,2026-07-07
146549,INF174V01721,,Mahindra Manulife Large Cap Fund - Direct Plan -Growth,25.4614,2026-07-07
146575,INF209KB1I23,,Aditya Birla Sun Life Retirement Fund-The 30s Plan-Direct Growth,25.05,2026-07-07
146643,INF200KA1A71,,SBI Equity Minimum Variance Fund - Direct Plan - Growth,24.8188,2026-07-07
146675,INF846K01N65,,Axis Overnight Fund - Direct Plan - Growth Option,1445.488,2026-07-07
146701,INF194KB1777,,BANDHAN Fixed Term Plan Series 179 DIRECT PLAN-GROWTH (3652 days),18.0508,2026-07-07
146716,INF109KC1UA8,,ICICI Prudential Retirement Fund - Hybrid Conservative - Direct Plan - Growth Option,20.1587,2026-07-07
146721,INF109KC1TW4,,ICICI Prudential Retirement Fund - Hybrid Aggressive - Direct Plan - Growth Option,31.32,2026-07-07
146727,INF109KC1UE0,,ICICI Prudential Retirement Fund - Pure Debt - Direct Plan - Growth Option,17.2065,2026-07-07
146772,INF336L01NV5,,HSBC Large & Mid Cap Fund - Direct Growth,32.3108,2026-07-07
146795,INF109KC1VT6,,ICICI Prudential Fixed Maturity Plan - Series 85 - 10 Years Plan I - Direct Plan Cumulative Option,17.9863,2026-07-07
146930,INF209KB1I80,,Aditya Birla Sun Life Retirement Fund-The 40s Plan-Direct Plan-Growth,21.393,2026-07-07
146940,INF209KB1J48,,Aditya Birla Sun Life Retirement Fund-The 50s Plan-Direct Plan-Growth,16.7628,2026-07-07
146943,INF209KB1K03,,Aditya Birla Sun Life Retirement Fund-The 50s Plus-Debt Plan-Direct Plan-Growth,14.9386,2026-07-07
146951,INF109KC1YD4,,ICICI Prudential Bharat Consumption Fund - Direct Plan - Growth Option,27.12,2026-07-07
146963,INF903JA1HG5,,Sundaram Overnight Fund Direct Plan - Growth,1450.2026,2026-07-07
146974,INF200KA1D03,,SBI Fixed Maturity Plan (FMP) - Series 1 (3668 Days) - Direct Plan - Growth,17.6727,2026-07-07
146978,,INF277K019T3,TATA Overnight Fund Direct Plan - Daily Reinvestment of Income Distribution cum capital withdrawal option,1000.0,2026-07-07
146980,INF277K018T5,,Tata Overnight Fund-Direct Plan-Growth,1441.5772,2026-07-07
147003,INF582M01FA2,,Union Overnight Fund - Direct Plan - Growth Option,1437.3769,2026-07-07
147098,INF204KB17B0,,Nippon India Fixed Maturity Plan XLI - Series 8 - Direct Plan - Growth Option,17.6959,2026-07-07
147157,INF00XX01283,,ITI Liquid Fund - Direct Plan - Growth Option,1457.9743,2026-07-07
147183,INF00XX01168,,ITI Multi Cap Fund - Direct Plan - Growth Option,29.2731,2026-07-07
147196,INF955L01HV4,,Baroda BNP Paribas Overnight Fund - Direct Plan - Growth,1434.3379,2026-07-07
147206,INF769K01EU0,,Mirae Asset Focused Fund Direct Plan Growth,27.028,2026-07-07
147214,INF090I01SS9,,Franklin India Overnight Fund- Growth - Direct,1424.5295,2026-07-07
147248,INF200KA1F27,,SBI Fixed Maturity Plan (FMP) - Series 6 (3668 Days) - Direct Plan - Growth,17.1895,2026-07-07
147267,,INF174KA1EF3,KOTAK FLOATING RATE FUND-DIRECT PLAN-Standard Reinvestment of Income Distribution cum capital withdrawal option,1443.5538,2026-07-07
147269,INF174KA1EC0,,KOTAK FLOATING RATE FUND-DIRECT PLAN-GROWTH OPTION,1657.0584,2026-07-07
147287,INF336L01OF6,,HSBC Overnight Fund - Direct Growth,1428.9369,2026-07-07
147306,INF740KA1NQ6,,DSP Quant Fund - Direct Plan - Growth,22.525,2026-07-07
147311,INF03VN01209,,WhiteOak Capital Ultra Short Duration Fund- Direct plan-Growth Option,1500.6574,2026-07-07
147346,INF109KC1D93,,ICICI Prudential MNC Fund - Direct Plan - Growth Option,33.23,2026-07-07
147372,INF082J01382,,QUANTUM ESG BEST IN CLASS STRATEGY FUND - DIRECT PLAN - GROWTH OPTION,24.73,2026-07-07
147377,INF955L01ID0,,Baroda BNP Paribas Money Market Fund- Direct Plan - Growth,1493.8311,2026-07-07
147406,INF680P01208,,Shriram Balanced Advantage Fund - Direct Growth,18.9431,2026-07-07
147409,INF209KB1O25,,Aditya Birla Sun Life Pharma and Healthcare Fund-Direct-Growth,39.26,2026-07-07
147445,INF769K01FA9,,Mirae Asset Midcap Fund- Direct Growth Option,43.4,2026-07-07
147446,INF174V01788,,Mahindra Manulife Aggressive Hybrid Fund - Direct Plan -Growth,30.4767,2026-07-07
147450,INF666M01GL8,,Groww Overnight Fund (formerly known as Indiabulls Overnight Fund)- Direct Plan- Growth Option,1406.5706,2026-07-07
147451,INF666M01GN4,INF666M01GO2,Groww Overnight Fund (formerly known as Indiabulls Overnight Fund)- Direct Plan- Weekly - Income Distribution cum capital withdrawal Option (Payout & Reinvestment),1001.4423,2026-07-07
147452,INF666M01GP9,INF666M01GQ7,Groww Overnight Fund (formerly known as Indiabulls Overnight Fund)- Direct Plan- Fortnightly - Income Distribution cum capital withdrawal Option (Payout & Reinvestment),1216.8577,2026-07-07
147453,INF666M01GR5,INF666M01GS3,Groww Overnight Fund (formerly known as Indiabulls Overnight Fund)- Direct Plan- Monthly - Income Distribution cum capital withdrawal Option (Payout & Reinvestment),1002.2131,2026-07-07
147458,,INF666M01GM6,Groww Overnight Fund (formerly known as Indiabulls Overnight Fund)- Direct Plan- - Income Distribution cum capital withdrawal Option ( Reinvestment),1001.4905,2026-07-07
147473,INF174KA1EN7,,Kotak Focused Fund- Direct Plan- Growth option,30.659,2026-07-07
147475,INF174KA1EP2,INF174KA1EO5,Kotak Focused Fund-Direct Plan- Income Distribution cum capital withdrawal option,30.66,2026-07-07
147481,INF879O01100,,Parag Parikh ELSS Tax Saver Fund- Direct Growth,32.2835,2026-07-07
147492,INF582M01FS4,,Union Focused Fund - Direct Plan - Growth Option,29.08,2026-07-07
147496,INF955L01IL3,,Baroda BNP Paribas Equity Savings Fund - Direct Plan - Growth,18.598,2026-07-07
147515,INF767K01QI3,,LIC MF Overnight Fund-Direct Plan-Growth,1415.4875,2026-07-07
147531,INF760K01JM5,,CANARA ROBECO OVERNIGHT FUND - DIRECT PLAN - GROWTH OPTION,1409.4055,2026-07-07
147541,INF00XX01390,,ITI ELSS Tax Saver Fund - Direct Plan - Growth Option,28.9107,2026-07-07
147564,INF174V01838,,Mahindra Manulife Overnight Fund - Direct Plan -Growth,1413.1585,2026-07-07
147567,INF846K01Q62,,Axis Money Market Fund - Direct Plan - Growth Option,1543.3942,2026-07-07
147570,INF754K01JV9,,Edelweiss Overnight Fund - Direct Plan - Growth,1412.4558,2026-07-07
147606,INF663L01T01,,PGIM India Overnight Fund - Direct Plan - Growth Option,1407.4613,2026-07-07
147617,INF00XX01440,,ITI Arbitrage Fund - Direct Plan - Growth Option,14.4398,2026-07-07
147620,INF247L01890,,Motilal Oswal Nifty Bank Index Fund - Direct Plan,21.6339,2026-07-07
147622,INF247L01916,,Motilal Oswal Nifty Midcap 150 Index Fund - Direct Plan,41.5337,2026-07-07
147623,INF247L01932,,Motilal Oswal Nifty Smallcap 250 Index Fund- Direct Plan,40.1788,2026-07-07
147625,INF247L01957,,Motilal Oswal Nifty 500 Index Fund - Direct Plan,27.2599,2026-07-07
147648,INF109KC1F34,,ICICI Prudential Global Advantage Fund (FOF) - Direct Plan - Growth Option,23.0047,2026-07-07
147662,INF109KC1F91,,ICICI Prudential Commodities Fund - Direct Plan - Growth Option,50.45,2026-07-07
147666,INF846K01S29,,Axis Nifty 100 Index Fund - Direct Plan - Growth Option,22.7461,2026-07-07
147704,INF247L01999,,Motilal Oswal Large and Midcap Fund - Direct Plan Growth,39.3389,2026-07-07
147713,INF00XX01564,,ITI Overnight Fund - Direct Plan - Growth Option,1381.2364,2026-07-07
147725,INF174KA1EX6,INF174KA1EY4,Kotak Pioneer Fund-Direct Plan-Reinvestment of Income Distribution cum capital withdrawal option,38.233,2026-07-07
147727,INF174KA1EZ1,,Kotak Pioneer Fund- Direct Plan- Growth Option,38.238,2026-07-07
147731,INF174V01887,,Mahindra Manulife Ultra Short Duration Fund - Direct Plan -Growth,1504.8823,2026-07-07
147736,INF769K01FG6,,Mirae Asset Overnight Fund Direct Plan Growth,1400.3786,2026-07-07
147750,INF582M01GA0,,Union Large & Midcap Fund - Direct Plan - Growth Option,28.78,2026-07-07
147757,INF277K017X9,,Tata Focused Fund-Direct Plan-Growth,25.9374,2026-07-07
147758,,INF277K018X7,TATA Focused Fund Direct Plan - Reinvestment of Income Distribution cum capital withdrawal option,24.9813,2026-07-07
147759,INF277K019X5,,TATA Focused Fund Direct Plan - Payout of Income Distribution cum capital withdrawal option,24.9813,2026-07-07
147772,INF767K01QU8,,LIC MF Ultra Short Duration Fund-Direct Plan-Growth,1442.3444,2026-07-07
147789,INF00XX01689,,ITI Balanced Advantage Fund - Direct Plan - Growth Option,16.2161,2026-07-07
147794,INF247L01AE7,,Motilal Oswal Nifty 50 Index Fund - Direct plan - Growth,21.2543,2026-07-07
147796,INF247L01AC1,,Motilal Oswal Nifty Next 50 Index Fund - Direct plan - Growth,25.9183,2026-07-07
147825,INF846K01S86,,Axis Retirement Fund - Aggressive Plan - Direct Growth,20.33,2026-07-07
147826,INF846K01T28,,Axis Retirement Fund - Dynamic Plan - Direct Growth,21.69,2026-07-07
147830,INF846K01T69,,Axis Retirement Fund - Conservative Plan - Direct Growth,17.7402,2026-07-07
147837,INF192K01MB8,,JM Overnight Fund - (Direct) - Growth,1383.4452,2026-07-07
147840,INF174V01945,,Mahindra Manulife Large & Mid Cap Fund - Direct Plan -Growth,30.6029,2026-07-07
147844,INF209KB1O82,,Aditya Birla Sun Life PSU Equity Fund-Direct Plan-Growth,39.74,2026-07-07
147857,INF754K01KY1,,Bharat Bond FOF - April 2030 - Direct Plan - Growth Option,16.0378,2026-07-07
147883,INF205KA1163,,Invesco India Overnight Fund - Direct Plan - Growth,1379.5858,2026-07-07
147889,INF846K01U09,,Axis Income Plus Arbitrage Active FOF - Direct Plan - Growth Option,15.6417,2026-07-07
147908,INF336L01OR1,,HSBC Ultra Short Duration Fund - Direct Growth,1464.461,2026-07-07
147919,INF00XX01747,,ITI Small Cap Fund - Direct Plan - Growth Option,36.2891,2026-07-07
147928,INF846K01W23,,Axis ESG Integration Strategy Fund - Direct Plan - Growth Option,22.77,2026-07-07
147946,INF194KB1AL4,,BANDHAN SMALL CAP FUND - DIRECT PLAN GROWTH,55.269,2026-07-07
147951,INF761K01EU7,,BANK OF INDIA Overnight Fund Direct Plan Growth,1389.0935,2026-07-07
148035,INF109KC1I49,,ICICI Prudential Diversified Equity All Cap Omni FOF - Direct Plan - Growth,33.2408,2026-07-07
148053,INF277K019Y3,,Tata Multi Asset Allocation Fund-Direct Plan-Growth,28.2802,2026-07-07
148063,INF754K01LB7,,Edelweiss US Technology Equity Fund of Fund- Direct Plan- Growth,40.9134,2026-07-07
148073,INF582M01GI3,,Union Midcap Fund - Direct Plan - Growth Option,55.81,2026-07-07
148161,INF663L01T84,,PGIM India Money Market Fund - Direct Plan - Growth Option,1457.4553,2026-07-07
148353,INF00XX01804,,ITI Large Cap Fund - Direct Plan - Growth Option,19.4759,2026-07-07
148381,INF247L01AG2,,Motilal Oswal S&P 500 Index Fund - Direct Plan Growth,32.8805,2026-07-07
148387,INF200KA1Q73,,SBI Fixed Maturity Plan (FMP) - Series 34 (3682 Days) - Direct Plan - Growth,14.8437,2026-07-07
148401,INF769K01FS1,,Mirae Asset Arbitrage Fund Direct Growth,14.43,2026-07-07
148404,INF761K01FF5,,BANK OF INDIA Flexi Cap Fund Direct Plan -Growth,41.01,2026-07-07
148411,INF336L01PB2,,HSBC Focused Fund - Direct Growth,28.4347,2026-07-07
148413,,,JM Liquid Fund - Unclaimed Brokerage I.E.F. (Direct) - Growth Plan,41.4437,2026-07-07
148414,,,JM Liquid Fund - Unclaimed Application Refund Amount I.E.F. (Direct) - Growth Plan,41.4437,2026-07-07
148419,INF769K01FY9,,Mirae Asset Banking and PSU Fund - Direct Plan - Growth,13.9851,2026-07-07
148450,INF754K01LO0,,BHARAT Bond FOF- April 2031- Direct Plan- Growth Option,14.4485,2026-07-07
148457,INF204KB19V4,,Nippon India Multi Asset Allocation Fund - Direct Plan - Growth Option,26.766,2026-07-07
148468,INF174V01AA0,,Mahindra Manulife Arbitrage Fund - Direct Plan -Growth,13.6592,2026-07-07
148474,INF955L01JU2,,Baroda BNP Paribas Large and Mid Cap Fund- Direct Plan -Growth Option,29.625,2026-07-07
148481,INF205KA1213,,Invesco India Focused Fund - Direct Plan - Growth,31.4,2026-07-07
148485,INF846K01X06,,Axis Global Equity Alpha Fund of Fund - Direct Plan - Growth Option,25.7378,2026-07-07
148490,INF200KA1R07,,SBI Children's Fund - Investment Plan - Direct Plan - Growth,53.2978,2026-07-07
148500,INF769K01GE9,,Mirae Asset Diversified Equity Allocator Passive FOF - Direct Plan - Growth,25.339,2026-07-07
148507,INF903JA1JC0,,Sundaram Large Cap Fund (Formerly Known as Sundaram Blue Chip Fund)Direct Plan - Growth,22.69,2026-07-07
148516,INF109KC1O09,,ICICI Prudential ESG Exclusionary Strategy Fund - Direct Plan - Growth,23.2,2026-07-07
148519,INF204KB15W0,,Nippon India Nifty Smallcap 250 Index Fund - Direct Plan - Growth Option,35.5578,2026-07-07
148529,INF769K01GK6,,Mirae Asset Ultra Short Duration Fund Direct Growth,1414.3604,2026-07-07
148534,INF00XX01861,,ITI Banking & PSU Debt Fund - Direct Plan - Growth Option,14.1433,2026-07-07
148539,INF209KB1T79,,Aditya Birla Sun Life Special Opportunities Fund-Direct-Growth,30.43,2026-07-07
148550,INF200KA1R64,,SBI Floating Rate Debt Fund - Direct Plan - Growth,14.3135,2026-07-07
148555,INF754K01LV5,,Edelweiss MSCI India Domestic & World Healthcare 45 Index Fund Direct Plan - Growth,24.2207,2026-07-07
148564,INF966L01AD4,,quant ESG Integration Strategy Fund - Growth Option - Direct Plan,42.7517,2026-07-07
148567,INF174V01AG7,,Mahindra Manulife Focused Fund - Direct Plan -Growth,29.8779,2026-07-07
148574,INF769K01GQ3,,Mirae Asset Nifty 100 ESG Sector Leaders Fund of Fund Direct Growth,18.566,2026-07-07
148592,INF582M01GY0,,Union Aggressive Hybrid Fund - Direct Plan - Growth Option,19.7,2026-07-07
148600,INF109KC1O66,,ICICI Prudential Quant Fund Direct Plan Growth,23.74,2026-07-07
148605,INF174KA1FH6,INF174KA1FJ2,Kotak ESG Exclusionary Strategy Fund - Direct Plan - Payout of Income Distribution cum capital withdrawal option,18.444,2026-07-07
148606,INF174KA1FI4,,Kotak ESG Exclusionary Strategy Fund - Direct Plan - Growth Option,18.444,2026-07-07
148614,INF205KA1270,,Invesco India - Invesco Global Consumer Trends Fund of Fund - Direct Plan - Growth,13.9999,2026-07-07
148618,INF789F1AUQ1,,UTI Small Cap Fund - Direct Plan - Growth Option,29.5179,2026-07-07
148623,INF769K01GX9,,Mirae Asset Banking and Financial Services Fund Direct Growth,23.841,2026-07-07
148634,INF846K01X71,,Axis Innovation Fund - Direct Plan - Growth Option,21.28,2026-07-07
148637,INF209KB1U76,,Aditya Birla Sun Life ESG Integration Strategy Fund-Direct Plan-Growth,19.35,2026-07-07
148642,INF204KB16X6,,Nippon India Diversified Equity Flexicap Passive FoF - Direct Plan - Growth Option,21.4368,2026-07-07
148646,INF174KA1FO2,,Kotak International REIT Overseas Equity Omni FOF - Direct Plan - Growth,12.2252,2026-07-07
148649,INF174KA1FN4,INF174KA1FP9,Kotak International REIT Overseas Equity Omni FOF - Direct Plan - Payout of Income Distribution cum capital withdrawal option,12.2251,2026-07-07
148651,INF109KC1P24,,ICICI Prudential Business Cycle Fund Direct Plan Growth,26.77,2026-07-07
148658,INF663L01V49,,PGIM India Balanced Advantage Fund -  Direct Plan - Growth Option,16.65,2026-07-07
148662,INF174KA1FQ7,,Kotak US Specific Equity Passive FOF- Direct Plan - Growth,28.1276,2026-07-07
148666,INF204KB16Y4,,Nippon India Multi - Asset Omni FoF - Direct Plan - Growth Option,24.924,2026-07-07
148683,INF200KA1S55,,SBI Retirement Benefit Fund - Aggressive Plan - Direct Plan - Growth,21.5325,2026-07-07
148685,INF200KA1S97,,SBI Retirement Benefit Fund - Aggressive Hybrid Plan - Direct Plan - Growth,20.6304,2026-07-07
148688,INF200KA1T39,,SBI Retirement Benefit Fund - Conservative Plan - Direct Plan - Growth,15.076,2026-07-07
148690,INF200KA1T70,,SBI Retirement Benefit Fund - Conservative Hybrid Plan - Direct Plan - Growth,16.3837,2026-07-07
148699,INF846K01Y39,,Axis Greater China Equity Fund of Fund - Direct Plan - Growth Option,12.1,2026-07-07
148703,INF789F1AUT5,,UTI Nifty 200 Momentum 30 Index Fund - Direct Plan - Growth Option,20.9832,2026-07-07
148711,INF194KB1BA5,,BANDHAN FLOATER FUND  - DIRECT PLAN GROWTH,14.1511,2026-07-07
148721,INF204KB12Z0,,Nippon India Nifty 50 Value 20 Index Fund - Direct Plan - Growth Option,18.0019,2026-07-07
148726,INF204KB18Z7,,Nippon India Nifty Midcap 150 Index Fund - Direct Plan - Growth Option,26.5087,2026-07-07
148729,INF174V01AM5,,Mahindra Manulife Short Duration Fund - Direct Plan -Growth,14.2355,2026-07-07
148733,INF00XX01929,,ITI Mid Cap Fund - Direct Plan - Growth Option,25.355,2026-07-07
148745,INF174KA1GA9,,Kotak Nifty Next 50 Index Fund - Direct Plan - Growth Option,21.1456,2026-07-07
148746,INF174KA1FZ8,INF174KA1GB7,Kotak Nifty Next 50 Index Fund - Direct Plan -Payout of Income Distribution cum capital withdrawal option,21.1454,2026-07-07
148747,INF247L01AL2,,Motilal Oswal Multi Asset Passive Fund of Fund - Direct Growth,19.9017,2026-07-07
148750,INF247L01AN8,,Motilal Oswal Asset Allocation FOF- C- Direct Growth,17.9542,2026-07-07
148751,INF205KA1338,,Invesco India ESG Integration Strategy Fund - Direct Plan - Growth,18.34,2026-07-07
148755,INF769K01HD9,,Mirae Asset Corporate Bond Fund Direct Growth Plan,13.7851,2026-07-07
148760,INF200KA1U28,,SBI US Specific Equity Active FoF - Direct Plan - Growth,25.0184,2026-07-07
148771,INF740KA1PV1,,DSP Floater Fund - Direct Plan - Growth,14.2695,2026-07-07
148789,INF194KB1BP3,,BANDHAN CRISIL IBX Gilt June 2027 Index Fund Direct Plan-Growth,13.793,2026-07-07
148792,INF194KB1BV1,,BANDHAN CRISIL IBX Gilt April 2028 Index Fund Direct Plan-Growth,13.8827,2026-07-07
148807,INF209KB1W74,,Aditya Birla Sun Life Nifty Midcap 150 Index Fund-Direct Growth,25.8962,2026-07-07
148815,INF209KB1W17,,Aditya Birla Sun Life Nifty Smallcap 50 Index Fund-Direct Growth,23.3071,2026-07-07
148822,INF109KC1P81,,ICICI Prudential Nifty 100 Low Volatility 30 ETF FOF - Direct Plan - Growth,18.5598,2026-07-07
148837,INF0GCD01271,INF0GCD01289,TRUSTMF Liquid Fund-Direct Plan-Weekly Income Distribution cum Capital Withdrawal,1241.7441,2026-07-07
148839,INF0GCD01305,INF0GCD01297,TRUSTMF Liquid Fund-Direct Plan-Monthly Income Distribution cum Capital Withdrawal,1214.3682,2026-07-07
148841,INF0GCD01255,,TRUSTMF Liquid Fund-Direct Plan-Growth,1359.0469,2026-07-07
148842,,INF0GCD01263,TRUSTMF Liquid Fund-Direct Plan-Daily Income Distribution cum Capital Withdrawal,1285.8307,2026-07-07
148883,INF760K01JQ6,,Canara Robeco Focused Fund - Direct Plan - Growth Option,21.34,2026-07-07
148903,INF179KC1BA3,,HDFC Multi-Asset Active FOF - Growth Option -Direct Plan,20.689,2026-07-07
148913,INF00XX01AE2,,ITI Ultra Short Duration Fund - Direct Plan - Growth Option,1364.3682,2026-07-07
148921,INF209KB1Y49,,Aditya Birla Sun Life Multi-Cap Fund-Direct Growth,22.04,2026-07-07
148925,INF966L01AK9,,quant Quantamental Fund - Growth Option - Direct Plan,27.3917,2026-07-07
148928,INF769K01HH0,,Mirae Asset NYSE FANG + ETF Fund of Fund Direct Growth,40.723,2026-07-07
148945,INF200KA1W00,,SBI Nifty Next 50 Index Fund - Direct Plan - Growth,20.0133,2026-07-07
148954,INF846K01Z20,,Axis Global Innovation Fund of Fund - Direct Plan - Growth,19.48,2026-07-07
148958,INF879O01175,,Parag Parikh Conservative Hybrid Fund - Direct Plan - Growth,16.1457,2026-07-07
148962,INF209KB1Z71,,Aditya Birla Sun Life Nifty 50 Equal Weight Index Fund-Direct Growth,19.1538,2026-07-07
148972,INF00XX01AQ6,,ITI Value Fund - Direct Plan - Growth Option,18.8867,2026-07-07
148978,INF174KA1HA7,,Kotak Nifty 50 Index Fund - Direct Plan-Growth,16.185,2026-07-07
148980,INF761K01FL3,,BANK OF INDIA Large Cap Fund Direct Plan Growth,17.88,2026-07-07
148986,INF179KC1BG0,,HDFC Banking & Financial Services Fund - Growth Option - Direct Plan,19.749,2026-07-07
148990,INF109KC1R14,,ICICI Prudential Flexicap Fund - Direct Plan - Growth,21.18,2026-07-07
148993,INF846K01Z87,,Axis Quant Fund - Direct Plan - Growth,17.55,2026-07-07
149007,INF277KA1026,,Tata Floating Rate Fund -Direct Plan-Growth,13.8632,2026-07-07
149011,INF205KA1429,,Invesco India Medium Duration Fund - Direct Plan - Growth,1354.5885,2026-07-07
149017,INF209KB12A2,,Aditya Birla Sun Life Fixed Term Plan - Series TI (1837 days) - Direct Plan - Growth Option,13.5685,2026-07-07
149019,INF663L01W06,,PGIM India Small Cap Fund - Direct Plan- Growth Option,18.92,2026-07-07
149029,INF00XX01BC4,,ITI Dynamic Bond Fund - Direct Plan - Growth Option,13.5868,2026-07-07
149039,INF959L01FP2,,Navi Nifty 50 Index Fund-Direct Plan-Growth,16.0783,2026-07-07
149043,INF200KA1X41,,SBI Fixed Maturity Plan (FMP) - Series 46 (1850 Days) - Direct Plan - Growth,13.5335,2026-07-07
149049,INF846K014A6,,Axis Floater Fund - Direct Plan - Growth,1418.6597,2026-07-07
149059,INF174KA1HG4,,Kotak Global Innovation Overseas Equity Omni FOF- Direct Plan -Growth,15.5905,2026-07-07
149062,INF209KB16A3,,Aditya Birla Sun Life Fixed Term Plan - Series TJ (1838 days) - Direct Plan - Growth Option,13.5967,2026-07-07
149071,INF277KA1166,,Tata Business Cycle Fund-Direct Plan-Growth,20.8594,2026-07-07
149076,INF0GCD01370,,TRUSTMF Short Duration Fund-Direct Plan-Growth,1352.6523,2026-07-07
149077,,INF0GCD01388,TRUSTMF Short Duration Fund-Direct Plan-Weekly Income Distribution Cum Capital Withdrawal,1137.4549,2026-07-07
149078,INF0GCD01396,INF0GCD01404,TRUSTMF Short Duration Fund-Direct Plan-Monthly Income Distribution Cum Capital Withdrawal,1161.9589,2026-07-07
149079,INF0GCD01412,INF0GCD01420,TRUSTMF Short Duration Fund-Direct Plan-Quarterly Income Distribution Cum Capital Withdrawal,1175.4474,2026-07-07
149085,INF760K01JW4,,Canara Robeco Value Fund - Direct Plan - Growth Option,19.38,2026-07-07
149091,INF789F1AVA3,,UTI Focused Fund - Direct Plan - Growth Option,16.5047,2026-07-07
149094,INF204KC1121,,Nippon India Flexi Cap Fund - Direct Plan - Growth Plan - Growth Option,17.9588,2026-07-07
149098,INF194KB1CF2,,Bandhan US specific Equity Active FOF - GROWTH - DIRECT PLAN,20.46,2026-07-07
149104,INF174V01AS2,,Mahindra Manulife Flexi Cap Fund - Direct Plan -Growth,17.356,2026-07-07
149107,INF179KC1BM8,,HDFC NIFTY50 Equal weight Index Fund - Direct Plan - Growth Option,18.7254,2026-07-07
149112,INF769K01HN8,,Mirae Asset Money Market Fund Direct Growth,1363.8105,2026-07-07
149117,INF582M01HG5,,Union Money Market Fund - Direct Plan -  Growth Option,1353.646,2026-07-07
149134,INF200KA1Y73,,SBI Balanced Advantage Fund - Direct Plan - Growth,16.7227,2026-07-07
149141,INF955L01KK1,,Baroda BNP Paribas Business Cycle Fund - Direct Plan - Growth,17.0323,2026-07-07
149147,INF200KA1Z23,,SBI Fixed Maturity Plan (FMP) - Series 49 (1823 Days) - Direct Plan - Growth,13.4239,2026-07-07
149158,INF109KC1R89,,ICICI Prudential Nifty Alpha Low - Volatility 30 ETF FOF - Direct Plan - Growth,15.1912,2026-07-07
149166,INF846K010C0,,Axis Value Fund - Direct Plan - Growth,20.88,2026-07-07
149170,INF769K01HR9,,Mirae Asset S&P 500 Top 50 ETF Fund of Fund Direct Growth,27.792,2026-07-07
149174,INF200KA1Z64,,SBI Fixed Maturity Plan (FMP) - Series 50 (1843 Days) - Direct Plan - Growth,13.291,2026-07-07
149180,INF179KC1BO4,,HDFC Developed World Overseas Equity Passive FOF - Direct Plan - Growth Option,21.507,2026-07-07
149185,INF174KA1HV3,,Kotak Multicap Fund-Direct Plan-Growth,21.701,2026-07-07
149190,INF740KA1QH8,,DSP FMP Series - 264 - 60M - 17D - Direct - Growth,13.3176,2026-07-07
149195,INF200KA10A7,,SBI Fixed Maturity Plan (FMP) - Series 51 (1846 Days) - Direct Plan - Growth,13.2813,2026-07-07
149199,INF209KB18B7,,Aditya Birla Sun Life Nifty SDL Plus PSU Bond SEP 2026 60:40 Index Fund-Direct Growth,13.1933,2026-07-07
149210,INF109KC1S88,,ICICI Prudential Nifty PSU Bond Plus SDL Sep 2027 40:60 Index Fund - Direct Plan Growth,13.2607,2026-07-07
149219,INF109KC1U50,,ICICI Prudential NASDAQ 100 Index Fund - Direct Plan - Growth,24.1924,2026-07-07
149230,INF174V01AY0,,Mahindra Manulife Asia Pacific REITs FOF - Direct Plan - Growth,11.1275,2026-07-07
149232,INF200KA14A9,,SBI Fixed Maturity Plan (FMP) - Series 52 (1848 Days) - Direct Plan - Growth,13.2615,2026-07-07
149240,INF247L01AQ1,,Motilal Oswal 5 Year G-Sec Fund Of Fund Direct -Growth,13.2738,2026-07-07
149247,INF754K01MT7,,Edelweiss NIFTY PSU Bond Plus SDL Apr 2027 50:50 Index Fund - Direct Plan Growth,13.281,2026-07-07
149250,INF754K01NB3,,Edelweiss Nifty 50 Index Fund Direct Plan Growth,14.4372,2026-07-07
149254,INF754K01NJ6,,Edelweiss Nifty 100 Quality 30 Index Fund Direct Plan Growth,14.5533,2026-07-07
149261,INF767K01QY0,,LIC MF Balanced Advantage Fund-Direct Plan-Growth,14.6424,2026-07-07
149264,INF0J8L01040,,NJ Balanced Advantage Fund - Direct Plan - Growth Option,14.51,2026-07-07
149268,INF00XX01BO9,,ITI Pharma and Healthcare Fund - Direct Plan - Growth Option,19.1883,2026-07-07
149279,INF200KA18A0,,SBI Fixed Maturity Plan (FMP) - Series 53 (1839 Days) - Direct Plan - Growth,13.2799,2026-07-07
149283,INF109KC1V18,,ICICI Prudential Nifty Smallcap 250 Index Fund - Direct Plan - Growth,18.4109,2026-07-07
149288,INF179KC1BQ9,,HDFC NIFTY Next 50 Index Fund - Direct Plan - Growth Option,17.0627,2026-07-07
149291,INF209KB18C5,,Aditya Birla Sun Life US Equity Passive FOF-Direct-Growth,22.6653,2026-07-07
149295,INF209KB14D2,,Aditya Birla Sun Life Business Cycle Fund-Direct Growth,16.55,2026-07-07
149298,INF663L01W63,,PGIM India Global Select Real Estate Securities Fund of Fund - Direct Plan - Growth Option,14.15,2026-07-07
149303,INF194KB1CL0,,BANDHAN MULTI CAP FUND - GROWTH - DIRECT PLAN,18.884,2026-07-07
149307,INF200KA12B1,,SBI Fixed Maturity Plan (FMP) - Series 54 (1842 Days) - Direct Plan - Growth,13.2627,2026-07-07
149318,INF579M01AI2,,360 ONE QUANT FUND DIRECT GROWTH,19.7297,2026-07-07
149319,INF579M01AJ0,INF579M01AK8,360 ONE QUANT FUND DIRECT INCOME DISTRIBUTION CUM CAPITAL WITHDRAWAL,19.7297,2026-07-07
149321,INF00XX01BU6,,ITI Banking and Financial Services Fund - Direct Plan - Growth Option,17.9079,2026-07-07
149329,INF204KC1303,,Nippon India Taiwan Equity Fund- Direct Plan- Growth Option,35.7862,2026-07-07
149331,INF109KC1V91,,ICICI Prudential BSE 500 ETF FOF - Direct Plan - Growth,15.985,2026-07-07
149335,INF966L01AN3,,Quant Value Fund - Growth Option  - Direct Plan,24.6838,2026-07-07
149339,INF754K01NS7,INF754K01NT5,Edelweiss NIFTY Large Midcap 250 Index Fund - Direct Plan Payout,17.4154,2026-07-07
149343,INF754K01NR9,,Edelweiss NIFTY Large Midcap 250 Index Fund - Direct Plan Growth,17.4153,2026-07-07
149345,INF200KA16B2,,SBI Fixed Maturity Plan (FMP) - Series 55 (1849 Days) - Direct Plan - Growth,13.2331,2026-07-07
149361,INF277KA1224,,Tata Corporate Bond Fund-Direct Plan-Growth,13.3976,2026-07-07
149368,INF179KC1BS5,,HDFC Multi Cap Fund - Growth Option - Direct Plan,19.981,2026-07-07
149373,INF846K013D2,,Axis Nifty 50 Index Fund - Direct Plan - Growth,14.8123,2026-07-07
149381,INF769K01HU3,,Mirae AssetHang Seng TECH ETF Fund of Fund Direct Plan - Growth Option,11.42,2026-07-07
149383,INF846K013E0,,Axis Multicap Fund - Direct Growth,19.86,2026-07-07
149389,INF109KC1W58,,ICICI Prudential Nifty Midcap 150 Index Fund - Direct Plan - Growth,20.4797,2026-07-07
149401,INF754K01NY5,,BHARAT Bond ETF FOF - April 2032 Direct Growth,13.506,2026-07-07
149406,INF174V01BE0,,Mahindra Manulife Balanced Advantage Fund - Direct Plan - Growth,16.0635,2026-07-07
149409,INF109KC17H6,,ICICI Prudential Overnight fund - Direct Plan - Unclaimed Redemption Stable Scheme,1000.0,2026-07-07
149410,INF109KC15H0,,ICICI Prudential Overnight fund - Direct Plan - Unclaimed Redemption Transitory Scheme,1298.263,2026-07-07
149431,INF200KA14C5,,SBI Fixed Maturity Plan (FMP) - Series 57 (1835 Days) - Direct Plan - Growth,13.149,2026-07-07
149441,INF109KC1Y15,,ICICI Prudential Passive Multi-Asset Fund of Funds - Direct Plan - Growth,16.9736,2026-07-07
149447,INF959L01FR8,,Navi Nifty Next 50 Index Fund- Direct Plan- Growth,17.1904,2026-07-07
149450,INF0K1H01024,,Samco Flexi Cap Fund - Direct Plan - Growth Option,10.41,2026-07-07
149455,INF109KC1Z55,,ICICI Prudential Strategic Metal and Energy Equity Fund of Fund - Direct Plan Growth,28.0696,2026-07-07
149460,INF200KA18C6,,SBI Fixed Maturity Plan (FMP) - Series 58 (1842 Days) - Direct Plan - Growth,13.2707,2026-07-07
149466,INF846K019E7,,Axis Nifty Next 50 Index Fund - Direct Plan - Growth,17.9101,2026-07-07
149474,INF200KA13D5,,SBI CPSE Bond Plus SDL Sep 2026 50:50 Index Fund - Direct Plan - Growth,13.0933,2026-07-07
149482,INF173K01EW1,INF173K01EX9,Sundaram Nifty 100 Equal Weight Fund (Formerly Known as Principal Nifty 100 Equal Weight Fund)- Direct Plan - Income Distribution CUM Capital Withdrawal Option,79.5493,2026-07-07
149483,INF173K01EZ4,,Sundaram Nifty 100 Equal Weight Fund (Formerly Known as Principal Nifty 100 Equal Weight Fund) - Direct Plan - Growth Option,194.8199,2026-07-07
149526,INF173K01FS6,,Sundaram Low Duration Fund (Formerly Known as Principal Low Duration Fund) - Direct Plan - Growth Option,3949.7194,2026-07-07
149533,INF173K01EK6,,Sundaram Focused Fund (Formerly Known as Principal Focused Multicap Fund)- Direct Plan - Growth Option,182.0515,2026-07-07
149539,INF173K01HI3,,Sundaram Ultra Short Duration Fund (Formerly Known as Principal Ultra Short Term Fund)- Direct Plan -Growth Option,3124.4097,2026-07-07
149549,INF173K01NC4,INF173K01NE0,Sundaram Arbitrage Fund( Formerly Known as Principal Arbitrage Fund) - Direct Plan- Monthly Income Distribution CUM Capital Withdrawal,13.2492,2026-07-07
149550,INF173K01NF7,,Sundaram Arbitrage Fund (Formerly Known as Prinicpal Arbitrage Fund) - Direct Plan - Growth,16.2966,2026-07-07
149570,INF173K01HZ7,,Sundaram ELSS Tax Saver Fund Direct Plan Growth,538.741,2026-07-07
149587,INF173K01GP0,,Sundaram Short Duration Fund (Formerly Known as Principal Short Term Debt Fund)- Direct Plan - Growth Option,50.9425,2026-07-07
149601,INF173K01FE6,,Sundaram Aggressive Hybrid Fund (Formerly Known as Principal Hybrid Equity Fund)- Direct Plan - Growth Option,184.751,2026-07-07
149602,INF173K01FB2,INF173K01FC0,Sundaram Aggressive Hybrid Fund(Formerly Known as Principal Hybrid Equity Fund)-Direct Plan - Monthly Income Distribution CUM Capital Withdrawal Option,39.0697,2026-07-07
149664,INF173K01GU0,,Sundaram Liquid Fund (Formerly Known as Principal Cash Management Fund) - Direct Plan - Growth Option,2481.1188,2026-07-07
149669,INF173K01FQ0,,Sundaram Multi Cap Fund (Formerly Known as Principal Multi Cap Growth Fund)-Direct Plan - Growth Option,434.1039,2026-07-07
149679,INF173K01GZ9,,Sundaram Equity Savings Fund (Formerly Known as Principal Equity Savings Fund) - Direct Plan - Growth Option,83.6716,2026-07-07
149717,INF173K01FI7,,Sundaram Balanced Advantage Fund ( Formerly Known as Principal Balanced Advantage Fund) - Direct Plan - Growth Option,41.8197,2026-07-07
149718,INF173K01FF3,INF173K01FG1,Sundaram Balanced Advantage Fund (Formerly Known as Principal Balanced Advantage Fund) - Direct Plan - Monthly Income Distribution CUM Capital Withdrawal Option,17.7977,2026-07-07
149760,INF204KC1378,,Nippon India Silver ETF FOF- Direct Plan-Growth Option,34.4733,2026-07-07
149763,INF205KA1494,,Invesco India Flexi Cap Fund - Direct Plan - Growth,20.67,2026-07-07
149775,INF109KC1Y98,,ICICI Prudential Silver ETF FOF - Direct Plan - Growth,34.6885,2026-07-07
149780,INF209KB16F2,,Aditya Birla Sun Life Silver ETF FOF-Direct Growth,35.1781,2026-07-07
149790,INF769K01HZ2,,Mirae Asset Nifty India Manufacturing ETF FOF - Direct Plan - Growth,20.394,2026-07-07
149794,INF209KB11F3,,Aditya Birla Sun Life Nifty SDL Apr 2027 Index Fund-Direct Growth,13.2128,2026-07-07
149797,INF0GCD01453,,TRUST MF OVERNIGHT FUND-DIRECT PLAN-GROWTH,1290.9125,2026-07-07
149800,INF247L01AV1,,Motilal Oswal Nifty 200 Momentum 30 Index Fund-Direct Plan,15.0899,2026-07-07
149803,INF789F1AVD7,,UTI BSE Sensex Index Fund - Direct Plan - Growth Option,14.1138,2026-07-07
149804,INF959L01FT4,,Navi Nifty Bank Index Fund- Direct Plan- Growth,15.3396,2026-07-07
149826,INF192K01MK9,,JM Overnight Fund - (Direct) - Unclaimed Redemption I.E.F. - Growth Plan,1073.9936,2026-07-07
149829,INF192K01MI3,,JM Overnight Fund - (Direct) - Unclaimed Redemption - Growth Plan,1383.4654,2026-07-07
149830,INF959L01FV0,,Navi Total Stock Market US Specific Equity Passive FoF- Direct Plan- Growth,22.3168,2026-07-07
149832,INF194KB1CR7,,BANDHAN NIFTY 100 INDEX FUND - DIRECT PLAN - GROWTH,15.2356,2026-07-07
149838,INF209KB10G3,,Aditya Birla Sun Life Nifty Next 50 Index Fund-Direct Growth,17.95,2026-07-07
149841,INF174KA1IF4,,Kotak Manufacture in India Fund - Direct Plan Growth,22.521,2026-07-07
149847,INF846K011G9,,Axis Multi Factor Passive FoF - Direct Plan - Growth Option,15.589,2026-07-07
149855,INF174KA1IL2,,Kotak Nifty SDL Apr  2027 Top 12 Equal Weight Index Fund-Direct Plan-Growth,13.1367,2026-07-07
149858,INF109KC11A4,,ICICI Prudential Nifty Bank Index Fund - Direct Plan Growth,16.7854,2026-07-07
149865,INF174KA1IR9,,Kotak Nifty SDL Apr 2032 Top 12 Equal Weight Index Fund-Direct Plan- Growth,13.5101,2026-07-07
149868,INF179KC1BY3,,HDFC NIFTY 100 Index Fund - Direct Plan - Growth Option,15.149,2026-07-07
149870,INF179KC1CA1,,HDFC Nifty 100 Equal Weight Index Fund - Direct Plan - Growth Option,17.586,2026-07-07
149873,INF846K017G6,,Axis CRISIL IBX SDL May 2027 Index Fund - Direct Plan - Growth,13.1339,2026-07-07
149878,INF200KA13E3,,SBI Fixed Maturity Plan (FMP) - Series 60 (1878 Days) - Direct Plan - Growth,13.1861,2026-07-07
149881,INF789F1AVF2,,UTI BSE Low Volatility Index Fund - Direct Plan  - Growth Option,16.6934,2026-07-07
149882,INF200KA18E2,,SBI Multicap Fund- Direct Plan- Growth option,17.7096,2026-07-07
149892,INF959L01FX6,,Navi Nifty Midcap 150 Index Fund Direct Plan- Growth,21.6835,2026-07-07
149894,INF846K013H3,,Axis Nifty Smallcap 50 Index Fund - Direct Plan - Growth Option,20.2575,2026-07-07
149910,INF959L01FZ1,,Navi NASDAQ100 US Specific Equity Passive FOF- Direct- Growth,24.707,2026-07-07
149917,INF204KC1477,,Nippon India Fixed Maturity Plan-XLIII-Series 5- Direct Plan-Growth Option,13.4654,2026-07-07
149919,INF247L01AY5,,Motilal Oswal BSE Low Volatility Index Fund-Direct plan,16.567,2026-07-07
149924,INF179KC1CC7,,HDFC FMP 1861D March 2022 - Growth Option - Direct Plan,13.2535,2026-07-07
149936,INF846K019H0,,Axis Nifty Midcap 50 Index Fund - Direct Plan - Growth Option,21.707,2026-07-07
149961,INF205KA1585,,Invesco India - Invesco EQQQ Nasdaq-100 ETF Fund of Fund - Direct Plan - Growth,25.8768,2026-07-07
149966,INF336L01QH7,,HSBC CRISIL IBX 50:50 Gilt Plus SDL Apr 2028 Index Fund - Direct - Growth,13.2646,2026-07-07
149970,INF740KA1QV9,,DSP Nifty SDL Plus G-Sec Jun 2028 30:70 Index Fund - Direct - Growth,13.2702,2026-07-07
149993,INF200KA13F0,,SBI Fixed Maturity Plan (FMP)- Series 61 (1927 Days)- Direct Plan- Growth option,13.2289,2026-07-07
149995,INF200KA14F8,,SBI Fixed Maturity Plan (FMP)- Series 61 (1927 Days)- Direct Plan- Income Distribution Cum Capital withdrawal option,13.2291,2026-07-07
149999,INF109KC14B6,,ICICI Prudential Nifty SDL Sep 2027 Index Fund - Direct Plan - Growth,13.1532,2026-07-07
150002,INF179KC1CO2,,HDFC FMP 1876D March 2022 - Growth Option - Direct Plan,13.2037,2026-07-07
150012,INF204KC1527,,Nippon India Nifty AAA CPSE Bond Plus SDL - Apr 2027 Maturity 60:40 Index Fund - Direct Plan - Growth Option,13.0325,2026-07-07
150159,INF251K01HF3,,BARODA BNP PARIBAS ELSS Tax Saver Fund - Direct Plan - Growth Option,113.0017,2026-07-07
150169,INF251K01GJ7,,BARODA BNP PARIBAS LOW DURATION Fund - Direct Plan - Growth Option,46.8757,2026-07-07
150180,INF251K01GW0,,Baroda BNP Paribas Dynamic Bond Fund - Direct Plan - Growth Option,52.4672,2026-07-07
150187,INF251K01HN7,,BARODA BNP PARIBAS LARGE CAP Fund - Direct Plan - Growth Option,255.6208,2026-07-07
150206,INF251K01HR8,,BARODA BNP PARIBAS Conservative Hybrid Fund - Direct Plan - Growth Option,57.5,2026-07-07
150212,INF251K01HQ0,,BARODA BNP PARIBAS Mid Cap Fund - Direct Plan - Growth Option,133.4892,2026-07-07
150237,INF251K01GP4,,BARODA BNP PARIBAS Corporate Bond Fund - Direct Plan - Growth Option,31.2,2026-07-07
150251,INF251K01OT0,,BARODA BNP PARIBAS ARBITRAGE FUND-DIRECT PLAN-GROWTH OPTION,18.0843,2026-07-07
150260,INF251K01OZ7,,Baroda BNP Paribas Aggressive Hybrid Fund- DIRECT PLAN - GROWTH OPTION,32.5062,2026-07-07
150264,INF251K01PN0,,BARODA BNP PARIBAS Focused Fund - Direct Plan - Growth Option,24.1483,2026-07-07
150266,INF251K01PT7,,BARODA BNP PARIBAS India Consumption Fund - Direct Plan - Growth Option,34.1575,2026-07-07
150285,INF251K01QT5,,Baroda BNP Paribas Aqua Fund of Fund - Direct Plan - Growth Option,16.6912,2026-07-07
150310,INF109KC10C2,,ICICI PRUDENTIAL HOUSING OPPORTUNITIES FUND - Direct Plan Growth,18.47,2026-07-07
150313,INF789F1AVH8,,UTI Nifty Midcap 150 Quality 50 Index Fund - Direct Plan - Growth Option,14.291,2026-07-07
150316,INF209KB14H3,,Aditya Birla Sun Life Fixed Term Plan - Series TQ (1879 days) - Direct Plan - Growth Option,13.1816,2026-07-07
150326,INF277KA1372,,Tata Nifty SDL Plus AAA PSU Bond Dec 6040 Index Fund- Direct Plan-Growth,13.2601,2026-07-07
150344,INF277KA1430,,Tata Nifty India Digital ETF Fund of Fund-Direct Plan-Growth,13.0422,2026-07-07
150346,INF03VN01530,,WhiteOak Capital Flexi Cap Fund Direct Plan-Growth,18.987,2026-07-07
150353,INF209KB19H2,,Aditya Birla Sun Life Crisil IBX 60:40 SDL+AAA PSU-Apr 2027 Index Fund-Direct Growth,13.0437,2026-07-07
150358,INF769K01IH8,,Mirae Asset Nifty SDL Jun 2027 Index Fund -Direct Plan - Growth,13.1519,2026-07-07
150367,INF0J8L01065,,NJ Arbitrage Fund - Direct Plan - Growth Option,13.0075,2026-07-07
150369,INF0J8L01081,,NJ Overnight Fund - Direct Plan - Growth Option,1263.6383,2026-07-07
150376,INF754K01OP1,,Edelweiss Focused Fund - Direct Plan - Growth,17.718,2026-07-07
150387,INF251K01QZ2,,Baroda BNP Paribas Flexi Cap Fund - Direct Plan - Growth Option,16.698,2026-07-07
150390,INF082J01416,,Quantum Nifty 50 ETF FOF - Direct Plan - Growth,14.5208,2026-07-07
150392,INF767K01RE0,,LIC MF Money Market Fund-Direct Plan-Growth,1286.7335,2026-07-07
150404,INF194KB1DJ2,,BANDHAN MIDCAP FUND - GROWTH - DIRECT PLAN,19.695,2026-07-07
150407,INF582M01HW2,,Union Gilt Fund - Direct Plan - Growth Option,12.6457,2026-07-07
150410,INF789F1AVR7,,UTI Gilt Fund with 10 year Constant Duration - Direct Plan - Growth Option,13.4343,2026-07-07
150428,INF740KA1RB9,,DSP Nifty Midcap 150 Quality 50 Index Fund - Direct - Growth,14.7406,2026-07-07
150440,INF966L01AT0,,quant Large Cap Fund - Growth Option - Direct Plan,16.8301,2026-07-07
150443,INF247L01BC9,,Motilal Oswal BSE Financials ex Bank 30 Index Fund Direct Growth,17.9579,2026-07-07
150452,INF109KC11D8,,ICICI Prudential Nifty 200 Momentum 30 Index Fund - Direct Plan - Growth,16.4603,2026-07-07
150460,INF200KA15M1,,SBI Fixed Maturity Plan (FMP) - Series 67 (1467 Days) - Direct Plan - Growth,13.106,2026-07-07
150468,INF109KC13E2,,ICICI Prudential Nifty IT Index Fund - Direct Plan - Growth,9.9069,2026-07-07
150470,INF769K01IN6,,Mirae Asset Balanced Advantage Fund Direct Plan- Growth,15.464,2026-07-07
150481,INF090I01WQ5,,Franklin India Balanced Advantage Fund- Growth- Direct,15.4775,2026-07-07
150484,INF209KB17J2,,Aditya Birla Sun Life Long Duration Fund-Direct Growth,13.5413,2026-07-07
150487,INF204KC1584,,Nippon India Nifty Alpha Low Volatility 30 Index Fund - Direct Plan - Growth Option,16.2298,2026-07-07
150505,INF760K01KC4,,Canara Robeco Banking and PSU Debt Fund- Direct Plan- Growth Option,12.8728,2026-07-07
150513,INF0GCD01503,,TRUSTMF MONEY MARKET FUND-DIRECT PLAN-GROWTH,1307.1204,2026-07-07
150515,INF959L01GD6,,Navi Nifty India Manufacturing Index Fund- Direct Plan- Growth,19.4731,2026-07-07
150518,INF247L01BF2,,Motilal Oswal BSE Enhanced Value Index Fund-Direct plan,27.7039,2026-07-07
150521,INF247L01BI6,,Motilal Oswal BSE Quality Index Fund-Direct plan,17.6484,2026-07-07
150532,INF277KA1497,,Tata Housing Opportunities Fund - Direct Plan - Growth,16.1611,2026-07-07
150539,INF109KC12I5,,ICICI Prudential PSU Equity Fund - Direct Plan - Growth,23.06,2026-07-07
150545,INF192K01MP8,,JM Short Duration Fund (Direct) - Growth,13.0544,2026-07-07
150554,INF582M01IK5,,Union Retirement Fund - Direct Plan - Growth Option,17.4,2026-07-07
150571,INF903JA1LE2,,Sundaram Flexicap Fund Direct Growth,15.3879,2026-07-07
150581,INF754K01OX5,,Edelweiss Gold and Silver ETF FOF - Direct Plan - Growth,33.01,2026-07-07
150584,INF03VN01597,,WhiteOak Capital Mid Cap Fund Direct Plan Growth,22.779,2026-07-07
150587,INF03VN01621,,WhiteOak Capital ELSS Tax Saver Fund Direct Plan Growth,18.95,2026-07-07
150591,INF194KB1DP9,,BANDHAN NIFTY200 MOMENTUM 30 INDEX FUND - GROWTH - DIRECT PLAN,15.4526,2026-07-07
150595,INF769K01IQ9,,Mirae Asset Global Electric & Autonomous Vehicles Equity Passive FOF - Direct Plan - Growth,17.078,2026-07-07
150597,INF769K01IS5,,Mirae Asset Global X Artificial Intelligence & Technology ETF Fund of Fund - Direct Plan- Growth,34.751,2026-07-07
150615,INF846K015J4,,Axis Silver Fund of Fund- Direct Plan-Growth Option,38.8359,2026-07-07
150624,INF174KA1JN6,,Kotak Business Cycle - Direct Plan - Growth,18.089,2026-07-07
150627,INF204KC1634,,Nippon India Fixed Maturity Plan-XLIV-Series 1-Direct Plan-Growth Option,13.3028,2026-07-07
150631,INF0K1H01040,,Samco Overnight Fund - Direct Plan - Growth Option,1246.4951,2026-07-07
150636,INF194KB1DV7,,BANDHAN NIFTY100 LOW VOLATILITY 30 INDEX FUND - GROWTH - DIRECT PLAN,15.9284,2026-07-07
150639,INF109KC10J7,,ICICI Prudential Nifty50 Equal Weight Index Fund- Direct Plan - Growth,17.2348,2026-07-07
150642,INF247L01BM8,,Motilal Oswal Gold and Silver Passive Fund of Funds(Direct Plan),29.7211,2026-07-07
150643,INF109KC16J4,,ICICI Prudential Nifty Auto Index Fund - Direct Plan - Growth,22.0627,2026-07-07
150659,INF767K01RK7,,LIC MF Multi Cap Fund-Direct Plan-Growth,19.3656,2026-07-07
150671,INF754K01PF9,,Edelweiss CRISIL IBX 50:50 Gilt Plus SDL April 2037 Index Fund - Direct Plan - Growth,13.5405,2026-07-07
150673,INF200KA10P5,,SBI Nifty Midcap 150 Index Fund - Direct Plan - Growth,19.9537,2026-07-07
150677,INF200KA16P2,,SBI Nifty Smallcap 250 Index Fund - Direct Plan - Growth,19.56,2026-07-07
150681,INF200KA12Q9,,SBI |CRISIL IBX Gilt Index - June 2036 Fund - Direct Plan - Growth,13.6041,2026-07-07
150685,INF109KC12K1,,ICICI PRUDENTIAL TRANSPORTATION AND LOGISTICS FUND - Direct Plan - Growth,22.26,2026-07-07
150688,INF209KB15M0,,Aditya Birla Sun Life Multi-Asset Passive FOF-Direct Growth,17.5891,2026-07-07
150702,INF209KB14N1,,Aditya Birla Sun Life Crisil IBX 50:50 Gilt Plus SDL Apr 2028 Index Fund-Direct Growth,13.2681,2026-07-07
150706,INF200KA18Q6,,SBI CRISIL IBX Gilt Index - April 2029 Fund - Direct Plan - Growth,13.3436,2026-07-07
150711,INF200KA14R3,,SBI CRISIL IBX SDL Index - September 2027 Fund - Direct Plan - Growth,13.151,2026-07-07
150714,INF789F1AWB9,,UTI Gold ETF Fund of Fund - Direct Plan - Growth Option,27.6003,2026-07-07
150716,INF194KB1EB7,,BANDHAN TRANSPORTATION AND LOGISTICS FUND - GROWTH - DIRECT PLAN,21.12,2026-07-07
150725,INF174KA1JT3,,Kotak Nifty SDL Plus AAA PSU Bond Jul 2028 60:40 Index Fund Direct Plan - Growth,13.1929,2026-07-07
150727,INF754K01PN3,,Edelweiss CRISIL IBX 50:50 Gilt Plus SDL June 2027 Index Fund - Direct Plan - Growth,13.1362,2026-07-07
150729,INF109KC14L5,,ICICI Prudential Nifty SDL Dec 2028 Index Fund - Direct Plan - Growth,13.3423,2026-07-07
150733,INF109KC18K8,,ICICI Prudential Nifty G-Sec Dec 2030 Index Fund - Direct Plan - Growth,13.4239,2026-07-07
150737,INF179KC1DU7,,HDFC Silver ETF Fund of Fund - Growth Option - Direct Plan,37.3409,2026-07-07
150738,INF277KA1612,,Tata Nifty Midcap 150 Momentum 50 Index Fund - Growth - Direct Plan,18.1462,2026-07-07
150751,INF846K012K9,,Axis NASDAQ 100 US Specific Equity Passive FOF - Direct Plan - Growth,29.3435,2026-07-07
150754,INF204KC1683,,Nippon India Nifty AAA PSU Bond Plus SDL - Sep 2026 Maturity 50:50 Index Fund-Direct Plan-Growth Option,12.9815,2026-07-07
150778,INF209KB12O3,,Aditya Birla Sun Life Crisil IBX Gilt-Apr-2029 Index Fund-Direct Growth,13.3943,2026-07-07
150792,INF769K01IX5,,Mirae Asset CRISIL IBX Gilt Index - April 2033 Index Fund - Direct Plan - Growth,13.4968,2026-07-07
150797,INF03VN01696,,WhiteOak Capital Large Cap Fund Direct Plan Growth,15.886,2026-07-07
150805,INF179KC1DY9,,HDFC Business Cycle Fund - Growth Option - Direct Plan,15.841,2026-07-07
150807,INF754K01PV6,,Edelweiss CRISIL IBX 50:50 Gilt Plus SDL Sep 2028 Index Fund - Direct Plan - Growth,13.2036,2026-07-07
150815,INF192K01MV6,,JM Midcap Fund (Direct) - Growth,21.9343,2026-07-07
150817,INF760K01KI1,,Canara Robeco Mid Cap Fund- Direct Plan- Growth Option,19.12,2026-07-07
150822,INF174KA1KJ2,,Kotak Income Plus Arbitrage Omni FOF-Direct Plan-Growth,13.159,2026-07-07
150824,INF204KC1741,,Nippon India Nifty SDL Plus G-Sec - Jun 2028 Maturity 70:30 Index Fund-Direct Plan-Growth Option,13.0574,2026-07-07
150838,INF0K1H01065,,Samco ELSS Tax Saver Fund - Direct Plan - Growth Option,13.2,2026-07-07
150842,INF740KA1YL4,,DSP FMP Series - 267 - 1172 Days - Direct - Growth,12.9744,2026-07-07
150845,INF179KC1EE9,,HDFC Nifty G-Sec Dec 2026 Index Fund - Growth Option - Direct Plan,12.9254,2026-07-07
150847,INF179KC1EH2,,HDFC Nifty G-Sec July 2031 Index Fund - Growth Option - Direct Plan,13.351,2026-07-07
150854,INF846K018K6,,Axis Nifty SDL September 2026 Debt Index Fund - Direct Plan - Growth,12.9091,2026-07-07
150858,INF582M01IO7,,Union Multicap Fund - Direct Plan - Growth Option,17.86,2026-07-07
150865,INF251K01RF2,,Baroda BNP Paribas Multi Asset Fund - Direct Plan - Growth Option,16.9024,2026-07-07
150868,INF194KB1ET9,,BANDHAN CRISIL IBX 90:10 SDL PLUS GILT - NOV 2026 INDEX FUND - DIRECT GROWTH,12.9505,2026-07-07
150871,INF194KB1EN2,,BANDHAN CRISIL IBX 90:10 SDL PLUS GILT APRIL 2032 INDEX FUND - DIRECT GROWTH,13.2338,2026-07-07
150888,INF194KB1EZ6,,BANDHAN CRISIL IBX 90:10 SDL PLUS GILT - SEP27 INDEX FUND - DIRECT GROWTH,13.0366,2026-07-07
150892,INF754K01QT8,,Edelweiss Nifty Smallcap 250 Index Fund - Direct Plan - Growth,18.6869,2026-07-07
150899,INF754K01QL5,,Edelweiss Nifty Next 50 Index Fund - Direct Plan - Growth,16.8323,2026-07-07
150902,INF754K01QD2,,Edelweiss Nifty Midcap150 Momentum 50 Index Fund - Direct Plan - Growth,18.239,2026-07-07
150906,INF204KC1881,,Nippon India Nifty G-Sec Sep 2027 Maturity Index Fund-Direct Plan-Growth Option,12.8755,2026-07-07
150915,INF174V01BK7,,Mahindra Manulife Small Cap Fund - Direct Plan - Growth,22.4742,2026-07-07
150920,INF204KC1AC0,,Nippon India Nifty G-Sec Jun 2036 Maturity Index Fund-Direct Plan-Growth Option,13.3105,2026-07-07
150930,INF109KC11M9,,ICICI Prudential Nifty Pharma Index Fund - Direct Plan - Growth,19.8652,2026-07-07
150989,INF754K01RC2,,BHARAT Bond ETF FOF - April 2033 - Direct Plan - Growth,13.2158,2026-07-07
150996,INF917K01HN3,,HSBC Corporate Bond Fund - Direct Growth,82.7731,2026-07-07
151014,INF917K01FI7,,HSBC Gilt Fund - Direct Growth,78.0893,2026-07-07
151036,INF917K01FZ1,,HSBC Midcap Fund - Direct Growth,515.9856,2026-07-07
151040,INF917K01FW8,,HSBC Infrastructure Fund - Direct Growth,56.3711,2026-07-07
151045,INF917K01UH8,,HSBC Credit Risk Fund - Direct Growth,37.4214,2026-07-07
151054,INF917K01FE6,,HSBC Money Market Fund - Direct Growth,29.549,2026-07-07
151060,INF917K01GE4,,HSBC Equity Savings Fund - Direct Growth,41.0217,2026-07-07
151067,INF917K01IQ4,,HSBC Short Duration Fund - Direct Growth,29.8346,2026-07-07
151078,INF917K01GP0,,HSBC ELSS Tax saver Fund - Direct Growth,153.1311,2026-07-07
151087,INF917K01HA0,,HSBC Dynamic Bond Fund - Direct Growth,33.5566,2026-07-07
151107,INF917K01HH5,,HSBC Banking and PSU Debt Fund - Direct Growth,27.1392,2026-07-07
151113,INF917K01HD4,,HSBC Value Fund - Direct Growth,128.4011,2026-07-07
151117,INF917K01GM7,,HSBC Low Duration Fund - Direct Growth,32.3396,2026-07-07
151122,INF917K01LE4,,HSBC Aggressive Hybrid Fund - Direct Growth,66.8794,2026-07-07
151129,INF917K01IN1,,HSBC Balanced Advantage Fund - Direct Growth,51.6065,2026-07-07
151130,INF917K01QA1,,HSBC Small Cap Fund - Direct Growth,97.2084,2026-07-07
151138,INF917K01QR5,,HSBC Arbitrage Fund - Direct Growth,21.6826,2026-07-07
151142,INF917K01RI2,,HSBC Business Cycles Fund - Direct Growth,47.657,2026-07-07
151146,INF917K01TK4,,HSBC Medium Duration Fund - Direct Growth,23.8442,2026-07-07
151157,INF917K01D12,,HSBC NIFTY 50 INDEX FUND - Direct Growth,28.8354,2026-07-07
151160,INF917K01D79,,HSBC NIFTY NEXT 50 INDEX FUND - Direct Growth,31.6568,2026-07-07
151165,INF579M01AN2,,360 ONE ELSS Tax Saver Nifty 50 Index Fund - Direct Plan - Growth,13.8518,2026-07-07
151179,INF846K014L3,,Axis Long Duration Fund - Direct Plan - Growth,1283.189,2026-07-07
151181,INF179KC1EJ8,,HDFC Nifty G-Sec Jun 2027 Index Fund - Growth Option - Direct Plan,12.909,2026-07-07
151183,INF179KC1EL4,,HDFC Nifty G-Sec Sep 2032 Index Fund - Growth Option - Direct Plan,13.2533,2026-07-07
151185,INF789F1AWX3,,UTI CRISIL SDL Maturity April 2033 Index Fund - Direct Plan - Growth Option,13.0688,2026-07-07
151190,INF966L01AZ7,,quant Overnight Fund - Growth Option - Direct Plan,12.4756,2026-07-07
151211,INF109KC13P8,,ICICI Prudential Nifty SDL Sep 2026 Index Fund - Direct Plan - Growth,12.7982,2026-07-07
151214,INF200KA16T4,,SBI Long Duration Fund - Direct Plan - Growth,12.883,2026-07-07
151218,INF174KA1LC5,,Kotak Nifty SDL Jul 2026 Index Fund Direct Plan Growth,12.7704,2026-07-07
151228,INF966L01BF7,,quant Gilt Fund - Growth Option - Direct Plan,12.586,2026-07-07
151232,INF277KA1679,,Tata Multicap Fund - Direct Plan - Growth,16.3758,2026-07-07
151239,INF789F1AWZ8,,UTI CRISIL SDL Maturity June 2027 Index Fund - Direct Plan - Growth Option,12.8891,2026-07-07
151267,INF03VN01738,,WhiteOak Capital Balanced Advantage Fund Direct Plan Growth,15.469,2026-07-07
151273,INF277KA1737,,Tata Nifty G-Sec Dec 2029 Index Fund - Direct Plan - Growth,13.047,2026-07-07
151283,INF251K01RL0,,Baroda BNP Paribas Nifty SDL December 2026 Index Fund - Direct Plan - Growth Option,12.7908,2026-07-07
151286,INF174KA1LP7,,Kotak FMP Series 304-Direct Plan-Growth Option,13.307,2026-07-07
151290,INF336L01QN5,,HSBC Multi Cap Fund - Direct - Growth,20.616,2026-07-07
151300,INF846K010N7,,Axis CRISIL IBX 50:50 Gilt Plus SDL June 2028 Index Fund - Direct Plan - Growth,12.8705,2026-07-07
151301,INF277KA1794,,Tata Nifty G Sec Dec 2026 Index Fund-Direct Plan-Growth,12.7391,2026-07-07
151307,INF209KB15R9,,Aditya Birla Sun Life Multi Asset Allocation Fund-Direct Growth,17.7419,2026-07-07
151313,INF179KC1ET7,,HDFC Long Duration Debt Fund - Growth Option - Direct Plan,12.7516,2026-07-07
151320,INF0GCD01560,,TRUSTMF CORPORATE BOND FUND-DIRECT PLAN-GROWTH,1270.9273,2026-07-07
151329,INF740KA1SB7,,DSP CRISIL-IBX 50:50 Gilt Plus SDL - April 2033 Index Fund - Direct - Growth,13.112,2026-07-07
151365,INF754K01RK5,,Edelweiss CRISIL IBX 50:50 Gilt Plus SDL Short Duration Index fund - Direct Plan - Growth,12.8452,2026-07-07
151368,INF846K016N4,,Axis Business Cycles Fund - Direct Plan - Growth,17.62,2026-07-07
151373,INF740KA1SH4,,DSP Nifty SDL Plus G-Sec Sep 2027 50:50 Index Fund - Direct - Growth,12.8622,2026-07-07
151379,INF00XX01CO7,,ITI Flexi Cap Fund- Direct Plan- Growth,20.5093,2026-07-07
151384,INF174KA1MD1,,Kotak Banking & Financial Services Fund - Direct Plan - Growth,17.501,2026-07-07
151390,INF204KC1AI7,,Nippon India Nifty SDL Plus G-Sec-Jun 2029 Maturity 70:30 Index Fund-Direct Plan-Growth Option,12.9303,2026-07-07
151407,INF663L01X21,,"PGIM India CRISIL IBX Gilt Index - Apr 2028 Fund - Direct Plan, Growth Option",12.79,2026-07-07
151408,INF194KB1FF5,,BANDHAN CRISIL IBX GILT APRIL 2032 INDEX FUND - DIRECT GROWTH,13.1145,2026-07-07
151412,INF769K01JJ2,,Mirae Asset Flexi Cap Fund - Direct Plan - Growth,17.014,2026-07-07
151420,INF174KA1MJ8,,Kotak Nifty SDL Jul 2033 Index Fund Direct Plan Growth Option,12.9919,2026-07-07
151427,INF209KB14S0,,Aditya Birla Sun Life CRISIL IBX SDL Jun 2032 INDEX FUND - Direct Growth,13.067,2026-07-07
151435,INF846K012O1,,AXIS CRISIL IBX 50:50 Gilt Plus SDL September 2027 Index Fund- DIRECT PLAN-GROWTH,12.8369,2026-07-07
151440,INF204KC1AO5,,Nippon India Nifty G-Sec Oct 2028 Maturity Index Fund-Direct Plan-Growth Option,12.9175,2026-07-07
151443,INF761K01FR0,,Bank of India Multi Cap Fund Direct Plan - Growth,20.53,2026-07-07
151449,INF740KA1YR1,,DSP FMP Series - 270 - 1172 Days - Direct - Growth,12.7324,2026-07-07
151456,INF179KC1FI7,,HDFC Nifty SDL Oct 2026 Index Fund - Growth Option - Direct Plan,12.7476,2026-07-07
151458,INF179KC1FC0,,HDFC MNC Fund - Growth Option - Direct Plan,14.265,2026-07-07
151470,,,HDFC FMP 2638D February 2023 - Growth Option - Direct Plan,13.1998,2026-07-07
151471,INF959L01GR6,,NAVI ELSS TAX SAVER NIFTY 50 INDEX FUND - DIRECT PLAN GROWTH,14.8165,2026-07-07
151479,INF336L01QT2,,HSBC CRISIL IBX Gilt June 2027 Index Fund - Direct - Growth,12.6788,2026-07-07
151485,INF789F1AXP7,,UTI Fixed Term Income Fund Series XXXVI - I (1574 Days) - Direct Plan - Growth Option,12.9358,2026-07-07
151487,INF789F1AXR3,,UTI NIFTY SDL Plus AAA PSU Bond Apr 2028- 75:25 Index Fund - Direct Plan - Growth Option,12.8674,2026-07-07
151489,INF179KC1FS6,,HDFC Nifty G-Sec Jun 2036 Index Fund - Growth Option - Direct Plan,13.2072,2026-07-07
151493,INF109KC14R2,,ICICI Prudential Fixed Maturity Plan - Series 88 - 1303 Days Plan S - Direct Plan - Growth,12.7195,2026-07-07
151495,INF179KC1FQ0,,HDFC Nifty G-Sec Apr 2029 Index Fund - Growth Option - Direct Plan,12.9832,2026-07-07
151523,INF789F1AYB5,,UTI Long Duration Fund - Direct Plan - Growth Option,12.4471,2026-07-07
151548,INF194KB1FV2,,Bandhan US Treasury Bond 0-1 year specific Debt Passive FOF - DIRECT PLAN - GROWTH,13.3274,2026-07-07
151562,INF209KB16T3,,Aditya Birla Sun Life Nifty SDL SEP 2027 Index Fund-Direct Growth,12.8525,2026-07-07
151565,,,HDFC FMP 1269D March 2023 - Growth Option - Direct Plan,12.5882,2026-07-07
151570,INF179KC1GA2,,HDFC NIFTY SDL Plus G-Sec Jun 2027 40:60 Index Fund - Growth Option - Direct Plan,12.6901,2026-07-07
151574,INF251K01RR7,,Baroda BNP Paribas NIFTY SDL December 2028 Index Fund - Direct Plan - Growth Option,12.8554,2026-07-07
151577,INF209KB11U2,,Aditya Birla Sun Life Crisil IBX Gilt Apr 2028 Index Fund-Direct Growth,12.6078,2026-07-07
151580,INF109KC12T2,,ICICI Prudential Innovation Fund - Direct Plan - Growth,19.88,2026-07-07
151586,INF846K011Q8,,Axis Fixed Term Plan - Series 113 (1228 Days) - Direct Plan - Growth,12.6517,2026-07-07
151593,INF205KA1775,,Invesco India Nifty G-sec Jul 2027 Index Fund - Direct Plan - Growth,1267.5862,2026-07-07
151597,INF205KA1817,,Invesco India Nifty G-sec Sep 2032 Index Fund - Direct Plan - Growth,1295.8798,2026-07-07
151603,INF174KA1MQ3,,Kotak Silver ETF Fund of Fund - Direct Plan - Growth Option,30.2093,2026-07-07
151611,INF0J8L01115,,NJ ELSS Tax Saver Scheme Direct Growth,14.78,2026-07-07
151620,INF0GCD01651,,TRUSTMF FIXED MATURITY PLAN -SERIES II (1196 DAYS)-DIRECT PLAN -GROWTH,1298.4036,2026-07-07
151649,INF174KA1NB3,,Kotak Nifty Smallcap 50 Index Fund - Direct Plan - Growth,22.248,2026-07-07
151691,INF769K01JZ8,,Mirae Asset Nifty SDL June 2028 Index Fund - Direct Plan - Growth,12.7698,2026-07-07
151708,INF204KC1BJ3,,Nippon India Fixed Maturity Plan-XLV-Series 5-Direct Plan-Growth Option,13.2206,2026-07-07
151713,INF966L01BL5,,quant Dynamic Asset Allocation Fund - Growth Option - Direct Plan,17.4268,2026-07-07
151724,INF179KC1GC8,,HDFC NIFTY Midcap 150 Index Fund - Growth Option - Direct Plan,19.5573,2026-07-07
151727,INF179KC1GE4,,HDFC NIFTY Smallcap 250 Index Fund - Growth Option - Direct Plan,19.546,2026-07-07
151728,INF179KC1GG9,,HDFC BSE 500 Index Fund - Growth Option - Direct Plan,15.7667,2026-07-07
151731,INF789F1AYL4,,UTI Silver ETF Fund of Fund - Direct Plan - Growth Option,28.926,2026-07-07
151739,INF789F1AYN0,,UTI Nifty 500 Value 50 Index Fund - Direct Plan - Growth Option,22.3387,2026-07-07
151745,INF03VN01761,,WhiteOak Capital Multi Asset Allocation Fund Direct Plan Growth,16.436,2026-07-07
151750,INF179KC1GI5,,HDFC Defence Fund - Growth Option - Direct Plan,30.444,2026-07-07
151753,INF0K1H01081,,Samco Active Momentum Fund - Direct Plan - Growth Option,14.92,2026-07-07
151755,INF251K01SD5,,Baroda BNP Paribas Value Fund - Direct Plan - Growth option,14.1853,2026-07-07
151757,INF966L01BR2,,quant Business Cycle Fund - Growth Option - Direct Plan,17.4972,2026-07-07
151762,INF789F1AYP5,,UTI Nifty50 Equal Weight Index Fund - Direct Plan - Growth Option,15.294,2026-07-07
151764,INF789F1AYR1,,UTI BSE Housing Index Fund - Direct Plan - Growth Option,14.2809,2026-07-07
151769,INF200KA16Y4,,SBI BSE Sensex Index Fund - Direct Plan - Growth,12.8794,2026-07-07
151777,INF00XX01CS8,,ITI Focused Fund - Direct Plan - Growth,17.1488,2026-07-07
151781,INF174KA1OB1,,Kotak Nifty 200 Momentum 30 Index Fund - Direct Plan - Growth Option,14.448,2026-07-07
151785,INF846K017R3,,Axis Nifty IT Index Fund - Direct Plan - Growth,9.8062,2026-07-07
151791,INF966L01BX0,,quant BFSI Fund - Growth Option - Direct Plan,21.9002,2026-07-07
151792,INF754K01RS8,,Edelweiss Multi Asset Allocation Fund - Direct Plan - Growth,12.5305,2026-07-07
151796,INF579M01AS1,,360 ONE FLEXICAP FUND-DIRECT PLAN- GROWTH,16.5714,2026-07-07
151804,INF179KC1GO3,,HDFC Consumption Fund - Growth Option - Direct Plan,14.256,2026-07-07
151810,INF769K01KK8,,Mirae Asset Multicap Fund - Direct Plan - Growth,15.392,2026-07-07
151814,INF247L01BQ9,,Motilal Oswal Nifty Microcap 250 Index Fund- Direct- Growth Option,18.4044,2026-07-07
151816,INF194KB1GB2,,BANDHAN FINANCIAL SERVICES FUND - DIRECT PLAN - GROWTH,16.008,2026-07-07
151824,INF760K01KO9,,Canara Robeco Multi Cap Fund - Direct Plan - Growth Option,15.47,2026-07-07
151833,INF0QA701011,,Bajaj Finserv Liquid Fund - Direct Plan - Growth,1225.7025,2026-07-07
151849,INF0QA701177,,Bajaj Finserv Overnight Fund - Direct Plan - Growth,1198.1193,2026-07-07
151853,INF966L01CD0,,quant Healthcare Fund - Growth Option - Direct Plan,18.1498,2026-07-07
151881,INF174KA1OL0,,Kotak Quant Fund - Direct Plan - Growth Option,15.185,2026-07-07
151885,INF789F1AYV3,,UTI Balanced Advantage Fund - Direct Plan - Growth Option,13.0802,2026-07-07
151889,INF0QA701334,,Bajaj Finserv Money Market Fund-Direct Plan-Growth,1240.166,2026-07-07
151895,INF0QA701342,,Bajaj Finserv Flexi Cap Fund-Direct Plan-Growth,16.143,2026-07-07
151901,INF179KC1GU0,,HDFC Transportation and Logistics Fund - Growth Option - Direct Plan,19.353,2026-07-07
151905,INF582M01JE6,,Union Innovation & Opportunities Fund - Direct Plan - Growth Option,15.74,2026-07-07
151911,INF174KA1OR7,,Kotak Nifty Financial Services Ex-Bank Index Fund - Direct Plan - Growth option,16.794,2026-07-07
151916,INF966L01CJ7,,quant Manufacturing Fund - Growth Option - Direct Plan,17.4686,2026-07-07
151917,INF0J8L01156,,NJ Flexi Cap Fund - Direct Plan - Growth Option,13.64,2026-07-07
151937,INF397L01AW2,,LIC MF Nifty Next 50 Index Fund-Direct Plan-Growth,59.2273,2026-07-07
151952,INF397L01AZ5,,LIC MF Equity Savings Fund-Direct Plan-Growth,32.0767,2026-07-07
151974,INF397L01BU4,,LIC MF Gold ETF Fund of Fund-Direct Plan-Growth,39.0144,2026-07-07
152002,INF397L01JK8,,LIC MF Mid Cap Fund-Direct Plan-Growth,34.3758,2026-07-07
152004,INF397L01JS1,,LIC MF Small Cap Fund-Direct Plan-Growth,37.9186,2026-07-07
152010,INF397L01KA7,,LIC MF Focused Fund-Direct Plan-Growth,24.0914,2026-07-07
152018,INF397L01KU5,,LIC MF Value Fund-Direct Plan-Growth,30.1715,2026-07-07
152024,INF397L01LK4,,LIC MF Healthcare Fund-Direct Plan-Growth,35.7157,2026-07-07
152032,INF336L01QZ9,,HSBC Consumption Fund - Direct Growth,15.2893,2026-07-07
152033,INF204KC1BO3,,Nippon India Innovation Fund-Direct Plan-Growth Option,15.0848,2026-07-07
152039,INF174KA1OX5,,Kotak BSE Housing Index Fund - Direct Plan - Growth Option,13.317,2026-07-07
152041,INF194KB1GK3,,Bandhan Nifty IT Index Fund - Direct Plan - Growth,9.4954,2026-07-07
152045,INF174V01BQ4,,Mahindra Manulife Business Cycle Fund - Direct Plan - Growth,16.4892,2026-07-07
152051,INF680P01406,,Shriram Multi Asset Allocation Fund - Direct Growth,13.809,2026-07-07
152056,INF740KA1TE9,,DSP Multi Asset Allocation Fund - Direct - Growth,16.7968,2026-07-07
152059,INF179KC1HI3,,HDFC Technology Fund - Growth Option - Direct Plan,11.437,2026-07-07
152062,INF959L01HK9,,NAVI BSE SENSEX INDEX FUND - DIRECT PLAN - GROWTH,12.173,2026-07-07
152064,INF174KA1PD4,,Kotak Multi Asset Allocation Fund - Direct Plan - Growth Option,16.448,2026-07-07
152067,INF966L01CT6,,quant Teck Fund - Growth Option - Direct Plan,11.6699,2026-07-07
152071,INF03VN01803,,WhiteOak Capital Multi Cap Fund Direct Plan Growth,16.657,2026-07-07
152076,INF579M01AY9,,360 ONE Balanced Hybrid Fund- Direct Plan - Growth,13.7988,2026-07-07
152077,INF0QA701524,,Bajaj Finserv Arbitrage Fund-Direct Plan-Growth,12.134,2026-07-07
152082,INF179KC1HO1,,HDFC Pharma and Healthcare Fund - Growth Option - Direct Plan,21.221,2026-07-07
152087,INF789F1AZA4,,UTI Innovation Fund - Direct Plan - Growth Option,11.6733,2026-07-07
152090,INF247L01BT3,,Motilal Oswal Developed Market Ex US ETFs Fund of Funds Direct Plan Growth,18.3576,2026-07-07
152092,INF666M01HM4,,Groww Nifty Total Market Index Fund - Direct Plan - Growth,14.0535,2026-07-07
152094,INF754K01SD8,,Edelweiss Multi Cap Fund - Direct Plan - Growth,16.3153,2026-07-07
152098,INF174KA1PJ1,,Kotak Nifty G-Sec July 2033 Index Fund - Direct Plan - Growth,12.4984,2026-07-07
152102,INF194KB1GU2,,Bandhan Retirement Fund - Direct Plan - Growth,13.284,2026-07-07
152107,INF082J01432,,QUANTUM SMALL CAP FUND - DIRECT PLAN GROWTH OPTION,13.89,2026-07-07
152109,INF879O01225,,Parag Parikh Arbitrage Fund - Direct Plan Growth,12.0189,2026-07-07
152128,INF251K01SR5,,Baroda BNP Paribas Small Cap Fund - Direct Plan - Growth option,14.3427,2026-07-07
152132,INF03VN01829,,WhiteOak Capital Balanced Hybrid Fund Direct Plan Growth,13.835,2026-07-07
152135,INF0R8701046,,Helios Flexi Cap Fund - Direct Plan - Growth Option,16.15,2026-07-07
152140,INF209KB16W7,,Aditya Birla Sun Life US Treasury 1-3 Year Bond ETFs Fund Of Funds-Direct Growth,12.7864,2026-07-07
152150,INF209KB12X4,,Aditya Birla Sun Life US Treasury 3-10 Year Bond ETFs Fund Of Funds-Direct Growth,13.0074,2026-07-07
152152,INF0R8701079,,Helios Overnight Fund - Direct Plan - Growth Option,1170.8247,2026-07-07
152156,INF0R8F01018,,Zerodha Nifty LargeMidcap 250 Index Fund - Direct Plan - Growth option,14.4027,2026-07-07
152157,INF0R8F01026,,Zerodha ELSS Tax Saver Nifty LargeMidcap 250 Index Fund - Direct Plan - Growth option,14.4324,2026-07-07
152158,INF209KB15X7,,Aditya Birla Sun Life Transportation and Logistics Fund-Direct Growth,16.62,2026-07-07
152162,INF0QA701607,,Bajaj Finserv Banking and PSU Fund-Direct Plan- Growth,12.1868,2026-07-07
152169,INF174KA1PP8,,Kotak Consumption Fund - Direct plan - Growth Option,14.818,2026-07-07
152177,INF194KB1HA2,,Bandhan Nifty Alpha 50 Index Fund - Direct Plan - Growth,14.0404,2026-07-07
152183,INF740KA1TK6,,DSP Gold ETF Fund of Fund - Direct - Growth,22.604,2026-07-07
152188,INF0K1H01131,,Samco Dynamic Asset Allocation Fund - Direct Plan - Growth Option,10.72,2026-07-07
152189,INF966L01CZ3,,quant Momentum Fund - Growth Option - Direct Plan,15.8605,2026-07-07
152194,INF0QA701656,,Bajaj Finserv Balanced Advantage Fund-Direct Plan-Growth,12.081,2026-07-07
152202,INF846K016S3,,Axis India Manufacturing Fund - Direct Plan - Growth,15.73,2026-07-07
152206,INF740KA1TQ3,,DSP Banking & Financial Services Fund - Direct - Growth,15.496,2026-07-07
152214,INF174KA1PZ7,,Kotak Healthcare Fund - Direct Plan - Growth Option,16.68,2026-07-07
152219,INF582M01JK3,,Union Children's Fund - Direct Plan - Growth Option,13.18,2026-07-07
152226,INF03VN01845,,Whiteoak Capital Large & Mid Cap Fund Direct Plan Growth,14.31,2026-07-07
152237,INF247L01BY3,,Motilal Oswal Small Cap Fund - Direct - Growth,16.8079,2026-07-07
152240,INF846K017T9,,Axis US Specific Treasury Dynamic Debt Passive FOF - Direct Plan - Growth Option,12.2854,2026-07-07
152243,INF740KA1TW1,,DSP Nifty Smallcap250 Quality 50 Index Fund - Direct - Growth,11.0701,2026-07-07
152254,INF666M01HS1,,Groww Banking & Financial Services Fund - Direct Plan - Growth,13.464,2026-07-07
152255,INF966L01DF3,,quant Commodities Fund - Growth Option - Direct Plan,15.6976,2026-07-07
152264,INF194KB1HG9,,BANDHAN Nifty Smallcap 250 Index Fund - Direct Plan - Growth,13.0127,2026-07-07
152267,INF209KB19Y7,,Aditya Birla Sun Life Crisil IBX Gilt Apr 2033 Index Fund-Direct Growth,12.2296,2026-07-07
152287,INF277KA1869,,Tata Gold ETF Fund of Fund Direct Plan Growth Option,22.0406,2026-07-07
152293,INF277KA1943,,Tata Silver ETF Fund of Fund Direct Plan Growth Option,29.6525,2026-07-07
152310,INF740KA1UC1,,DSP Multicap Fund - Direct - Growth,12.839,2026-07-07
152314,INF903JA1LK9,,Sundaram Multi Asset Allocation Fund Direct Plan Growth,13.6069,2026-07-07
152321,INF03VN01860,,WhiteOak Capital Banking & Financial Services Fund - Direct Growth,13.771,2026-07-07
152324,INF194KB1HM7,,Bandhan Multi Asset Allocation Fund - Direct Plan - Growth,14.7293,2026-07-07
152329,INF251K01SY1,,Baroda BNP Paribas Nifty 50 Index Fund - Direct Plan - Growth option,11.5008,2026-07-07
152336,INF966L01DN7,,quant Consumption Fund - Growth Option - Direct Plan,10.6757,2026-07-07
152344,INF769K01KZ6,,Mirae Asset Multi Asset Allocation Fund - Direct Plan - Growth,13.978,2026-07-07
152349,INF03VN01886,,WhiteOak Capital Pharma and Heathcare Fund Direct Plan Growth,16.694,2026-07-07
152354,INF247L01CE3,,Motilal Oswal Large Cap Direct Plan Growth,14.1572,2026-07-07
152358,INF0S5R01042,,Old Bridge Focused Fund - Direct Growth,13.68,2026-07-07
152365,INF109KC16T3,,ICICI Prudential Nifty50 Value 20 Index Fund - Direct Plan - Growth,10.3113,2026-07-07
152370,INF200KB1027,,SBI Nifty50 Equal Weight Index Fund - Direct Plan - Growth,12.332,2026-07-07
152371,INF200KB1035,INF200KB1043,SBI Nifty50 Equal Weight Index Fund - Direct Plan - Income Distribution Cum Capital Withdrawal Option,12.3312,2026-07-07
152380,INF336L01RI3,,HSBC Multi Asset Allocation Fund - Direct - Growth,14.2356,2026-07-07
152382,INF663L01Y12,,PGIM India Large and Midcap Fund - Direct Plan - Growth Option,13.05,2026-07-07
152389,INF204KC1BY2,,Nippon India Nifty Bank Index Fund - Direct Plan - Growth Option,12.5593,2026-07-07
152392,INF204KC1CE2,,Nippon India Nifty IT Index Fund - Direct Plan - Growth Option,7.6529,2026-07-07
152396,INF761K01FZ3,,Bank of India Multi Asset Allocation Fund-Direct Plan-Growth,12.9305,2026-07-07
152408,INF0QA701763,,Bajaj Finserv Large and Mid Cap Fund- Direct Plan- Growth,12.756,2026-07-07
152409,INF582M01JQ0,,Union Business Cycle Fund - Direct Plan - Growth Option,12.12,2026-07-07
152415,INF966L01DT4,,quant PSU Fund - Growth Option - Direct Plan,10.7984,2026-07-07
152417,INF200KB1126,,SBI Energy Opportunities Fund - Direct Plan - Growth,11.3586,2026-07-07
152420,INF200KB1134,INF200KB1142,SBI Energy Opportunities Fund - Direct Plan - Income Distribution Cum Capital Withdrawal Option,11.3584,2026-07-07
152422,INF846K012V6,,Axis BSE Sensex Index Fund - Direct Plan - Growth,10.9874,2026-07-07
152430,INF179KC1IC4,,HDFC NIFTY200 Momentum 30 Index Fund - Direct Plan,10.1362,2026-07-07
152431,INF666M01HY9,,Groww Nifty Smallcap 250 Index Fund - Direct Plan - Growth,11.9717,2026-07-07
152437,INF754K01SK3,,Edelweiss Technology Fund - Direct Plan - Growth,12.2991,2026-07-07
152443,INF174V01BW2,,Mahindra Manulife Multi Asset Allocation Fund- Direct Plan - Growth,14.3344,2026-07-07
152449,INF760K01KY8,INF760K01KX0,Canara Robeco Manufacturing Fund - Direct Plan - IDWC Option,14.07,2026-07-07
152450,INF760K01KZ5,,Canara Robeco Manufacturing Fund - Direct Plan - Growth Option,14.07,2026-07-07
152459,INF769K01LG4,,Mirae Asset Nifty Smallcap 250 Momentum Quality 100 ETF Fund of Fund - Direct Plan - Growth,10.425,2026-07-07
152462,INF174KA1QZ5,,Kotak Technology Fund - Direct Plan - Growth Option,10.082,2026-07-07
152468,INF879O01266,,Parag Parikh Dynamic Asset Allocation Fund - Direct Plan Growth,11.8859,2026-07-07
152470,INF251K01TE1,,Baroda BNP Paribas Innovation Fund Direct plan - Growth Option,13.6661,2026-07-07
152474,INF082J01457,,Quantum Multi Asset Allocation Fund - Direct Plan Growth Option,12.25,2026-07-07
152482,INF109KC12U0,,ICICI Prudential Nifty LargeMidcap 250 Index Fund - Direct Plan - Growth,12.5327,2026-07-07
152491,INF174KA1RF5,,Kotak Long Duration Fund - Direct Plan - Growth,11.4162,2026-07-07
152509,INF0R8701145,,Helios Balanced Advantage Fund- Direct Plan- Growth Option,12.01,2026-07-07
152520,INF194KB1HY2,,Bandhan Long Duration Fund - Direct Plan - Growth,11.5737,2026-07-07
152521,INF179KC1IE0,,HDFC NIFTY Realty Index Fund - Direct Plan,10.002,2026-07-07
152528,INF740KA1UJ6,,DSP US Specific Debt Passive FoF - Direct - Growth,12.576,2026-07-07
152535,INF959L01HM5,,Navi NiftyIT Index Fund - Direct Plan- Growth,8.3318,2026-07-07
152537,INF663L01Y61,,PGIM India Retirement Fund - Direct Plan - Growth Option,12.61,2026-07-07
152557,INF277KA1AU6,,Tata Nifty Auto Index Fund - Direct Plan - Growth,12.4492,2026-07-07
152564,INF277KA1BG3,,Tata Nifty MidSmall Healthcare Index Fund - Direct Plan - Growth,14.8434,2026-07-07
152570,INF277KA1AO9,,Tata Nifty Realty Index Fund - Direct Plan - Growth,9.1453,2026-07-07
152577,INF277KA1BA6,,Tata Nifty Financial Services Index Fund - Direct Plan - Growth,12.6919,2026-07-07
152584,INF0GCD01743,,TRUSTMF Flexi Cap Fund-Direct Plan- Growth,12.26,2026-07-07
152586,INF0K1H01180,,Samco Special Opportunities Fund - Direct Plan - Growth,8.76,2026-07-07
152588,INF277KA1BM1,,Tata Nifty500 Multicap India Manufacturing 50:30:20 Index Fund -Direct Plan-Growth,12.19,2026-07-07
152595,INF277KA1BS8,,Tata Nifty500 Multicap Infrastructure 50:30:20 Index Fund - Direct Plan - Growth,11.2654,2026-07-07
152600,INF179KC1II1,,HDFC Manufacturing fund - Growth Option - Direct Plan,11.761,2026-07-07
152607,INF194KB1IE2,,Bandhan Innovation Fund - Direct Plan - Growth,15.036,2026-07-07
152614,INF192K01NH3,,JM Small Cap Fund (Direct) - Growth Option,11.6499,2026-07-07
152616,INF754K01SS6,,Edelweiss Nifty Alpha Low Volatility 30 Index Fund - Direct Plan - Growth,10.1345,2026-07-07
152628,INF251K01TJ0,,Baroda BNP Paribas Retirement Fund - Direct plan - Growth option,11.957,2026-07-07
152629,INF846K015W7,,Axis Nifty Bank Index Fund - Direct Plan - Growth Option,12.0227,2026-07-07
152637,INF666M01IE9,,Groww Nifty Non-Cyclical Consumer Index Fund - Direct Plan Growth,10.5664,2026-07-07
152639,INF0QA701821,,Bajaj Finserv Multi Asset Allocation Fund - Direct Growth,12.5551,2026-07-07
152644,INF03VN01902,,WhiteOak Capital Special Opportunities Fund - Direct Growth,14.594,2026-07-07
152645,INF769K01LN0,,Mirae Asset Nifty MidSmallcap400 Momentum Quality 100 ETF Fund of Fund - Direct Plan - Growth,10.185,2026-07-07
152651,INF247L01CL8,,Motilal Oswal Multi Cap Fund-Direct Plan Growth,13.7395,2026-07-07
152654,INF740KA1UO6,,DSP Nifty Bank Index Fund - Direct - Growth,11.987,2026-07-07
152655,INF200KB1191,INF200KB1209,SBI Automotive Opportunities Fund - Direct Plan - Income Distribution Cum Capital Withdrawal Option,12.5278,2026-07-07
152657,INF200KB1183,,SBI Automotive Opportunities Fund - Direct Plan - Growth,12.5282,2026-07-07
152659,INF209KC1076,,Aditya Birla Sun Life Crisil IBX Gilt June 2027 Index Fund-Direct Growth,11.5981,2026-07-07
152663,INF174KA1RZ3,,Kotak NIFTY 100 Low Volatility 30 Index Fund - Direct plan - Growth option,10.935,2026-07-07
152672,INF174V01CC2,,Mahindra Manulife Manufacturing Fund - Direct Plan - Growth,10.793,2026-07-07
152677,INF903JA1LQ6,,Sundaram Business Cycle Fund Direct Plan Growth,11.4025,2026-07-07
152679,INF0R8701202,,Helios Financial Services Fund - Direct Plan - Growth Option,12.09,2026-07-07
152684,INF209KC1118,,Aditya Birla Sun Life Quant Fund - Direct Growth,10.43,2026-07-07
152688,INF760K01LD0,,Canara Robeco Balanced Advantage Fund - Direct Plan - Growth Option,10.52,2026-07-07
152694,INF247L01CS3,,Motilal Oswal Quant Fund - Direct - Growth,10.2505,2026-07-07
152697,INF251K01TP7,,Baroda BNP Paribas Manufacturing Fund - Direct Plan - Growth Option,11.0598,2026-07-07
152702,INF174KA1SF3,,Kotak Special Opportunities Fund - Direct Plan - Growth Option,11.112,2026-07-07
152710,INF754K01TA2,,Edelweiss Business Cycle Fund - Direct Plan - Growth,9.0166,2026-07-07
152712,INF247L01CW5,,Motilal Oswal Nifty India Defence Index Fund Direct Plan Growth,12.4274,2026-07-07
152713,INF179KC1IM3,HDFCNIVODG,HDFC NIFTY100 Low Volatility 30 Index Fund - Direct Plan,10.4849,2026-07-07
152716,INF194KB1IK9,,Bandhan Nifty Total Market Index Fund - Direct Plan - Growth,10.2731,2026-07-07
152718,INF769K01LU5,,Mirae Asset Nifty200 Alpha 30 ETF Fund of Fund - Direct Plan - Growth,9.054,2026-07-07
152728,INF109KC12W6,,ICICI PRUDENTIAL ENERGY OPPORTUNITIES FUND - Direct Plan - Growth,11.72,2026-07-07
152731,INF846K019W9,,Axis Nifty 500 Index Fund - Direct Plan - Growth Option,10.2534,2026-07-07
152735,INF200KB1233,,SBI Silver ETF Fund of Fund- Direct Plan - Growth,24.1487,2026-07-07
152739,INF090I01XA7,,Franklin India Multi Cap Fund - Direct - Growth,10.9871,2026-07-07
152742,INF277KA1CC0,,Tata Nifty India Tourism Index Fund - Direct - Growth,9.4604,2026-07-07
152751,INF959L01HO1,,NAVI NIFTY 500 MULTICAP 50-25-25 DIRECT PLAN,10.2104,2026-07-07
152755,INF174KA1SL1,,Kotak BSE PSU Index Fund - Direct Plan - Growth,9.45,2026-07-07
152756,INF205KA1908,,Invesco India Manufacturing Fund - Direct Plan - Growth,11.36,2026-07-07
152760,INF247L01DA9,,Motilal Oswal Manufacturing Fund - Direct Plan- Growth,11.6639,2026-07-07
152767,INF174KA1SR8,,KOTAK NIFTY MIDCAP 50 INDEX FUND-DIRECT PLAN- GROWTH,10.979,2026-07-07
152770,INF666M01IL4,,Groww Nifty EV & New Age Automotive ETF FOF- Direct Plan - Growth,9.6362,2026-07-07
152776,INF200KB1324,,SBI Innovative Opportunities Fund - Direct Plan - Growth,10.1091,2026-07-07
152777,INF200KB1332,INF200KB1340,SBI Innovative Opportunities Fund - Direct Plan - Income Distribution Cum Capital Withdrawal Option,10.1091,2026-07-07
152778,INF179KC1IO9,,HDFC NIFTY500 Multicap 50:25:25 Index Fund - Direct Plan,10.1406,2026-07-07
152783,INF0QA701896,,BAJAJ FINSERV LARGE CAP FUND - DIRECT PLAN - GROWTH,10.384,2026-07-07
152787,INF582M01JY4,,Union Multi Asset Allocation Fund- Direct Plan - Growth Option,12.42,2026-07-07
152789,INF761K01GF3,,Bank of India Business Cycle Fund - Direct Plan - Growth,9.67,2026-07-07
152793,INF194KB1IO1,,Bandhan Nifty Bank Index Fund - Direct Plan - Growth,11.433,2026-07-07
152796,INF247L01DG6,,Motilal Oswal Business Cycle Fund - Direct Plan- Growth,11.8526,2026-07-07
152798,INF209KC1183,,Aditya Birla Sun Life Nifty India Defence Index Fund-Direct Growth,13.567,2026-07-07
152805,INF846K013X0,,Axis Consumption Fund Direct Plan - Growth,9.55,2026-07-07
152814,INF740KA1UQ1,,DSP Nifty Top 10 Equal Weight Index Fund - Direct - Growth,9.0355,2026-07-07
152815,INF663L01Z03,,PGIM India Multi Cap Fund - Direct Plan - Growth Option,10.67,2026-07-07
152821,INF00XX01DA4,,ITI Large & Midcap Fund - Direct Plan - Growth,10.1093,2026-07-07
152825,INF090I01XL4,,Franklin India Ultra Short Duration Fund - Direct - Growth,11.3945,2026-07-07
152829,INF336L01RO1,,HSBC India Export Opportunities Fund - Direct Growth,10.9746,2026-07-07
152836,INF277KA1CI7,,Tata Nifty200 Alpha 30 Index Fund - Direct -Growth,8.8397,2026-07-07
152842,INF204KC1DA8,,Nippon India Nifty 500 Equal Weight Index Fund - Direct Plan - Growth Option,9.8274,2026-07-07
152844,INF194KB1IS2,,Bandhan BSE Healthcare Index Fund Direct Plan - Growth,11.4812,2026-07-07
152847,INF0K1H01198,,Samco Multi Cap Fund - Direct Plan - Growth,8.78,2026-07-07
152849,INF03VN01910,,WhiteOak Capital Arbitrage Fund Direct Plan Growth,11.376,2026-07-07
152851,INF090I01XG4,,Franklin India Medium to Long Duration Fund - Direct Growth,11.3012,2026-07-07
152855,INF194KB1IT0,,Bandhan Nifty Midcap 150 Index Fund-Direct Plan-Growth,10.4269,2026-07-07
152859,INF789F1AZH9,,UTI Nifty 200 Quality 30 Index Fund - Direct Plan - Growth Option,8.8396,2026-07-07
152863,INF205KA1965,,Invesco India Technology Fund - Direct Plan - Growth,9.43,2026-07-07
152864,INF789F1AZJ5,,UTI Nifty Private Bank Index Fund - Direct Plan - Growth Option,10.4969,2026-07-07
152869,INF174KA1TF1,,Kotak CRISIL -IBX AAA Financial Services Index Sep-2027 Fund-DIRECT PLAN-GROWTH Option,11.4726,2026-07-07
152870,INF174KA1SZ1,,Kotak Nifty India Tourism Index Fund-Direct-Growth Option,8.907,2026-07-07
152875,INF247L01DL6,,Motilal Oswal Nifty 500 Momentum 50 Index Fund-Direct Plan-Growth,8.1445,2026-07-07
152878,INF194KB1IQ6,,Bandhan Business Cycle Fund - Direct Plan - Growth,10.176,2026-07-07
152881,INF204KC1DG5,,Nippon India Nifty 500 Momentum 50 Index Fund - Direct Plan - Growth Option,8.2289,2026-07-07
152887,INF846K017X1,,Axis CRISIL-IBX AAA Bond NBFC - Jun 2027 Index Fund - Direct Plan - Growth Option,11.4376,2026-07-07
152889,INF179KC1IQ4,,HDFC NIFTY LargeMidcap 250 Index Fund - Growth Option - Direct,10.201,2026-07-07
152908,INF200KB1381,,SBI Nifty 500 Index Fund- Direct Plan- Growth,9.7344,2026-07-07
152910,INF174KA1TG9,,Kotak MNC Fund-Direct Plan-Growth,12.679,2026-07-07
152915,INF03VN01936,,WhiteOak Capital Digital Bharat Fund Direct Plan Growth,9.996,2026-07-07
152916,INF174KA1TM7,,Kotak Nifty Midcap 150 Momentum 50 Index Fund-Direct Plan-Growth,9.337,2026-07-07
152920,INF767K01RR2,,LIC MF Manufacturing Fund-Direct Plan-Growth,11.6322,2026-07-07
152925,INF666M01IQ3,,Groww Nifty India Defence ETF FOF - Direct Growth,14.021,2026-07-07
152931,INF251K01TY9,,Baroda BNP Paribas Nifty200 Momentum 30 Index Fund - Direct Plan - Growth Option,7.9985,2026-07-07
152936,INF109KC13X2,,ICICI Prudential Nifty200 Value 30 Index Fund - Direct Plan - Growth,11.1595,2026-07-07
152939,INF0GCD01800,,TRUSTMF SMALL CAP FUND -DIRECT PLAN-GROWTH,13.12,2026-07-07
152941,INF0R8701269,,Helios Large & Mid Cap Fund - Direct Plan - Growth Option,11.68,2026-07-07
152947,INF209KC1217,,Aditya Birla Sun Life Crisil-IBX AAA NBFC-HFC Index-Sep 2026 Fund-Direct Growth,11.3923,2026-07-07
152949,INF846K013Y8,,Axis Nifty500 Value 50 Index Fund - Direct Plan - Growth Option,11.4883,2026-07-07
152951,INF277KA1CO5,,Tata Nifty Capital Markets Index Fund - Direct Plan Growth Option,14.7081,2026-07-07
152962,INF03VN01951,,WhiteOak Capital ESG Best-In-Class Strategy Fund Direct Plan Growth,10.469,2026-07-07
152964,INF247L01DN2,,Motilal Oswal Digital India Fund - Direct Plan - Growth,9.515,2026-07-07
152968,INF769K01MD9,,Mirae Asset Nifty Total Market Index Fund - Direct Plan - Growth,10.4567,2026-07-07
152972,INF769K01MQ1,,Mirae Asset Nifty 50 Index Fund - Direct Plan - Growth,10.1609,2026-07-07
152976,INF769K01MJ6,,Mirae Asset Nifty LargeMidcap 250 Index Fund - Direct Plan - Growth,10.5952,2026-07-07
152980,INF666M01IX9,,Groww Gold ETF FOF - DIRECT - GROWTH,17.601,2026-07-07
152985,INF754K01TN5,,Edelweiss Nifty500 Multicap Momentum Quality 50 Index Fund - Direct - Growth,9.0058,2026-07-07
152990,INF194KB1IW4,,Bandhan Nifty 500 Value 50 Index Fund Direct Plan - Growth,11.3685,2026-07-07
152992,INF204KC1DM3,,Nippon India CRISIL - IBX AAA Financial Services - Dec 2026 Index Fund - Direct Plan - Growth Option,11.3365,2026-07-07
152996,INF204KC1DS0,,Nippon India CRISIL - IBX AAA Financial Services - Jan 2028 Index Fund - Direct Plan - Growth Option,11.3462,2026-07-07
153000,INF251K01UA7,,Baroda BNP Paribas Nifty Midcap 150 Index Fund - Direct Plan - Growth Option,11.0277,2026-07-07
153003,INF194KB1IY0,,Bandhan Nifty 500 Momentum 50 Index Fund Direct Plan-Growth,8.7916,2026-07-07
153007,INF769K01MV1,,Mirae Asset Gold ETF Fund of Fund - Direct Plan - Growth,18.095,2026-07-07
153011,INF0R8F01083,,Zerodha Gold ETF FoF-Direct Plan - Growth Option,18.7432,2026-07-07
153015,INF200KB1449,,SBI Nifty India Consumption Index Fund- Direct Plan- Growth,10.3493,2026-07-07
153023,INF247L01EA7,,Motilal Oswal Nifty MidSmall Healthcare Index Fund- Direct Plan-Growth,12.2118,2026-07-07
153025,INF247L01DU7,,Motilal Oswal Nifty MidSmall India Consumption Index Fund - Direct Plan- Growth,9.8408,2026-07-07
153027,INF247L01DW3,,Motilal Oswal Nifty MidSmall Financial Services Index Fund - Direct Plan- Growth,14.6009,2026-07-07
153029,INF247L01DY9,,Motilal Oswal Nifty MidSmall IT and Telecom Index Fund - Direct Plan- Growth,9.1091,2026-07-07
153030,INF209KC1290,,Aditya Birla Sun Life Crisil-IBX AAA Financial Services Index-Sep 2027 Fund-Direct Growth,11.2984,2026-07-07
153034,INF666M01JD9,,Groww Multicap Fund - Direct - Growth,11.9048,2026-07-07
153035,INF680P01430,,Shriram Liquid Fund - Direct Plan Growth Option,1108.9412,2026-07-07
153039,INF663L01Z45,,PGIM India Healthcare Fund - Direct Plan - Growth Option,11.73,2026-07-07
153043,INF090I01XS9,,Franklin India Arbitrage Fund - Direct - Growth,11.1913,2026-07-07
153047,INF205KA1AC1,,Invesco India Multi Asset Allocation Fund - Direct Plan - Growth,12.65,2026-07-07
153051,INF846K015Y3,,Axis CRISIL-IBX AAA Bond Financial Services - Sep 2027 Index Fund - Direct Plan - Growth Option,11.2602,2026-07-07
153055,INF277KA1CU2,,Tata India Innovation Fund- Direct Growth,10.2119,2026-07-07
153060,INF204KC1DY8,,Nippon India Nifty Realty Index Fund-Direct Plan- Growth Option,8.2563,2026-07-07
153064,INF204KC1EE8,,Nippon India Nifty Auto Index Fund - Direct Plan- Growth Option,11.7144,2026-07-07
153070,INF109KC10Y6,,ICICI Prudential Equity Minimum Variance Fund - Direct Plan - Growth,10.8,2026-07-07
153075,INF0QA701946,,BAJAJ FINSERV CONSUMPTION FUND - DIRECT - GROWTH,9.512,2026-07-07
153076,INF680P01455,,Shriram Multi Sector Rotation Fund - Direct Plan Growth Option,8.2987,2026-07-07
153081,INF209KC1332,,Aditya Birla Sun Life BSE India Infrastructure Index Fund-Direct Growth,9.5542,2026-07-07
153083,INF846K011Z9,,Axis Momentum Fund - Direct Plan - Growth Option,8.95,2026-07-07
153086,INF789F1AZM9,,UTI Nifty Alpha Low-Volatility 30 Index Fund - Direct Plan - Growth Option,9.8252,2026-07-07
153089,INF789F1AZO5,,UTI Nifty Midcap 150 Index Fund - Direct Plan - Growth Option,10.9857,2026-07-07
153090,INF0K1H01214,,Samco Arbitrage Fund - Direct Plan - Growth,10.88,2026-07-07
153092,INF0K1H01230,,Samco Multi Asset Allocation Fund - Direct Plan - Growth,12.38,2026-07-07
153094,INF082J01473,,Quantum Ethical Fund - Direct Plan Growth Option,9.86,2026-07-07
153097,INF179KC1JB4,,HDFC Nifty India Digital Index Fund - Growth Option - Direct,8.1177,2026-07-07
153102,INF090I01XY7,,Franklin India Long Duration Fund - Direct - Growth,10.9316,2026-07-07
153105,INF769K01NC9,,Mirae Asset Long Duration Fund - Direct Plan - Growth,10.6708,2026-07-07
153109,INF582M01KG9,,Union Active Momentum Fund - Direct Plan - Growth Option,9.65,2026-07-07
153114,INF194KB1JA8,,Bandhan Nifty 200 Quality 30 Index Fund - Direct Plan - Growth,9.542,2026-07-07
153115,INF754K01TP0,,Edelweiss CRISIL IBX AAA Financial Services - Jan 2028 Index Fund - Direct - Growth,11.276,2026-07-07
153118,INF174KA1TS4,,Kotak Transportation & Logistics Fund-Direct Growth,11.625,2026-07-07
153121,INF740KA1UX7,,DSP Business Cycle Fund - Direct - Growth,10.787,2026-07-07
153124,INF209KC1373,,Aditya Birla Sun Life Conglomerate Fund-Direct Growth,11.16,2026-07-07
153132,INF277KA1DA2,,Tata BSE Select Business Groups Index Fund - Direct Growth,10.2312,2026-07-07
153138,INF247L01EB5,,Motilal Oswal Nifty Capital Market Index Fund - Direct Plan - Growth,12.8543,2026-07-07
153139,INF761K01GI7,,Bank of India Consumption Fund - Direct - Growth,11.16,2026-07-07
153146,INF174KA1TY2,,Kotak Nifty 100 Equal Weight Index Fund - Direct Plan - Growth,11.11,2026-07-07
153150,INF174KA1UE2,,Kotak Nifty 50 Equal Weight Index Fund - Direct Plan - Growth,11.275,2026-07-07
153154,INF200KB1506,,SBI Quant Fund- Direct Plan- Growth,9.8938,2026-07-07
153157,INF0QA701AB9,,BAJAJ FINSERV HEALTHCARE FUND - DIRECT - GROWTH,11.26,2026-07-07
153161,INF109KC16Y3,,ICICI Prudential Nifty 500 Index Fund - Direct Plan - Growth,10.5469,2026-07-07
153171,INF251K01UE9,,Baroda BNP Paribas Children's Fund - Direct Plan - Growth Option,11.4093,2026-07-07
153172,INF846KA1028,,Axis CRISIL-IBX AAA Bond NBFC-HFC - Jun 2027 Index Fund - Direct Plan - Growth option,11.2083,2026-07-07
153179,INF209KC1456,,Aditya Birla Sun Life Crisil-IBX financial Services 3 to 6 months Debt Index Fund-Direct Growth,11.1597,2026-07-07
153184,INF109KC12Z9,,ICICI Prudential Rural Opportunities Fund - Direct Plan - Growth,11.34,2026-07-07
153187,INF247L01ED1,,Motilal Oswal Arbitrage Fund-Direct Plan-Growth,11.1513,2026-07-07
153189,INF03VN01977,,WhiteOak Capital Quality Equity Fund Direct Plan Growth,10.556,2026-07-07
153192,INF769K01NP1,,Mirae Asset Nifty India New Age Consumption ETF Fund of Fund - Direct Plan - Growth,9.679,2026-07-07
153196,INF769K01NJ4,,Mirae Asset Small Cap Fund - Direct Plan - Growth,12.394,2026-07-07
153201,INF0QA701AK0,,BAJAJ FINSERV ELSS TAX SAVER FUND - DIRECT - GROWTH,11.908,2026-07-07
153204,INF789F1AA98,,UTI Quant Fund - Direct Plan - Growth Option,10.6061,2026-07-07
153206,INF0QA701AP9,,Bajaj Finserv Gilt Fund - Direct - Growth,1083.3699,2026-07-07
153213,INF194KB1JC4,,Bandhan Nifty Alpha Low Volatility 30 Index Fund - Direct Plan - Growth,10.304,2026-07-07
153214,INF754K01TY2,,Edelweiss Consumption Fund - Direct - Growth,11.4154,2026-07-07
153219,INF740KA1VB1,,DSP BSE SENSEX Next 30 Index Fund - Direct - Growth,12.1938,2026-07-07
153223,INF174KA1UK9,,Kotak Nifty SmallCap 250 Index Fund- Direct - Growth,11.659,2026-07-07
153225,INF251K01UJ8,,Baroda BNP Paribas Energy Opportunities Fund - Direct Plan - Growth Option,11.9114,2026-07-07
153230,INF666M01JK4,,Groww Nifty India Railways PSU Index Fund - Direct Plan - Growth,7.9127,2026-07-07
153239,INF0K1H01255,,Samco Large Cap Fund - Direct Plan - Growth Option,9.2,2026-07-07
153242,INF582M01KO3,,Union Short Duration Fund - Direct Plan - Growth Option,11.0329,2026-07-07
153244,INF846KA1044,,Axis Nifty500 Momentum 50 Index Fund - Direct Plan - Growth Option,10.8571,2026-07-07
153246,INF767K01RZ5,,LIC MF Multi Asset Allocation Fund-Direct Plan-Growth,12.2866,2026-07-07
153250,INF200KB1563,,SBI Nifty Bank Index Fund-Direct Plan- Growth,11.67,2026-07-07
153252,INF200KB1571,INF200KB1589,SBI Nifty Bank Index Fund-Direct Plan- Income Distribution Cum Capital Withdrawal Option,11.6699,2026-07-07
153258,INF247L01EJ8,,Motilal Oswal Innovation Opportunities Fund - Direct Plan- Growth,14.4062,2026-07-07
153260,INF00XX01DG1,,ITI Bharat Consumption Fund - Direct Plan - Growth,11.7752,2026-07-07
153264,INF179KC1JF5,,HDFC Nifty100 Quality 30 Index Fund - Direct Plan,10.717,2026-07-07
153266,INF336L01RU8,,HSBC Financial Services Fund - Direct Growth,12.9439,2026-07-07
153270,INF789F1AB48,,UTI Nifty India Manufacturing Index Fund - Direct Plan - Growth Option,12.449,2026-07-07
153272,INF789F1AB22,,UTI Nifty Midsmallcap 400 Momentum Quality 100 Index Fund - Direct Plan - Growth Option,11.5044,2026-07-07
153274,INF204KC1EK5,,Nippon India Active Momentum Fund-Direct Plan - Growth Option,12.9925,2026-07-07
153286,INF174KA1UV6,,Kotak BSE Sensex Index Fund- Direct - Growth,10.429,2026-07-07
153291,INF205KA1AI8,,Invesco India Business Cycle Fund - Direct Plan - Growth,14.56,2026-07-07
153294,INF761K01GO5,,Bank of India Money Market Fund - Direct - Growth,11.0517,2026-07-07
153303,INF174V01CI9,,Mahindra Manulife Value Fund - Direct Plan - Growth,12.8578,2026-07-07
153309,INF0QA701AV7,,BAJAJ FINSERV MULTI CAP FUND - DIRECT - GROWTH,12.323,2026-07-07
153313,INF174KA1UX2,,Kotak CRISIL - IBX AAA Bond Financial Services Index Dec 2026 Fund - Direct - Growth,11.0635,2026-07-07
153320,INF200KB1621,,SBI Nifty IT Index Fund - Direct Plan - Growth,7.0638,2026-07-07
153326,INF0R8701327,,Helios Mid Cap Fund - Direct Plan - Growth Option,13.9,2026-07-07
153328,INF666M01JQ1,,Groww Nifty 200 ETF FOF - Direct - Growth,11.6255,2026-07-07
153330,INF1J2R01023,,ANGEL ONE NIFTY TOTAL MARKET INDEX FUND DIRECT PLAN GROWTH OPTION,11.8957,2026-07-07
153335,INF754K01UG7,,Edelweiss CRISIL IBX AAA Bond NBFC HFC Jun 2027 Index Fund - Direct Plan - Growth Option,11.0995,2026-07-07
153340,INF582M01LA0,,Union Gold ETF Fund of Fund - Direct Plan - Growth Option,16.3749,2026-07-07
153348,INF740KA1VN6,,DSP Nifty Private Bank Index Fund - Direct - Growth,11.6369,2026-07-07
153350,INF194KB1JK7,,Bandhan Nifty Next 50 Index Fund - Direct Plan - Growth,12.7318,2026-07-07
153353,INF174KA1VE0,,Kotak Nifty Commodities Index Fund-Direct Growth,12.391,2026-07-07
153355,INF03VN01AB7,,WhiteOak Capital Equity Savings Fund Direct Plan Growth,11.682,2026-07-07
153362,INF959L01HQ6,,Navi Nifty Smallcap 250 Momentum quality index fund- Direct Plan,11.8438,2026-07-07
153364,INF247L01EP5,,Motilal Oswal Active Momentum Fund- Direct-Growth,13.5068,2026-07-07
153368,INF090I01YE7,,Franklin India Low Duration Fund-Direct-Growth,11.0381,2026-07-07
153372,INF174KA1VK7,,Kotak CRISIL-IBX Financial Services 3-6 Months Debt Index Fund-Direct-Growth,10.962,2026-07-07
153376,INF1MIY01015,,Unifi Dynamic Asset Allocation Fund - Direct Growth,11.1198,2026-07-07
153380,INF769K01OE3,,Mirae Asset BSE 200 Equal Weight ETF Fund of Fund - Direct Plan - Growth,11.726,2026-07-07
153385,INF769K01OK0,,Mirae Asset BSE Select IPO ETF Fund of Fund - Direct Plan - Growth,11.305,2026-07-07
153389,INF194KB1JL5,,Bandhan CRISIL-IBX 10:90 Gilt Plus SDL Index - Dec 2029 Fund-Direct Plan-Growth,10.9651,2026-07-07
153394,INF109K1A120,,ICICI Prudential Nifty EV & New Age Automotive ETF FOF - Direct Plan - Growth,11.8918,2026-07-07
153401,INF174KA1VQ4,,KOTAK NIFTY MIDCAP 150 INDEX FUND-DIRECT PLAN-GROWTH,11.769,2026-07-07
153405,INF179KC1JI9,,HDFC Nifty Top 20 Equal Weight Index Fund - Direct,10.122,2026-07-07
153407,INF194KB1JR2,,Bandhan CRISIL-IBX Financial Services 3-6 Months Debt Index Fund - Direct Plan - Growth,10.9636,2026-07-07
153411,INF109K1A062,,ICICI Prudential CRISIL-IBX Financial Services 3-6 Months Debt Index Fund - Direct Plan - Growth,10.9521,2026-07-07
153416,INF754K01UP8,,Edelweiss Low Duration Fund - Direct Plan Growth,1093.8097,2026-07-07
153420,INF277KA1DK1,,Tata BSE Quality Index Fund Direct plan Growth Option,11.5008,2026-07-07
153426,INF966L01DW8,,quant Arbitrage Fund - Growth Option - Direct Plan,10.9522,2026-07-07
153432,INF200KB1688,,SBI BSE PSU BANK INDEX FUND- Direct Plan- Growth,13.2929,2026-07-07
153436,INF0R8F01075,,Zerodha Overnight Fund - Direct Plan - Growth Option,10.6835,2026-07-07
153438,INF0QA701AF0,,Bajaj Finserv Overnight Fund - Direct - Unclaimed less than 3 years Redemption Plan,1070.7836,2026-07-07
153442,INF789F1AB55,,UTI Income Plus Arbitrage Active Fund of Fund - Direct Plan - Growth Option,10.828,2026-07-07
153443,INF209KC1498,,Aditya Birla Sun Life Crisil-IBX Financial Services 9-12 Months Debt Index Fund-Direct Growth,10.9339,2026-07-07
153447,INF174KA1VX0,,Kotak Energy Opportunities Fund-Direct-Growth,10.788,2026-07-07
153453,INF666M01JX7,,Groww Nifty 500 Momentum 50 ETF FOF - Direct Plan - Growth,10.4668,2026-07-07
153458,INF109K1A187,,ICICI Prudential Quality Fund - Direct Plan - Growth,10.67,2026-07-07
153461,INF174KA1WD0,,Kotak Nifty Top 10 Equal Weight Index Fund-Direct Plan-Growth,9.15,2026-07-07
153465,INF760K01LH1,,Canara Robeco Multi Asset Allocation Fund - Direct Plan - Growth,11.28,2026-07-07
153470,INF204KC1EW0,,Nippon India Nifty 500 Quality 50 Index Fund - Direct Plan - Growth Option,10.9871,2026-07-07
153474,INF204KC1EQ2,,Nippon India Nifty 500 Low Volatility 50 Index Fund - Direct Plan - Growth Option,10.7637,2026-07-07
153477,INF666M01KK2,,Groww Gilt Fund - Direct - Growth,10.05,2026-07-07
153479,INF0QA701BG6,,Bajaj Finserv Nifty Next 50 Index Fund - Direct - Growth,11.4874,2026-07-07
153484,INF247L01EW1,,Motilal Oswal Infrastructure Fund-Direct-Growth,12.8547,2026-07-07
153487,INF740KA1VZ0,,DSP Silver ETF Fund of Fund - Direct - Growth,23.5303,2026-07-07
153497,INF754K01UX2,,Edelweiss BSE Internet Economy Index Fund - Direct Plan - Growth,10.88,2026-07-07
153498,INF200KB1753,,SBI Income Plus Arbitrage Active FOF- Direct Plan- Growth,10.6973,2026-07-07
153501,INF200KB1761,INF200KB1779,SBI Income Plus Arbitrage Active FOF- Direct Plan- Income Distribution Cum Capital Withdrawal Option,10.6971,2026-07-07
153506,INF0QA701BA9,,Bajaj Finserv Nifty 50 Index Fund - Direct - Growth,9.9515,2026-07-07
153513,INF277KA1DT2,,Tata Income Plus Arbitrage Active FOF - Direct Plan Growth Option,10.6538,2026-07-07
153515,INF789F1AB89,,UTI Multi Cap Fund - Direct Plan - Growth Option,10.6313,2026-07-07
153517,INF179KC1JK5,,HDFC CRISIL-IBX Financial Services 3-6 Months Debt Index Fund - Direct Growth Plan,10.8433,2026-07-07
153525,INF666M01KQ9,,Groww Silver ETF FOF - Direct - Growth,21.972,2026-07-07
153529,INF1J2R01072,,ANGEL ONE NIFTY 50 INDEX FUND-DIRECT-GROWTH,10.0334,2026-07-07
153534,INF0K1H01271,,Samco Large & Mid Cap Fund - Direct Plan - Growth Option,8.88,2026-07-07
153536,INF251K01UT7,,Baroda BNP Paribas Income Plus Arbitrage Active FOF Direct Growth,10.6901,2026-07-07
153543,INF1MIY01031,,Unifi Flexi Cap Fund - Direct Growth,10.6436,2026-07-07
153546,INF109K1A252,,ICICI Prudential Nifty200 Quality 30 Index Fund - Direct Plan - Growth,9.7675,2026-07-07
153552,INF251K01UO8,,Baroda BNP Paribas Multi Asset Active FOF Direct Growth,11.3121,2026-07-07
153555,INF200KB1811,,SBI Nifty200 Quality 30 Index Fund-Direct Plan- Growth,9.9196,2026-07-07
153557,INF200KB1829,INF200KB1837,SBI Nifty200 Quality 30 Index Fund- Direct Plan- Income Distribution Cum Capital Withdrawal Option,9.9197,2026-07-07
153558,INF247L01FE6,,Motilal Oswal Services Fund - Direct Plan - Growth,11.364,2026-07-07
153567,INF204KC1FD7,,Nippon India BSE Sensex Next 30 Index Fund- Direct Plan- Growth Option,10.9677,2026-07-07
153570,INF1MIY01056,,Unifi Liquid Fund- Direct Growth,1064.9616,2026-07-07
153575,INF582M01LF9,,Union Income Plus Arbitrage Active FOF - Direct Plan - Growth Option,10.4875,2026-07-07
153581,INF277KA1DZ9,,Tata Nifty Midcap 150 Index Fund - Direct Plan - Growth Option,10.8946,2026-07-07
153585,INF174KA1WL3,INF174KA1WJ7,Kotak Liquid Fund - Direct Plan - Weekly - Reinvestment & Payout of Income Distribution cum capital withdrawal option,1006.3694,2026-07-07
153590,INF740KA1WL8,,DSP Nifty IT Index Fund - Direct - Growth,7.3123,2026-07-07
153594,INF740KA1WF0,,DSP Nifty Healthcare Index Fund - Direct- Growth,11.6149,2026-07-07
153596,INF247L01FM9,,Motilal Oswal BSE 1000 Index Fund - Direct Plan - Growth,10.1021,2026-07-07
153600,INF204KC1FJ4,,Nippon India Income Plus Arbitrage Active Fund of Fund- Direct Plan- Growth Option,10.6486,2026-07-07
153604,INF251K01VA5,,Baroda BNP Paribas Health and Wellness Fund Direct Growth,10.6433,2026-07-07
153612,INF0QA701BN2,,BAJAJ FINSERV SMALL CAP FUND - DIRECT - GROWTH,10.859,2026-07-07
153614,INF109K1A310,,ICICI Prudential Nifty Top 15 Equal Weight Index Fund - Direct Plan - Growth,9.5206,2026-07-07
153620,INF179KC1JO7,,HDFC INNOVATION FUND - DIRECT PLAN - GROWTH OPTION,11.127,2026-07-07
153624,INF846KA1168,,Axis Services Opportunities Fund - Direct Plan - Growth Option,10.12,2026-07-07
153626,INF666M01LC7,,Groww Nifty India Internet ETF FOF - Direct - Growth,9.8902,2026-07-07
153629,INF192K01NK7,,JM Large & Mid Cap Fund (Direct) - Growth Option,10.6579,2026-07-07
153634,INF769K01OS3,,Mirae Asset CRISIL-IBX Financial Services 9-12 Months Debt Index Fund - Direct Plan - Growth,10.6536,2026-07-07
153638,INF769K01OY1,,Mirae Asset Income plus Arbitrage Active FOF - Direct Plan - Growth,10.629,2026-07-07
153644,INF0GCD01834,,TRUSTMF MULTI CAP FUND -DIRECT PLAN-GROWTH,11.53,2026-07-07
153649,INF22M001028,,JioBlackRock Money Market Fund - Direct Plan - Growth Option,1063.3886,2026-07-07
153650,INF22M001036,,JioBlackRock Overnight Fund - Direct Plan - Growth Option,1054.3786,2026-07-07
153651,INF22M001010,,JioBlackRock Liquid Fund - Direct Plan - Growth Option,1064.8914,2026-07-07
153654,INF582M01LQ6,,Union Low Duration Fund - Direct Plan - Growth Option,10.5896,2026-07-07
153656,INF0R8F01109,,Zerodha Silver ETF FoF - Direct Growth,20.6377,2026-07-07
153660,INF174KA1WN9,,KOTAK NIFTY 200 QUALITY 30 INDEX FUND - DIRECT PLAN - GROWTH,9.793,2026-07-07
153662,INF200KB1878,,SBI Nifty200 Momentum 30 Index Fund- Direct Plan- Growth,9.6008,2026-07-07
153669,INF903JA1LV6,,Sundaram Multi-Factor Fund - Direct - Growth,9.866,2026-07-07
153674,INF174V01CO7,,Mahindra Manulife Banking & Financial Services Fund - Direct - Growth,11.0708,2026-07-07
153679,INF109K1A369,,ICICI Prudential Nifty Private Bank Index Fund - Direct Plan - Growth,10.1538,2026-07-07
153680,INF174KA1WY6,,Kotak Nifty AAA Bond Financial Services Mar 2028 Index Fund - Direct Plan - Growth,10.5918,2026-07-07
153684,INF109K1A385,,ICICI Prudential Active Momentum Fund - Direct Plan - Growth,10.93,2026-07-07
153693,INF204KC1FR7,,Nippon India MNC Fund- Direct Plan- Growth Option,10.8909,2026-07-07
153697,INF205KA1BA3,,Invesco India Income Plus Arbitrage Active Fund of Fund - Direct Plan - Growth,1058.2498,2026-07-07
153703,INF579M01BG4,,360 ONE Overnight Fund - Direct Plan - Growth,1053.7354,2026-07-07
153704,INF666M01KT3,,Groww Nifty 50 Index Fund Direct Growth,9.7736,2026-07-07
153705,INF966L01EC8,,quant Equity Savings Fund - Growth Option - Direct Plan,10.8172,2026-07-07
153712,INF754K01VF7,,Edelweiss Income Plus Arbitrage Active Fund of Funds - Direct Plan Growth,10.5552,2026-07-07
153718,INF200KB1936,,SBI Nifty100 Low Volatility 30 Index Fund- Direct Plan- Growth,10.2473,2026-07-07
153722,INF194KB1JX0,,Bandhan Multi-Factor Fund - Direct Plan - Growth,10.045,2026-07-07
153728,INF761K01GY4,,Bank of India Mid Cap Fund - Direct Plan Growth,10.27,2026-07-07
153731,INF090I01YH0,,Franklin India Multi Asset Allocation Fund- Direct-Growth,11.1425,2026-07-07
153736,INF209KC1589,,Aditya Birla Sun Life BSE 500 Momentum 50 Index Fund-Direct Growth,10.5853,2026-07-07
153738,INF226401018,,CAPITALMIND FLEXI CAP FUND DIRECT GROWTH,10.0106,2026-07-07
153740,INF209KC1613,,Aditya Birla Sun Life BSE 500 Quality 50 Index Fund - Direct Growth,10.7688,2026-07-07
153745,INF666M01LN4,,Groww BSE Power ETF FOF Direct Growth,11.9444,2026-07-07
153749,INF247L01FS6,,Motilal Oswal Special Opportunities Fund - Direct - Growth,11.5843,2026-07-07
153753,INF174KA1XA4,,Kotak Active Momentum Fund - Direct Plan - Growth option,10.843,2026-07-07
153757,INF0R8F01117,,Zerodha Multi Asset Passive FoF - Direct - Growth,11.3774,2026-07-07
153758,INF0QA701BT9,,BAJAJ FINSERV EQUITY SAVINGS FUND - DIRECT - GROWTH,10.476,2026-07-07
153774,INF579M01BM2,,360 ONE Multi Asset Allocation Fund - Direct Plan - Growth,12.2728,2026-07-07
153776,INF754K01VN1,,Edelweiss Multi Asset Omni Fund of Fund- Direct Plan - Growth,11.5127,2026-07-07
153781,INF174KA1XG1,,Kotak Nifty Alpha 50 Index Fund - Direct Plan - Growth,10.352,2026-07-07
153786,INF666M01LT1,,Groww Nifty Next 50 Index Fund Direct Growth,10.6828,2026-07-07
153787,INF22M001044,,JioBlackRock Nifty 50 Index Fund - Direct Plan - Growth Option,9.8741,2026-07-07
153788,INF22M001077,,JioBlackRock Nifty Midcap 150 Index Fund - Direct Plan - Growth Option,10.7898,2026-07-07
153789,INF22M001085,,JioBlackRock Nifty Next 50 Index Fund - Direct Plan - Growth Option,10.7615,2026-07-07
153790,INF22M001051,,JioBlackRock Nifty Smallcap 250 Index Fund - Direct Plan - Growth Option,10.6351,2026-07-07
153791,INF22M001069,,JioBlackRock Nifty 8-13 yr G-Sec Index Fund - Direct Plan - Growth Option,10.4455,2026-07-07
153795,INF251K01VF4,,Baroda BNP Paribas Gold ETF Fund of Funds Direct Growth,14.2661,2026-07-07
153801,INF740KA1WR5,,DSP Nifty500 Flexicap Quality 30 Index Fund - Direct - Growth,9.5316,2026-07-07
153804,INF0GCD01859,,TRUSTMF ARBITRAGE FUND -DIRECT PLAN-GROWTH,10.5585,2026-07-07
153806,INF204KC1GL8,,Nippon India Nifty India Manufacturing Index Fund- Direct Plan- Growth Option,11.1681,2026-07-07
153812,INF769K01PM3,,Mirae Asset Gold Silver Passive FoF - Direct Plan - Growth,16.278,2026-07-07
153816,INF769K01PH3,,Mirae Asset Multi Factor Passive FOF - Direct Plan - Growth,10.728,2026-07-07
153821,INF666M01MA9,,Groww Multi Asset Allocation Fund Direct Growth,10.3041,2026-07-07
153824,INF582M01LZ7,,Union Diversified Equity All Cap Active FOF - Direct Plan - Growth Option,10.6057,2026-07-07
153827,INF1J2R01098,,ANGEL ONE GOLD ETF FOF- DIRECT GROWTH,13.0649,2026-07-07
153829,INF846KA1200,,Axis Nifty500 Quality 50 Index Fund - Direct Plan - Growth Option,10.1723,2026-07-07
153832,INF200KB1AA9,,SBI Dynamic Asset Allocation Active FoF - Direct Plan - Growth,10.3073,2026-07-07
153833,INF200KB1AB7,INF200KB1AC5,SBI Dynamic Asset Allocation Active FoF- Direct Plan- Income Cum Distribution Capital Withdrawal Option,10.3067,2026-07-07
153838,INF194KB1KB4,,Bandhan BSE India Sector Leaders Index Fund - Direct Plan - Growth,9.7316,2026-07-07
153847,INF251K01VJ6,,Baroda BNP Paribas Business Conglomerates Fund Direct Growth Option,10.0867,2026-07-07
153858,INF277KA1EJ1,,Tata Nifty Next 50 Index Fund - Direct Plan Growth Option,10.6345,2026-07-07
153859,INF22M001093,,JioBlackRock Flexi Cap Fund - Direct Plan - Growth Option,9.9969,2026-07-07
153860,INF179KC1JU4,,HDFC Diversified Equity All Cap Active FOF - Direct Plan - Growth Plan,10.2113,2026-07-07
153867,INF109K1A427,,ICICI Prudential Conglomerate Fund - Direct Plan - Growth,10.32,2026-07-07
153868,INF0K1H01297,,Samco Small Cap Fund - Direct Plan,10.63,2026-07-07
153872,INF2F0001040,,THE WEALTH COMPANY FLEXI CAP FUND - DIRECT GROWTH,10.167,2026-07-07
153875,INF174KA1XM9,,Kotak CRISIL-IBX Financial Services 9 to 12 Months Debt Index Fund - Direct - Growth,10.4957,2026-07-07
153879,INF846KA1226,,Axis CRISIL-IBX Financial Services 3-6 Months Debt Index Fund - Direct Plan - Growth option,10.5321,2026-07-07
153883,INF2F0001081,,THE WEALTH COMPANY LIQUID FUND DIRECT GROWTH,1048.5014,2026-07-07
153887,,INF2F0001073,THE WEALTH COMPANY LIQUID FUND DIRECT DAILY ICDW,1001.9083,2026-07-07
153889,INF2F0001123,INF2F0001115,THE WEALTH COMPANY LIQUID FUND DIRECT WEEKLY,1001.9737,2026-07-07
153891,INF2F0001271,,THE WEALTH COMPANY ARBITRAGE FUND DIRECT GROWTH,10.4862,2026-07-07
153895,INF2F0001214,,THE WEALTH COMPANY ETHICAL FUND DIRECT GROWTH,9.6824,2026-07-07
153900,INF205KA1BI6,,Invesco India Consumption Fund - Direct Plan - Growth,10.64,2026-07-07
153906,INF0R8F01158,,Zerodha Nifty 50 Index Fund - Direct Plan - Growth,9.7429,2026-07-07
153908,INF666M01MG6,,Groww Nifty Capital Markets ETF FOF Direct Growth,11.5555,2026-07-07
153912,INF0R8701384,,Helios Small Cap Fund - Direct Plan - Growth Option,11.06,2026-07-07
153913,INF247L01GA2,,Motilal Oswal Consumption Fund-Direct-Growth,10.2386,2026-07-07
153921,INF174KA1XT4,,Kotak Gold Silver Passive FOF - Direct Plan - Growth,14.716,2026-07-07
153924,INF846KA1283,,Axis Income Plus Arbitrage Passive FOF - Direct Plan - Growth Option,10.4134,2026-07-07
153937,INF0QA701BZ6,,Bajaj Finserv Banking and Financial Services Fund - Direct - Growth,10.247,2026-07-07
153939,INF666M01MP7,,Groww Nifty Midcap 150 Index Fund Direct Growth,10.2584,2026-07-07
153942,INF090I01YQ1,,Franklin India Multi-Factor Fund- Direct- Growth,9.685,2026-07-07
153948,INF767K01SD0,,LIC MF Consumption Fund-Direct Plan-Growth,9.8818,2026-07-07
153956,INF1J2R01122,,ANGEL ONE NIFTY TOTAL MARKET MOMENTUM QUALITY 50 INDEX FUND - DIRECT GROWTH,10.0117,2026-07-07
153959,INF179KC1JY6,,HDFC BSE India Sector Leaders India Fund - Direct Plan - Growth Option,9.5427,2026-07-07
153960,INF846KA1366,,Axis Multi-Asset Active FoF - Direct Plan - Growth,10.6237,2026-07-07
153970,INF174KA1XW8,,Kotak Rural Opportunities Fund - Direct Plan - Growth,9.838,2026-07-07
153972,INF194KB1KF5,,Bandhan Healthcare Fund - Direct Plan - Growth,10.927,2026-07-07
153979,INF0S5R01125,,Old Bridge Arbitrage Fund Direct Growth,10.4244,2026-07-07
153982,INF666M01MW3,,Groww Money Market Fund Direct Growth,10.3642,2026-07-07
153983,INF769K01PV4,,Mirae Asset Infrastructure Fund - Direct Plan - Growth,11.087,2026-07-07
153987,INF663L010A3,,PGIM India Multi Asset Allocation Fund - Direct Plan - Growth Option,10.55,2026-07-07
153999,INF2F0001347,,The Wealth Company Multi Asset Allocation Fund - Direct Growth,10.8307,2026-07-07
154007,INF174V01CU4,,Mahindra Manulife Income Plus Arbitrage Active FOF  - Direct - Growth,10.4127,2026-07-07
154011,INF226401034,,Capitalmind Liquid Fund - Direct-Growth,1041.0593,2026-07-07
154014,INF740KA1XB7,,DSP Nifty Midcap 150 Index Fund - Direct - Growth,10.4576,2026-07-07
154018,INF740KA1XH4,,DSP Nifty Smallcap 250 Index Fund - Direct - Growth,11.019,2026-07-07
154020,INF582M01MH3,,Union Consumption Fund - Direct Plan - Growth Option,9.76,2026-07-07
154027,INF959L01HR4,,Navi Nifty midsmallcap 400 Index Fund- Direct - Growth,10.6916,2026-07-07
154028,INF666M01NC3,,Groww Multi Asset Omni FOF Direct Growth,10.4011,2026-07-07
154032,INF174KA1YC8,,Kotak Nifty500 Momentum 50 Index Fund - Direct Plan - Growth,9.929,2026-07-07
154043,INF2JJD01136,,Abakkus Flexi Cap Fund - Direct - Growth,10.961,2026-07-07
154051,INF2JJD01029,,Abakkus Liquid Fund - Direct Plan - Growth,103.3339,2026-07-07
154063,INF666M01NJ8,,Groww Small Cap Fund-Direct-Growth,11.9007,2026-07-07
154066,INF277KA1EP8,,Tata BSE Multicap Consumption 50:30:20 Index Fund - Direct Plan Growth Option,9.7596,2026-07-07
154072,INF754K01VZ5,,Edelweiss Silver ETF Fund of Fund - Direct Plan Growth Option,9.8714,2026-07-07
154076,INF22M001101,,JioBlackRock Arbitrage Fund - Direct Plan - Growth Option,10.3995,2026-07-07
154078,INF846KA1408,,Axis Gold and Silver Passive FOF - Direct Plan - Growth,10.5586,2026-07-07
154079,INF22M001143,,JioBlackRock Short Duration Fund - Direct Plan - Growth Option,1032.6091,2026-07-07
154081,INF22M001150,,JioBlackRock Low Duration Fund - Direct Plan - Growth Option,1031.6219,2026-07-07
154082,INF22M001168,,JioBlackRock Sector Rotation Fund - Direct Plan - Growth Option,10.0374,2026-07-07
154088,INF740KA1XY9,,DSP Nifty 500 Index Fund - Direct - Growth,9.7384,2026-07-07
154093,INF761K01HE4,,Bank of India Banking & Financial Services Fund - Direct Plan - Growth,10.04,2026-07-07
154108,INF754K01WH1,,Edelweiss Financial Services Fund - Direct Plan - Growth Option,9.7848,2026-07-07
154109,INF0R8F01182,,Zerodha Nifty Short Duration G-Sec Index Fund - Direct Plan - Growth Option,1023.5507,2026-07-07
154112,INF247L01GL9,,Motilal Oswal Diversified Equity Flexicap Passive Fund of Funds- Direct - Growth,10.6966,2026-07-07
154114,INF0K1H01313,,Samco Mid Cap Fund - Direct Plan,9.91,2026-07-07
154121,INF174V01DA4,,Mahindra Manulife Innovation Opportunities Fund - Direct - Growth,11.0063,2026-07-07
154123,INF903JA1LZ7,,Sundaram Income Plus Arbitrage Active FoF Fund-Direct-Growth,10.3261,2026-07-07
154129,INF194KB1KL3,,Bandhan Gold ETF FOF-Direct-Growth,9.391,2026-07-07
154131,INF2F0001412,,THE WEALTH COMPANY GOLD ETF FOF DIRECT GROWTH,9.126,2026-07-07
154136,INF194KB1KN9,,Bandhan Silver ETF FOF-Direct-Growth,7.4183,2026-07-07
154142,INF247L01GN5,,Motilal Oswal Financial Services Fund- Direct Growth,10.672,2026-07-07
154144,INF680P01471,,Shriram Money Market Fund - Direct Plan Growth Option,1029.905,2026-07-07
154145,INF174KA1YP0,,Kotak Nifty200 Value 30 Index Fund - Direct - Growth,9.761,2026-07-07
154149,INF174KA1YV8,,Kotak Services Fund - Direct - Growth,10.587,2026-07-07
154155,INF879O01332,,Parag Parikh Large Cap Fund - Direct Plan - Growth,9.7102,2026-07-07
154157,INF00XX01DM9,,ITI Business Cycle Fund- Direct Plan- Growth,10.4719,2026-07-07
154161,INF03VN01AD3,,WhiteOak Capital Consumption Opportunities Fund Direct Plan Growth,10.309,2026-07-07
154164,INF666M01NR1,,Groww Nifty PSE ETF FOF Direct Growth,9.561,2026-07-07
154167,INF740KA1YE9,,DSP Multi Asset Omni Fund of Funds - Direct - Growth,10.0471,2026-07-07
154171,INF846KA1424,,Axis BSE India Sectors Leaders Index Fund- Direct Plan- Growth Option,9.6463,2026-07-07
154177,INF200KB1AG6,,SBI Quality Fund - Direct Plan - Growth,10.4014,2026-07-07
154178,INF200KB1AH4,INF200KB1AI2,SBI Quality Fund - Direct Plan - Income Distribution Cum Capital Withdrawal,10.4014,2026-07-07
154179,INF179KC1KA4,,HDFC Nifty India Consumption Index Fund - Direct Growth Plan,9.972,2026-07-07
154185,INF2F0001479,,The Wealth Company Balanced Advantage Fund - Direct Growth,10.0731,2026-07-07
154187,INF769K01QG3,,Mirae Asset BSE India Defence ETF FOF - Direct Plan - Growth,11.746,2026-07-07
154195,INF251K01VP3,,Baroda BNP Paribas Best-in-Class Strategy Fund - Direct - Growth Option,10.4771,2026-07-07
154197,INF789F1AD04,,UTI Nifty500 Shariah Index Fund - Direct Plan Growth Option,10.0356,2026-07-07
154200,INF666M01NX9,,Groww BSE Hospitals ETF FOF Direct Growth,11.3025,2026-07-07
154204,INF0QA701CF6,,Bajaj Finserv Low Duration Fund - Direct - Growth,1025.9333,2026-07-07
154206,INF1J2R01155,,ANGEL ONE SILVER ETF FOF -DIRECT GROWTH,7.853,2026-07-07
154208,INF754K01WP4,,Edelweiss Gold ETF Fund of Fund Direct Plan Growth Option,8.8934,2026-07-07
154210,INF0GCD01875,,TRUSTMF MID CAP FUND -DIRECT -GROWTH,11.81,2026-07-07
154215,INF2JJD01177,,Abakkus Small Cap Fund - Direct Plan - Growth,12.164,2026-07-07
154216,INF769K01QM1,,Mirae Asset Nifty Metal ETF FOF - Direct Plan - Growth,10.147,2026-07-07
154225,INF0S5R01133,,Old Bridge Flexi Cap Fund Direct Growth,11.2,2026-07-07
154232,INF226401059,,Capitalmind Multi Asset Allocation Fund-Direct-Growth,9.859,2026-07-07
154236,INF226401117,,Capitalmind Arbitrage Fund-Direct-Growth,10.1967,2026-07-07
154239,INF247L01GT2,,Motilal Oswal Multi Factor Passive Fund of Funds - Direct,10.386,2026-07-07
154244,INF767K01SJ7,,LIC MF Technology Fund-Direct Plan-Growth,10.7446,2026-07-07
154250,INF760K01LN9,,Canara Robeco Banking and Financials Services Fund - Direct Plan - Growth,11.01,2026-07-07
154252,INF204KC1GR5,,Nippon India CRISIL-IBX Financial Services 9-12 Months Debt Index Fund -Direct Plan - Growth Option,10.2468,2026-07-07
154257,INF0R8701442,,Helios Arbitrage Fund - Direct Growth,10.19,2026-07-07
154262,INF179KC1KE6,,HDFC INCOME PLUS ARBITRAGE OMNI FOF - GROWTH OPTION - DIRECT PLAN,10.2891,2026-07-07
154266,INF109K1A468,,ICICI Prudential Diversified Equity All Cap Active FOF - Direct Plan - Growth,10.8794,2026-07-07
154269,INF2F0001537,,The Wealth Company Small Cap Fund- Direct-Growth,11.3825,2026-07-07
154271,INF204KC1GX3,,Nippon India CRISIL-IBX Financial Services 3-6 Months Debt Index Fund- Direct Plan- Growth Option,10.2606,2026-07-07
154275,INF174KA1ZG6,,Kotak Multi Factor Passive FOF - Direct- Growth,11.086,2026-07-07
154278,INF666M01OH0,,Groww Nifty PSU Bank Index Fund Direct Growth,9.9298,2026-07-07
154279,INF769K01QS8,,Mirae Asset Silver ETF FOF - Direct Plan - Growth,10.086,2026-07-07
154287,INF174KA1ZI2,,Kotak Quality Overseas Equity Omni FOF - Direct Plan - Growth-,11.106,2026-07-07
154295,INF336L01SB6,,HSBC Gold ETF Fund of fund - Direct Growth,9.8677,2026-07-07
154301,INF2KCX01020,,Choice Nifty 50 Index Fund - Direct Plan Growth,10.5478,2026-07-07
154304,INF2KCX01046,,Choice Nifty Next 50 Index Fund - Direct Plan Growth,11.2074,2026-07-07
154306,INF0R8F01190,,Zerodha Nifty MidSmallcap400 50:50 Index Fund - Direct Plan - Growth Option,11.2357,2026-07-07
154307,INF22M001176,,JioBlackRock Large Cap Fund - Direct Plan - Growth Option,10.0523,2026-07-07
154308,INF179KC1KI7,,HDFC CRISIL-IBX Financial Services 9-12 Months Debt Index Fund - Direct Growth Plan,10.2395,2026-07-07
154310,INF754K01WR0,,Edelweiss Nifty LargeMidcap 250 Plus 8-13 yr G-Sec 70-30 Index Fund Direct Plan Growth,10.8542,2026-07-07
154316,INF174KA1ZO0,,Kotak Multi Asset Active FOF - Direct - Growth,10.179,2026-07-07
154320,INF666M01ON8,,Groww Arbitrage Fund Direct Growth,10.1309,2026-07-07
154321,INF0R8F01208,,Zerodha Nifty LargeMidcap250 Plus 8-13 Yr G-Sec 70:30 Index Fund - Direct Plan - Growth Option,10.2425,2026-07-07
154326,INF846KA1523,,Axis Nifty India Defence Index Fund - Direct Plan - Growth,10.5111,2026-07-07
154331,INF200KB1AO0,,SBI CRISIL - IBX Financial Services 3-6 Months Debt Index Fund - Direct Plan - Growth,10.1474,2026-07-07
154334,INF200KB1AU7,,SBI CRISIL - IBX Financial Services 9-12 Months Debt Index Fund - Direct Plan - Growth,10.1416,2026-07-07
154337,INF247L01GW6,,Motilal Oswal Contra Fund - Direct â Growth,10.5784,2026-07-07
154340,INF205KA1BM8,,Invesco India BSE Sensex Index Fund - Direct Plan - Growth,10.2481,2026-07-07
154343,INF205KA1BO4,,Invesco India Nifty Bank Index Fund - Direct Plan - Growth,10.7398,2026-07-07
154346,INF666M01OU3,,Groww Nifty Private Bank Index Fund Direct Growth,10.528,2026-07-07
154348,INF846KA1549,,Axis Nifty Capital Markets Index Fund- Direct Plan,9.6545,2026-07-07
154358,INF174KA1ZW3,INF174KA1ZU7,Kotak Low Duration Fund - Direct Plan - Weekly - Reinvestment & Payout of Income Distribution cum Capital Withdrawal Option,1008.4654,2026-07-07
154361,INF174KA1A03,INF174KA1ZY9,Kotak Low Duration Fund - Direct Plan - Monthly - Reinvestment & Payout of Income Distribution cum Capital Withdrawal Option,1012.9196,2026-07-07
154364,INF247L01HC6,,Motilal Oswal BSE Clean Environment Index Fund - Direct,9.801,2026-07-07
154370,INF200KB1BI0,,SBI CRISIL-IBX 10:90 GILT + SDL INDEX DEC 2029 INDEX FUND - DIRECT - GROWTH,10.2227,2026-07-07
154372,INF200KB1BC3,,SBI NIFTY G-SEC JUL 2031 INDEX FUND - DIRECT - GROWTH,10.2627,2026-07-07
154381,INF2F0001594,,The Wealth Company Large & Mid Cap Fund Direct Growth,10.2063,2026-07-07
154383,INF666M01PA2,,Groww Nifty Smallcap 250 Momentum Quality 100 Index Fund Direct Growth,10.2709,2026-07-07
154388,INF174KA1A29,,Kotak Nifty Alpha Low Volatility 30 Index Fund - Direct- Growth,10.269,2026-07-07
154392,INF03VN01AF8,,WhiteOak Capital Aggressive Hybrid Fund Direct Plan Growth,10.212,2026-07-07
154394,INF680P01497,,Shriram Overnight Fund- Direct Growth,1261.0287,2026-07-07
154413,,,Choice Overnight Fund - Growth Option - Direct Plan,100.0616,2026-07-07
154427,INF179KC1KQ0,,HDFC Nifty Auto Index Fund- Direct Plan- Growth Option,9.9929,2026-07-07
