scheme_code,isin_growth,isin_div_reinv,scheme_name,nav,date
103490,INF082J01036,,Quantum Value Fund - Direct Plan Growth Option,122.58,2026-06-12
103734,INF082J01127,,Quantum Liquid Fund - Direct Plan Growth Option,37.1701,2026-06-12
111549,INF082J01069,,Quantum ELSS Tax Saver Fund - Direct Plan Growth Option,122.5,2026-06-12
112039,INF082J01093,,Quantum Diversified Equity All Cap Active FOF - Direct Plan Growth Option,82.728,2026-06-12
115132,INF082J01150,,Quantum Gold Savings Fund - Direct Plan Growth Option,56.4431,2026-06-12
117608,INF082J01168,,Quantum Multi Asset Active FOF - Direct Plan Growth Option,36.6018,2026-06-12
118267,INF760K01FO9,,CANARA ROBECO INFRASTRUCTURE FUND - DIRECT PLAN - GROWTH OPTION,189.83,2026-06-12
118269,INF760K01FR2,,CANARA ROBECO LARGE CAP FUND - DIRECT PLAN - GROWTH OPTION,69.43,2026-06-12
118272,INF760K01EZ8,,CANARA ROBECO EQUITY HYBRID FUND - DIRECT PLAN - GROWTH OPTION,406.86,2026-06-12
118273,INF760K01DU1,,CANARA ROBECO CONSUMPTION FUND - DIRECT PLAN - GROWTH OPTION,118.17,2026-06-12
118275,INF760K01EF0,,CANARA ROBECO FLEXICAP FUND - DIRECT PLAN - GROWTH OPTION,371.57,2026-06-12
118278,INF760K01EI4,,CANARA ROBECO LARGE AND MID CAP FUND - DIRECT PLAN - GROWTH OPTION,278.21,2026-06-12
118282,INF760K01FI1,,CANARA ROBECO INCOME FUND - DIRECT PLAN - GROWTH OPTION,64.0227,2026-06-12
118284,INF760K01EC7,,CANARA ROBECO DYNAMIC BOND FUND - DIRECT PLAN - GROWTH OPTION,32.9637,2026-06-12
118285,INF760K01EL8,,CANARA ROBECO ELSS TAX SAVER - DIRECT PLAN - GROWTH OPTION,194.83,2026-06-12
118291,INF760K01ET1,,CANARA ROBECO SAVINGS FUND - DIRECT PLAN - GROWTH OPTION,45.8764,2026-06-12
118299,INF760K01FC4,,CANARA ROBECO GILT FUND - DIRECT PLAN - GROWTH OPTION,82.5563,2026-06-12
118305,INF760K01FU6,,CANARA ROBECO LIQUID FUND - DIRECT PLAN - GROWTH OPTION,3349.363,2026-06-12
118309,INF760K01GB4,,CANARA ROBECO CONSERVATIVE HYBRID FUND - DIRECT PLAN - GROWTH OPTION,112.9417,2026-06-12
118317,INF760K01GM1,,CANARA ROBECO ULTRA SHORT TERM FUND - DIRECT PLAN - GROWTH OPTION,4280.9897,2026-06-12
118320,INF760K01DX5,,CANARA ROBECO SHORT DURATION FUND - DIRECT PLAN - GROWTH OPTION,29.1369,2026-06-12
118364,INF194K01I60,,BANDHAN LIQUID Fund -Direct Plan-Growth,3374.5737,2026-06-12
118371,INF194K01J77,,BANDHAN Low Duration Fund-Direct Plan-Growth,41.8259,2026-06-12
118384,INF194K01M80,,Bandhan Money Market Fund -Direct Plan-Growth,46.3206,2026-06-12
118387,INF194K01P38,,Bandhan Gilt Fund with 10 year constant duration Fund - Direct Plan - Growth,48.5261,2026-06-12
118394,INF194K01R51,,Bandhan Medium to Long Duration Fund - Direct Plan - Growth,73.7432,2026-06-12
118401,INF194K01S50,,Bandhan Medium Duration Fund - Direct Plan - Growth,52.4123,2026-06-12
118407,INF194K01U07,,Bandhan Short Duration Fund - Direct Plan - Growth,64.7199,2026-06-12
118410,INF194K01U72,,Bandhan Income Plus Arbitrage Active FOF - Direct Plan - Growth,48.5606,2026-06-12
118416,INF194K01N63,,BANDHAN Dynamic Bond Fund-Direct Plan-Growth,39.3883,2026-06-12
118419,INF194K01V89,,Bandhan Large & Mid Cap Fund - Direct Plan - Growth,160.216,2026-06-12
118421,INF194K01W21,,Bandhan Focused Fund - Direct Plan - Growth,102.49,2026-06-12
118424,INF194K01W62,,BANDHAN Flexi Cap Fund-Direct Plan-Growth,224.644,2026-06-12
118464,INF194K01Q29,,Bandhan Gilt Fund - Direct Plan - Growth,39.9561,2026-06-12
118469,INF194K01X46,,BANDHAN Infrastructure Fund-Direct Plan-Growth,57.445,2026-06-12
118473,INF194K01Y29,,BANDHAN ELSS Tax Saver Fund - Direct Plan - Growth,174.13,2026-06-12
118474,INF194K01Y60,,BANDHAN Arbitrage Fund-Direct Plan- Growth,37.1904,2026-06-12
118477,INF194K01Z02,,BANDHAN Equity Savings Fund-Direct Plan-Growth,35.845,2026-06-12
118479,INF194K01Z44,,BANDHAN Large Cap Fund-Direct Plan-Growth,86.935,2026-06-12
118481,INF194K01Z85,,Bandhan Value Fund - Direct Plan - Growth,164.394,2026-06-12
118482,INF194K012A8,,BANDHAN Nifty 50 Index Fund-Direct Plan-Growth,52.6621,2026-06-12
118485,INF194K012B6,,Bandhan Aggressive Hybrid Passive FOF - Direct Plan - Growth,52.7599,2026-06-12
118486,INF194K016A9,,Bandhan Conservative Hybrid Passive FOF - Direct Plan - Growth,36.9618,2026-06-12
118489,INF194K019A3,,Bandhan Multi-Asset Passive FOF - Direct Plan - Growth,44.5117,2026-06-12
118491,INF194K015B9,,BANDHAN Conservative Hybrid Fund-Direct Plan-Growth,36.397,2026-06-12
118494,INF090I01GY2,,Templeton India Value Fund - Direct - Growth,777.0108,2026-06-12
118498,INF090I01HS2,,Franklin India Government Securities Fund - Direct - Growth,66.4134,2026-06-12
118506,INF090I01GV8,,Franklin India Money Market Fund - Direct - Growth,54.9639,2026-06-12
118508,INF090I01LK1,,Franklin India Floating Rate Fund - Direct - Growth,47.2599,2026-06-12
118510,INF090I01IN1,,Franklin India Large & Mid Cap Fund - Direct - Growth,201.4918,2026-06-12
118525,INF090I01IQ4,,Franklin India Small Cap Fund - Direct - Growth,193.8961,2026-06-12
118531,INF090I01FN7,,Franklin India Large Cap Fund- Direct - Growth,1087.2324,2026-06-12
118533,INF090I01FH9,,Franklin India Mid Cap Fund - Direct - Growth,3010.7045,2026-06-12
118535,INF090I01FK3,,Franklin India Flexi Cap Fund - Direct - Growth,1741.1928,2026-06-12
118537,INF090I01FE6,,Franklin India Technology Fund - Direct - Growth,483.6505,2026-06-12
118539,INF090I01GC8,,Franklin India Opportunities Fund - Direct - Growth,278.4001,2026-06-12
118540,INF090I01JS8,,Franklin India ELSS Tax Saver Fund - Direct - Growth,1555.4426,2026-06-12
118543,INF090I01HV6,,Franklin India Dynamic Asset Allocation Active Fund Of Funds - Direct - Growth,185.9594,2026-06-12
118546,INF090I01FZ1,,Franklin India Aggressive Hybrid Fund - Direct - Growth,300.6972,2026-06-12
118548,INF090I01JZ3,,Franklin India Retirement Fund - Direct - Growth,237.6679,2026-06-12
118551,INF090I01JR0,,Franklin U.S. Opportunities Equity Active Fund of Funds - Direct - Growth,104.0296,2026-06-12
118557,INF090I01JF5,,Franklin Build India Fund - Direct - Growth,165.8545,2026-06-12
118559,INF090I01IZ5,,Franklin Asian Equity Fund - Direct - Growth,48.7576,2026-06-12
118564,INF090I01IW2,,Franklin India Focused Equity Fund - Direct - Growth,111.9286,2026-06-12
118569,INF090I01FW8,,Franklin India Corporate Debt Fund - Direct - GROWTH,114.3006,2026-06-12
118574,INF090I01GF1,,Franklin India Conservative Hybrid Fund - Direct - GROWTH,100.8274,2026-06-12
118577,INF090I01JV2,,Franklin India Liquid Fund - Super Institutional - Direct - Growth,4200.2094,2026-06-12
118581,INF090I01GS4,,Franklin India INDEX FUND- NSE NIFTY 50 INDEX FUND- Direct - Growth,201.2156,2026-06-12
118585,INF204K01XZ7,,Nippon India Arbitrage Fund - Direct Plan Growth Plan - Growth Option,30.4312,2026-06-12
118588,INF204K01D22,,Nippon India Banking & Financial Services Fund - Direct Plan Growth Plan - Bonus Option,688.5254,2026-06-12
118589,INF204K01XO1,,Nippon India Banking & Financial Services Fund - Direct Plan Growth Plan - Growth Option,688.5254,2026-06-12
118615,INF754K01BS2,,Edelweiss Balanced Advantage Fund -Direct Plan-Growth Option,58.95,2026-06-12
118617,INF754K01BW4,,Edelweiss Large Cap Fund - Direct Plan-Growth option,93.5,2026-06-12
118620,INF754K01CA8,,Edelweiss ELSS Tax Saver Fund - Direct Plan-Growth Option,132.79,2026-06-12
118624,INF754K01CE0,,Edelweiss Aggressive Hybrid Fund-Direct Plan-Growth Option,73.68,2026-06-12
118632,INF204K01XI3,,Nippon India Large Cap Fund - Direct Plan Growth Plan - Growth Option,98.1776,2026-06-12
118633,INF204K01D30,,Nippon India Large Cap Fund - Direct Plan Growth Plan - Bonus Option,98.1776,2026-06-12
118650,INF204K01XF9,,Nippon India Multi Cap Fund - Direct Plan Growth Plan - Growth Option,324.3079,2026-06-12
118651,INF204K01D55,,Nippon India Multi Cap Fund - Direct Plan Growth Plan - Bonus Option,324.3079,2026-06-12
118656,INF204K01E05,,Nippon India Floater Fund  - Direct Plan Growth Plan - Growth Option,50.2723,2026-06-12
118663,INF204K01YC4,,Nippon India Gold Savings Fund - Direct Plan Growth Plan - Growth Option,58.7609,2026-06-12
118665,INF204K01E21,,Nippon India Growth Mid Cap Fund - Direct Plan Growth Plan - Bonus Option,795.5408,2026-06-12
118668,INF204K01E54,,Nippon India Growth Mid Cap Fund - Direct Plan Growth Plan - Growth Option,4788.4765,2026-06-12
118669,INF204K01E70,,Nippon India Gilt  Fund - Direct Plan - P F Option - Automatic Capital Appreciation Payout Option,43.4971,2026-06-12
118672,INF204K01XP8,,Nippon India Gilt  Fund - Direct Plan Growth Plan - Growth Option,43.6101,2026-06-12
118673,INF204K01E88,,Nippon India Gilt  Fund - Direct Plan - P F Option - Defined Maturity Date Option,43.728,2026-06-12
118674,,INF204K01E62,Nippon India Gilt Fund - Direct Plan - P F Option - Automatic Annual Reinvest Option,23.6044,2026-06-12
118675,INF204K01E96,,Nippon India Vision Large & Mid Cap Fund - Direct Plan Growth Plan - Bonus Option,264.935,2026-06-12
118678,INF204K01F20,,Nippon India Vision Large & Mid Cap Fund - Direct Plan Growth Plan - Growth Option,1562.653,2026-06-12
118679,INF204K01F38,,Nippon India Medium to Long Duration  Fund - Direct Plan Growth Plan-Bonus Option,29.5614,2026-06-12
118687,INF204K01XS2,,Nippon India Medium to Long Duration Fund - Direct Plan Growth Plan - Growth Option,103.4486,2026-06-12
118691,INF204K01F61,,Nippon India Quarterly Interval Fund - Series II - Direct Plan Growth Plan - Growth,38.5905,2026-06-12
118692,INF204K01F95,,Nippon India Focused Fund - Direct Plan Growth Plan - Growth Option,132.5376,2026-06-12
118701,INF204K01ZH0,,Nippon India Liquid Fund - Direct Plan Growth Plan - Growth Option,6841.6959,2026-06-12
118702,INF204K01G03,,Nippon India Low Duration Fund - Direct Plan Growth Plan - Bonus Option,2448.1671,2026-06-12
118709,INF204K01ZU3,,Nippon India Low Duration Fund - Direct Plan Growth Plan - Growth Option,4214.4726,2026-06-12
118715,INF204K01G11,,Nippon India Money Market Fund - Direct Plan Growth Plan - Bonus Option,2621.2006,2026-06-12
118719,INF204K01ZP3,,Nippon India Money Market Fund - Direct Plan Growth Plan - Growth Option,4457.6658,2026-06-12
118722,INF204K01G29,,Nippon India Consumption Fund - Direct Plan Growth Plan - Bonus,205.0935,2026-06-12
118724,INF204K01G52,,Nippon India Consumption Fund - Direct Plan Growth Plan - Growth Option,205.0935,2026-06-12
118726,INF204K01YV4,,Nippon India Conservative Hybrid  Fund - Direct Plan Growth Plan - Growth Option,67.8482,2026-06-12
118736,INF204K01G94,,Nippon India Balanced Advantage Fund - Direct Plan Growth Plan - Growth Option,203.6524,2026-06-12
118741,INF204K01H36,,Nippon India Index Fund - Nifty 50 Plan - Direct Plan Growth Plan - Growth Option,43.4187,2026-06-12
118742,INF204K01H02,,Nippon India Index Fund - Nifty 50 Plan - Direct Plan Growth Plan - Bonus Option,43.4187,2026-06-12
118747,INF204K01A25,,Nippon India Dynamic Bond Fund - Direct Plan Growth Plan - Growth Option,41.9697,2026-06-12
118758,INF204K01I27,,Nippon India Pharma Fund - Direct Plan Growth Plan - Bonus Option,604.7016,2026-06-12
118759,INF204K01I50,,Nippon India Pharma Fund - Direct Plan Growth Plan - Growth Option,604.7016,2026-06-12
118762,INF204K01I68,,Nippon India Power & Infra Fund - Direct Plan Growth Plan - Bonus Option,409.1495,2026-06-12
118763,INF204K01I92,,Nippon India Power & Infra Fund - Direct Plan Growth Plan - Growth Option,409.1495,2026-06-12
118769,INF204K01J34,,Nippon India Quant Fund - Direct Plan Growth Plan - Growth Option,76.3503,2026-06-12
118770,INF204K01J00,,Nippon India Quant Fund - Direct Plan Growth Plan - Bonus Option,76.3503,2026-06-12
118777,INF204K01J83,,Nippon India Small Cap Fund - Direct Plan Growth Plan - Bonus Option,195.1257,2026-06-12
118778,INF204K01K15,,Nippon India Small Cap Fund - Direct Plan Growth Plan - Growth Option,195.1257,2026-06-12
118780,INF204K01A74,,Nippon India Credit Risk Fund - Direct Plan - Growth Plan,41.5344,2026-06-12
118784,INF204K01K49,,Nippon India Value Fund - Direct Plan Growth Plan,242.267,2026-06-12
118785,INF204K01K56,,Nippon India Index Fund - BSE Sensex Plan - Direct Plan Growth Plan - Bonus Option,40.9099,2026-06-12
118791,INF204K01K80,,Nippon India Index Fund - BSE Sensex Plan - Direct Plan Growth Plan - Growth Option,40.9099,2026-06-12
118794,INF204K01B08,,Nippon India Aggressive Hybrid Fund  - Direct Plan Growth Plan,117.77,2026-06-12
118796,INF204K01B32,,Nippon India Short Duration Fund - Direct Plan Growth Plan - Growth Option,60.7094,2026-06-12
118803,INF204K01L55,,Nippon India ELSS Tax Saver Fund - Direct Plan Growth Plan - Growth Option,141.3883,2026-06-12
118807,INF204K01D63,,Nippon India Corporate Bond Fund - Direct Plan Growth Plan - Bonus,47.33,2026-06-12
118814,INF204K01C15,,Nippon India Corporate Bond Fund - Direct Plan Growth Plan - Growth Option,66.2933,2026-06-12
118825,INF769K01AX2,,Mirae Asset Large Cap Fund - Direct Plan - Growth,123.126,2026-06-12
118834,INF769K01BI1,,Mirae Asset Large & Midcap Fund - Direct Plan - Growth,170.268,2026-06-12
118837,INF769K01BL5,,Mirae Asset Great Consumer Fund - Direct Plan - Growth,104.921,2026-06-12
118840,INF769K01BO9,,Mirae Asset Low Duration Fund - Direct Plan - Growth,2608.6316,2026-06-12
118859,INF769K01CM1,,Mirae Asset Liquid Fund - Direct Plan - Growth,2950.3163,2026-06-12
118866,INF044D01CG6,INF044D01AA3,Taurus ELSS Tax Saver Fund - Direct Plan - Growth,189.46,2026-06-12
118867,INF044D01CH4,INF044D01CI2,Taurus ELSS Tax Saver Fund - Direct Plan - Payout of Income Distribution cum Capital Withdrawal option,87.32,2026-06-12
118868,INF044D01CN2,,Taurus Banking & Financial Services Fund - Direct Plan - Growth,59.33,2026-06-12
118869,INF044D01CO0,INF044D01CP7,Taurus Banking & Financial Services Fund - Direct Plan - Payout of Income Distribution cum Capital Withdrawal option,58.65,2026-06-12
118870,INF044D01BX3,,Taurus Large Cap Fund - Direct Plan - Growth,161.66,2026-06-12
118871,INF044D01BY1,INF044D01BZ8,Taurus Large Cap Fund - Direct Plan - Payout of Income Distribution cum Capital Withdrawal option,71.21,2026-06-12
118872,INF044D01CA9,,Taurus Mid Cap Fund - Direct Plan - Growth,122.3,2026-06-12
118873,INF044D01CB7,INF044D01CC5,Taurus Mid Cap Fund - Direct Plan - Payout of Income Distribution cum Capital Withdrawal option,108.64,2026-06-12
118876,INF044D01CJ0,,Taurus Ethical Fund - Direct Plan - Growth,139.86,2026-06-12
118877,INF044D01CK8,INF044D01CL6,Taurus Ethical Fund - Direct Plan - Payout of Income Distribution cum Capital Withdrawal option,93.89,2026-06-12
118878,INF044D01CM4,,Taurus Ethical Fund-Direct Plan-Bonus Option #,45.84,2026-06-12
118879,INF044D01CD3,,Taurus Infrastructure Fund - Direct Plan - Growth,68.96,2026-06-12
118880,INF044D01CE1,INF044D01CF8,Taurus Infrastructure Fund - Direct Plan - Payout of Income Distribution cum Capital Withdrawal option,64.23,2026-06-12
118881,INF044D01CQ5,,Taurus Nifty 50 Index Fund - Direct Plan - Growth,47.8334,2026-06-12
118882,INF044D01CR3,INF044D01CS1,Taurus Nifty 50 Index Fund - Direct Plan - Payout of Income Distribution cum Capital Withdrawal option,44.7666,2026-06-12
118883,INF044D01BU9,,Taurus Flexi Cap Fund - Direct Plan - Growth,227.04,2026-06-12
118884,INF044D01BV7,INF044D01BW5,Taurus Flexi Cap Fund - Direct Plan -  Payout of Income Distribution cum Capital Withdrawal option,114.54,2026-06-12
118924,INF740K01MZ3,,DSP Bond Fund - Direct Plan - Growth,91.1962,2026-06-12
118935,INF179K01VC4,,HDFC Value Fund - Growth Option - Direct Plan,840.268,2026-06-12
118942,INF179K01VF7,,HDFC Low Duration  Fund - Direct Plan - Growth,66.4479,2026-06-12
118950,INF179K01VK7,,HDFC Focused Fund - Growth Option - Direct Plan,255.701,2026-06-12
118955,INF179K01UT0,,HDFC Flexi Cap Fund - Growth Option - Direct Plan,2155.381,2026-06-12
118961,INF179K01VQ4,,HDFC Floating Rate Debt Fund - Direct Plan - Growth Option,54.0792,2026-06-12
118968,INF179K01WA6,,HDFC Balanced Advantage Fund - Growth Plan - Direct Plan,555.438,2026-06-12
118979,INF179K01WQ2,,HDFC Infrastructure Fund - Growth Option - Direct Plan,51.751,2026-06-12
118987,INF179K01XD8,,HDFC Corporate Bond Fund - Growth Option - Direct Plan,34.7946,2026-06-12
118989,INF179K01XQ0,,HDFC Mid Cap Fund - Growth Option - Direct Plan,220.156,2026-06-12
118994,INF740K01NO5,,DSP Regular Savings Fund - Direct Plan - Growth,68.319,2026-06-12
119016,INF179K01YM7,,HDFC Short Term  Debt Fund - Growth Option - Direct Plan,34.9258,2026-06-12
119018,INF179K01YV8,,HDFC Large Cap Fund - Growth Option - Direct Plan,1186.883,2026-06-12
119019,INF740K01NY4,,DSP Aggressive Hybrid Fund - Direct Plan - Growth,391.009,2026-06-12
119028,INF740K01QA7,,DSP Natural Resources and New Energy Fund - Direct Plan - Growth,121.223,2026-06-12
119053,INF277K01MN2,,Tata Aggressive Hybrid Fund -Direct Plan- Growth Option,485.5818,2026-06-12
119060,INF179K01YS4,,HDFC ELSS Tax saver - Growth Option - Direct Plan,1446.198,2026-06-12
119062,INF179K01XZ1,,HDFC Hybrid Equity Fund - Growth Option - Direct Plan,120.989,2026-06-12
119063,INF179K01WM1,,HDFC Nifty 50 Index Fund - Direct Plan,230.1422,2026-06-12
119065,INF179K01WN9,,HDFC BSE Sensex Index Fund - Direct Plan,719.556,2026-06-12
119066,INF179KC1IX0,,HDFC Childrens Fund - Direct Plan,315.911,2026-06-12
119069,INF179K01WL3,,HDFC Income Fund - Growth Option - Direct Plan,66.3639,2026-06-12
119071,INF740K01PX1,,DSP Midcap Fund - Direct Plan - Growth,166.38,2026-06-12
119075,INF179K01WB4,,HDFC Dynamic Debt Fund - Growth Option - Direct Plan,101.4918,2026-06-12
119076,INF740K01PI2,,DSP Flexi Cap Fund - Direct Plan - Growth,111.589,2026-06-12
119081,INF179K01WI9,,HDFC Medium Term Debt Fund - Growth Option - Direct Plan,64.8032,2026-06-12
119082,INF740K01OS4,,DSP Credit Risk Fund - Direct Plan - Growth,59.4806,2026-06-12
119091,INF179KB1HP9,,HDFC Liquid Fund - Growth Option - Direct Plan,5487.5037,2026-06-12
119092,INF179KB1HU9,,HDFC Money Market Fund - Growth Option - Direct Plan,6181.8148,2026-06-12
119096,INF740K01OB0,,DSP Focused Fund - Direct Plan - Growth,59.53,2026-06-12
119099,INF740K01NF3,,DSP Gilt Fund - Direct Plan - Growth,103.72,2026-06-12
119106,INF740K01NU2,,DSP Savings Fund - Direct Plan - Growth,57.4969,2026-06-12
119110,INF179KB1HT1,,HDFC Overnight Fund - Growth Option - Direct Plan,4033.2377,2026-06-12
119116,INF179K01VS0,,HDFC Gilt Fund - Growth Option - Direct Plan,59.5331,2026-06-12
119118,INF179K01XE6,,HDFC Hybrid Debt Fund - Growth Option - Direct Plan,88.688,2026-06-12
119125,INF740K01QL4,,DSP Liquidity Fund - Direct Plan - Growth,3997.1201,2026-06-12
119128,INF179K01XT4,,HDFC Equity Savings Fund - Growth Option - Direct Plan,75.307,2026-06-12
119131,INF179K01XW8,,HDFC Multi-Asset Fund - Growth Option - Direct Plan,82.598,2026-06-12
119132,INF179K01VX0,,HDFC Gold ETF Fund of Fund - Direct Plan,45.9514,2026-06-12
119133,INF666M01600,,Groww Largecap Fund (formerly known as Indiabulls Blue Chip Fund) - Direct Plan - Growth Option,50.58,2026-06-12
119134,INF666M01626,INF666M01618,Groww Largecap Fund (formerly known as Indiabulls Bluechip Fund)- Direct Plan- - Income Distribution cum capital withdrawal Option (Payout & Reinvestment),29.29,2026-06-12
119135,INF666M01451,,Groww Liquid Fund ( formerly known as Indiabulls Liquid )Fund - Direct Plan - Growth Option,2708.8829,2026-06-12
119136,,INF666M01469,Groww Liquid Fund (formerly known as Indiabulls Liquid Fund) - Direct Plan- - Income Distribution cum capital withdrawal Option ( Reinvestment),1002.0907,2026-06-12
119137,INF666M01527,INF666M01477,Groww Liquid Fund (formerly known as Indiabulls Liquid Fund)- Direct Plan- Weekly - Income Distribution cum capital withdrawal Option (Payout & Reinvestment),1002.7446,2026-06-12
119138,INF666M01501,INF666M01485,Groww Liquid Fund (formerly known as Indiabulls Liquid Fund)- Direct Plan- Fortnightly - Income Distribution cum capital withdrawal Option (Payout & Reinvestment),1002.1772,2026-06-12
119139,INF666M01519,INF666M01493,Groww Liquid Fund (formerly known as Indiabulls Liquid Fund)- Direct Plan- Monthly - Income Distribution cum capital withdrawal Option (Payout & Reinvestment),1031.6832,2026-06-12
119160,INF277K01QZ7,,Tata Large Cap Fund -Direct Plan Growth Option,572.7709,2026-06-12
119164,INF959L01GF1,,Navi Liquid Fund-Direct Plan-Growth Option,30.1985,2026-06-12
119172,INF277K01NG4,,Tata Ethical Fund -Direct Plan- Growth Option,407.5811,2026-06-12
119178,INF277K01PY2,,Tata Mid Cap Fund - Direct Plan- Growth Option,507.0472,2026-06-12
119202,INF277K01MK8,,Tata Large & MId Cap Fund -Direct Plan- Growth Option,559.655,2026-06-12
119205,INF740K01ON5,,DSP Ultra Short Fund - Direct Plan - Growth,3930.229,2026-06-12
119212,INF740K01QD1,,DSP Small Cap Fund - Direct Plan - Growth,231.236,2026-06-12
119218,INF740K01PL6,,DSP Large & Mid Cap Fund - Direct Plan - Growth,684.781,2026-06-12
119226,INF740K01NJ5,,DSP Short Term Fund - Direct Plan - Growth,53.2792,2026-06-12
119231,INF277K01ND1,,Tata Value Fund -Direct Plan Growth Option,383.631,2026-06-12
119239,INF740K01QG4,,DSP Strategic Bond Fund - Direct Plan - Growth,3643.9143,2026-06-12
119242,INF740K01OK1,,DSP ELSS Tax Saver Fund - Direct Plan - Growth,152.374,2026-06-12
119243,INF277K01PQ8,,Tata Infrastructure Fund -Direct Plan -Growth Option,194.7059,2026-06-12
119247,INF740K01PU7,,DSP India T.I.G.E.R. Fund - Direct Plan - Growth,385.361,2026-06-12
119250,INF740K01PR3,,DSP Large Cap Fund - Direct Plan - Growth,494.329,2026-06-12
119251,INF277K01QO1,,Tata Retirement Savings Fund- Progressive Plan -Direct Plan-Growth Option,80.551,2026-06-12
119252,INF740K01OH7,,DSP US Specific Equity Omni FoF - Direct Plan - Growth,101.8778,2026-06-12
119255,INF277K01QN3,,Tata Retirement Savings Fund- Moderate Plan -Direct Plan-Growth Option,78.1316,2026-06-12
119256,INF277K01QM5,,Tata Retirement Savings Fund- Conservative Plan-Direct Plan-Growth Option,38.0724,2026-06-12
119275,INF740K01PC5,,DSP Global Clean Energy Overseas Equity Omni FoF Direct Plan - Growth,31.9158,2026-06-12
119277,INF740K01OZ9,,DSP World Gold Mining Overseas Equity Omni FoF - Direct Plan - Growth,56.2161,2026-06-12
119279,INF740K01PF8,,DSP World Mining Overseas Equity Omni FoF - Direct Plan - Growth,35.1449,2026-06-12
119287,INF277K01PK1,,Tata S&P BSE Sensex Index Fund - Direct Plan,201.4214,2026-06-12
119288,INF277K01PJ3,,Tata Nifty 50 Index Fund -Direct Plan,159.9874,2026-06-12
119292,INF582M01633,,Union Flexi Cap Fund - Direct Plan - Growth Option,55.69,2026-06-12
119300,INF761K01629,,BANK OF INDIA Large & Mid Cap Fund Direct Plan- Bonus,53.59,2026-06-12
119303,INF582M01674,,Union Liquid Fund - Direct Plan - Growth Option,2695.683,2026-06-12
119307,INF582M01765,,Union ELSS Tax Saver Fund - Direct Plan - Growth Option,68.65,2026-06-12
119311,INF582M01799,,Union Dynamic Bond Fund - Direct Plan - Growth Option,24.6272,2026-06-12
119312,INF277K01QW4,,Tata Childrens Fund-Direct Plan-Growth Option,61.9779,2026-06-12
119333,INF955L01971,,Baroda BNP Paribas Banking and Financial Services Fund - Direct - Growth Option,54.1337,2026-06-12
119341,INF955L01AD7,,Baroda BNP Paribas GILT FUND - Direct Plan - Growth Option,47.725,2026-06-12
119350,INF761K01652,,BANK OF INDIA Large & Mid Cap Fund Direct Plan-Growth,103.78,2026-06-12
119351,INF761K01884,,BANK OF INDIA ELSS Tax Saver -Direct Plan- Growth,189.32,2026-06-12
119354,INF955L01AG0,,Baroda BNP Paribas MULTI CAP FUND - Direct Plan - Growth Option,321.7833,2026-06-12
119364,INF761K01702,,BANK OF INDIA Manufacturing & Infrastructure Fund-Direct Plan-Growth,75.01,2026-06-12
119369,INF761K01785,,BANK OF INDIA Liquid Fund- Direct Plan- Growth,3218.0481,2026-06-12
119379,INF761K01892,,BANK OF INDIA Ultra Short Duration Fund- Direct Plan- Growth,3465.2787,2026-06-12
119382,INF761K01736,,BANK OF INDIA Short Term Income Fund-Direct Plan- Growth,30.6099,2026-06-12
119393,INF761K01819,,BANK OF INDIA Conservative Hybrid Fund Fund-Direct Plan-Growth,37.6498,2026-06-12
119400,INF955L01BD5,,Baroda BNP Paribas Short Duration Fund - Direct Plan - Growth Option,33.423,2026-06-12
119415,INF955L01AL0,,Baroda BNP Paribas LIQUID FUND - DIRECT PLAN - GROWTH OPTION,3220.5327,2026-06-12
119424,INF277K01PR6,,Tata Money Market Fund- Direct Plan- Growth Option,5106.5009,2026-06-12
119436,INF209K01VH8,,Aditya Birla Sun Life Large & Mid Cap Fund - Growth - Direct Plan,1004.29,2026-06-12
119498,INF209K01XK8,,Aditya Birla Sun Life Short Term Fund - Growth - Direct Plan,54.422,2026-06-12
119501,INF209K01UR9,,Aditya Birla Sun Life Savings Fund - Growth - Direct Plan,592.7901,2026-06-12
119505,INF209K01N82,,Aditya Birla Sun Life Dynamic Bond Fund - Growth - Direct Plan,52.1329,2026-06-12
119511,INF209K01UU3,,Aditya Birla Sun Life Money Manager Fund - Growth - Direct Plan,397.291,2026-06-12
119514,INF209K01WH6,,Aditya Birla Sun Life Infrastructure Fund - Growth - Direct Plan,113.84,2026-06-12
119517,INF209K01WS3,,Aditya Birla Sun Life International Equity Fund - Growth - Direct Plan,56.4319,2026-06-12
119523,INF209K01XU7,,Aditya Birla Sun Life Low duration Fund - Growth - Direct Plan,771.0593,2026-06-12
119526,INF209K01VP1,,Aditya Birla Sun Life Arbitrage Fund - Growth - Direct Plan,30.3881,2026-06-12
119528,INF209K01YY7,,Aditya Birla Sun Life Large Cap Fund - Growth - Direct Plan,554.06,2026-06-12
119533,INF209K01S38,,Aditya Birla Sun Life Corporate Bond Fund - Growth - Direct Plan,120.1316,2026-06-12
119539,INF209K01XA9,,Aditya Birla Sun Life Medium Term Plan - Growth - Direct Plan,47.1374,2026-06-12
119544,INF209K01UN8,,Aditya Birla Sun Life ELSS Tax Saver Fund - Growth - Direct Plan,67.19,2026-06-12
119549,INF903J01NN3,,Sundaram Value Fund Direct Plan - Growth,219.5818,2026-06-12
119550,INF209K01YN0,,Aditya Birla Sun Life Banking & PSU Debt Fund- Direct Plan-Growth,399.1338,2026-06-12
119556,INF209K01WN4,,Aditya Birla Sun Life Small Cap Fund - Growth - Direct Plan,104.818,2026-06-12
119564,INF209K01WE3,,Aditya Birla Sun Life Focused Fund - Growth - Direct Plan,158.868,2026-06-12
119566,INF903J01PR9,,Sundaram Large and Midcap Fund Direct Plan - Growth,95.6626,2026-06-12
119568,INF209K01VA3,,Aditya Birla Sun Life Liquid Fund - Growth - Direct Plan,451.5035,2026-06-12
119574,INF200K01QU0,,SBI Arbitrage Opportunities Fund - Direct Plan - Gr,38.1157,2026-06-12
119581,INF903J01MJ3,,Sundaram Mid Cap Fund Direct Plan - Growth,1567.386,2026-06-12
119589,INF903J01NK9,,Sundaram Small Cap Fund Direct Plan - Growth,308.41,2026-06-12
119591,INF209K01WC7,,Aditya Birla Sun Life Consumption Fund - Growth - Direct Plan,226.66,2026-06-12
119595,INF903J01NH5,,Sundaram Consumption Fund (Formerly Known as Sundaram Rural and Consumption Fund Direct Plan - Growth),96.3323,2026-06-12
119597,INF903J01NB8,,Sundaram Financial Services Opportunities Fund Direct Plan - Growth,120.292,2026-06-12
119598,INF200K01QX4,,SBI Large Cap FUND-DIRECT PLAN -GROWTH,102.1121,2026-06-12
119602,INF903J01OB6,,Sundaram Global Brand Theme-Equity Active FOF - Direct Growth,47.0478,2026-06-12
119605,INF209K01XP7,,Aditya Birla Sun Life Government Securities Fund - Growth - Direct Plan,86.9838,2026-06-12
119609,INF200K01RY0,,SBI EQUITY HYBRID FUND - DIRECT PLAN - Growth,340.8154,2026-06-12
119620,INF209K01Q30,,Aditya Birla Sun Life Midcap Fund - Growth - Direct Plan,906.28,2026-06-12
119621,INF903J01NR4,,Sundaram Corporate Bond Fund Direct Plan - Growth,43.5612,2026-06-12
119625,INF903J01PA5,,Sundaram Banking & PSU Fund (Formerly Known as Sundaram Banking and PSU Debt Fund) Direct Plan - Growth,45.8716,2026-06-12
119635,INF903J01OP6,,Sundaram Conservative Hybrid Fund (Formerly Known as Sundaram Debt Oriented Hybrid Fund) Direct Plan - Growth,32.3881,2026-06-12
119646,INF209K01VT3,,Aditya Birla Sun Life MNC Fund - Growth - Direct Plan,1403.04,2026-06-12
119648,INF209K01VY3,,Aditya Birla Sun Life Nifty 50 Index Fund - Growth - Direct Plan,245.6355,2026-06-12
119657,INF209K01WY1,,Aditya Birla Sun Life Income Fund - Growth - Direct Plan,138.5589,2026-06-12
119659,INF209K01WQ7,,Aditya Birla Sun Life Value Fund - Growth - Direct Plan,148.2535,2026-06-12
119671,INF200K01RD4,,SBI Dynamic Bond Fund - DIRECT PLAN - Growth,40.8362,2026-06-12
119675,INF903J01PO6,,Sundaram Medium Duration Fund (Formerly Known as Sundaram Medium Term Bond Fund) Direct Plan - Growth,79.9843,2026-06-12
119700,INF200K01RS2,,SBI INFRASTRUCTURE FUND -  DIRECT PLAN - GROWTH,54.0845,2026-06-12
119705,INF200K01SB6,,SBI COMMA Fund - DIRECT PLAN - Growth,124.3764,2026-06-12
119707,INF200K01SH3,,SBI GILT FUND - DIRECT PLAN - GROWTH,71.9166,2026-06-12
119709,INF200K01SE0,,SBI ESG Exclusionary Strategy Fund - Direct Plan -Growth,255.5004,2026-06-12
119711,INF200K01SN1,,SBI MNC FUND - DIRECT PLAN -GROWTH,417.0039,2026-06-12
119712,INF200K01SO9,,SBI Medium to Long Duration Fund-DIRECT PLAN - Bonus,47.9697,2026-06-12
119714,INF200K01SR2,,SBI Medium to Long Duration Fund-DIRECT PLAN -Growth,79.1021,2026-06-12
119716,INF200K01TP4,,SBI MIDCAP FUND - DIRECT PLAN - GROWTH,260.7188,2026-06-12
119718,INF200K01UG1,,SBI Flexicap Fund - DIRECT PLAN - Growth Option,117.9235,2026-06-12
119719,INF200K01QR6,,SBI Children's Fund - Savings Plan - DIRECT PLAN - GROWTH,125.4888,2026-06-12
119721,INF200K01UJ5,,SBI LARGE & MIDCAP FUND -DIRECT PLAN -Growth,687.7642,2026-06-12
119723,INF200K01UM9,,SBI ELSS Tax Saver FUND - DIRECT PLAN -GROWTH,462.203,2026-06-12
119727,INF200K01RJ1,,SBI FOCUSED FUND - DIRECT PLAN -GROWTH,428.8589,2026-06-12
119732,INF200K01UY4,,SBI PSU Fund - DIRECT PLAN - GROWTH,38.4603,2026-06-12
119735,INF174K01JC0,,Kotak Bond Fund - Growth - Direct,89.2352,2026-06-12
119739,INF174K01JI7,,Kotak Bond Short Term Plan-(Growth) - Direct,60.4591,2026-06-12
119740,INF174K01MG5,,Kotak Credit Risk Fund - Direct Plan - Standard Income Distribution cum capital withdrawal option,26.6548,2026-06-12
119741,INF174K01LZ7,,Kotak Credit Risk Fund - Growth - Direct,35.4879,2026-06-12
119746,INF174K01MW2,,Kotak Money Market Fund - (Growth) - Direct,4806.3893,2026-06-12
119747,INF174K019O8,INF174K01MX0,Kotak Money Market Fund - (Monthly Payout of Income Distribution cum capital withdrawal option) - Direct,1278.2657,2026-06-12
119750,INF174K01JP2,,Kotak Savings Fund-Growth - Direct,47.6261,2026-06-12
119751,INF174K01JQ0,,Kotak Savings Fund-Monthly Payout of Income Distribution cum capital withdrawal option - Direct,20.5345,2026-06-12
119753,INF174K01JX6,,Kotak Dynamic Bond Fund - Direct Plan - Standard Income Distribution cum capital withdrawal option,14.9476,2026-06-12
119755,INF174K01JU2,,Kotak Dynamic Bond Fund - Growth - Direct,42.5911,2026-06-12
119757,INF174K01KM7,,Kotak Gilt-Investment  Provident Fund and Trust-Growth - Direct,112.1868,2026-06-12
119758,INF174K01KF1,,Kotak Gilt-Investment Regular-Payout of Income Distribution cum capital withdrawal option - Direct,24.1028,2026-06-12
119759,INF174K01KE4,,Kotak Gilt-Investment Regular-Growth - Direct,109.5324,2026-06-12
119764,,INF174K01NH1,Kotak Liquid Fund - Direct Plan - Daily Reinvestment of Income Distribution cum capital withdrawal option,1222.81,2026-06-12
119766,INF174K01NE8,,Kotak Liquid Fund - Direct Plan - Growth,5645.3314,2026-06-12
119769,INF174K01KZ9,,Kotak Contra Fund - Direct Plan - Growth,177.409,2026-06-12
119771,INF174K01LC6,,Kotak Arbitrage Fund - Direct Plan - Growth,42.5006,2026-06-12
119772,INF174K01LJ1,,Kotak ELSS Tax Saver Fund-Payout of Income Distribution cum capital withdrawal option - Direct,55.425,2026-06-12
119773,INF174K01LI3,,Kotak ELSS Tax Saver Fund-Growth - Direct,132.313,2026-06-12
119775,INF174K01LT0,,Kotak Midcap Fund - Direct Plan - Growth,163.466,2026-06-12
119776,INF174K01LO1,INF174K01LP8,Kotak Multi Asset Omni FOF - Direct Payout of Income Distribution cum capital withdrawal option,267.635,2026-06-12
119777,INF174K01LN3,,Kotak Multi Asset Omni FOF - Direct Growth - Direct,272.539,2026-06-12
119778,INF174K01LX2,INF174K01LY0,Kotak Global Emerging Market Overseas Equity Omni FOF - Payout of Income Distribution cum capital withdrawal option - Direct,44.196,2026-06-12
119779,INF174K01LW4,,Kotak Global Emerging Market overseas Equity Omni FOF - Growth - Direct,44.011,2026-06-12
119780,INF174K01MQ4,INF174K01MR2,Kotak Gold Fund Payout of Income Distribution cum capital withdrawal option- Direct,59.4404,2026-06-12
119781,INF174K01MP6,,Kotak Gold Fund Growth - Direct,59.4409,2026-06-12
119783,INF200K01UP2,,SBI HEALTHCARE OPPORTUNITIES FUND - DIRECT PLAN -GROWTH,545.6258,2026-06-12
119788,INF200K01RP8,,SBI GOLD FUND- DIRECT PLAN - GROWTH,45.0392,2026-06-12
119798,INF200K01SV4,,SBI CREDIT RISK FUND - DIRECT PLAN -GROWTH,52.8231,2026-06-12
119800,INF200K01UT4,,SBI Liquid Fund - DIRECT PLAN -Growth,4367.9923,2026-06-12
119812,INF200K01VM7,,SBI LOW DURATION FUND - DIRECT PLAN - GROWTH,3840.6886,2026-06-12
119816,INF200K01VE4,,SBI SHORT TERM DEBT FUND - DIRECT PLAN -GROWTH,35.9642,2026-06-12
119821,INF200K01SZ5,,SBI  SAVINGS FUND - DIRECT PLAN - GROWTH,47.0905,2026-06-12
119824,INF200K01VB0,,SBI MEDIUM DURATION FUND - DIRECT PLAN - GROWTH,58.4918,2026-06-12
119827,INF200K01TE8,,SBI NIFTY INDEX FUND - DIRECT PLAN - GROWTH,219.9712,2026-06-12
119828,INF200K01TF5,,SBI ULTRA SHORT DURATION FUND - DIRECT PLAN - GROWTH,6439.6759,2026-06-12
119833,INF200K01TK5,,SBI OVERNIGHT FUND - DIRECT PLAN - GROWTH,4423.9878,2026-06-12
119835,INF200K01RA0,,SBI CONTRA FUND - DIRECT PLAN - GROWTH,406.7163,2026-06-12
119839,INF200K01TS8,,SBI Conservative Hybrid Fund - Direct Plan - Growth,82.8851,2026-06-12
119843,INF200K01TZ3,,SBI MULTI ASSET ALLOCATION FUND - DIRECT PLAN - GROWTH,73.5675,2026-06-12
119861,INF277K01YE6,,Tata Liquid Fund- Direct Plan-Growth Option,4411.2649,2026-06-12
119863,INF277K01OK4,,Tata Treasury Advantage Fund - Direct Plan - Growth Option,4284.6906,2026-06-12
119949,INF277K01QR4,,Tata Short Term Bond Fund - Direct Plan - Growth Option,55.6885,2026-06-12
119953,INF277K01OX7,,Tata Gilt Securities Fund- Direct Plan - Growth Option,88.7511,2026-06-12
120030,INF336L01CM7,,HSBC Large Cap Fund - Direct Growth,511.2029,2026-06-12
120035,INF336L01BY4,,HSBC Brazil Fund - Growth Direct,11.1077,2026-06-12
120038,INF336L01CC8,,HSBC Liquid Fund -  Growth Direct,2784.1138,2026-06-12
120043,INF336L01CJ3,,HSBC Global Emerging Market Fund - Growth Direct,38.7849,2026-06-12
120046,INF336L01DH5,,HSBC Flexi Cap Fund - Direct Growth,247.0,2026-06-12
120059,INF336L01DE2,,HSBC Medium to Long Duration Fund - Direct Growth,48.2442,2026-06-12
120073,INF336L01DW4,,HSBC Conservative Hybrid Fund - Direct Growth,71.2195,2026-06-12
120084,INF663L01AD7,,PGIM India Dynamic Bond Fund - Direct Plan-Growth Option,3087.948,2026-06-12
120137,INF200K01SK7,,SBI CONSTANT MATURITY 10 YEAR GILT FUND - DIRECT PLAN - GROWTH,68.4641,2026-06-12
120152,INF174K01KW6,,Kotak Large Cap  Fund - Growth - Direct,637.88,2026-06-12
120153,INF174K01KY2,INF174K01KX4,Kotak Large Cap Fund - Payout of Income Distribution cum capital withdrawal option - Direct,84.362,2026-06-12
120154,INF174K01JZ1,,Kotak Debt Hybrid - Growth - Direct,68.6989,2026-06-12
120155,INF174K01KA2,INF174K01KB0,Kotak Debt Hybrid - Monthly Payout of Income Distribution cum capital withdrawal option - Direct,13.4178,2026-06-12
120158,INF174K01LF9,,Kotak Large & Midcap Fund - Direct- Growth,392.871,2026-06-12
120163,INF174K01KU0,INF174K01KV8,Kotak-Small Cap Fund - Payout of Income Distribution cum capital withdrawal option - Direct,133.273,2026-06-12
120164,INF174K01KT2,,Kotak-Small Cap Fund - Growth - Direct,303.423,2026-06-12
120165,INF174K01LQ6,INF174K01LR4,Kotak Flexicap Fund - Payout of Income Distribution cum capital withdrawal option- Direct,57.814,2026-06-12
120166,INF174K01LS2,,Kotak Flexicap Fund - Growth - Direct,94.667,2026-06-12
120186,INF109K01Z71,,ICICI Prudential US Bluechip Equity Fund - Direct Plan -  Growth,83.61,2026-06-12
120197,INF109K01Q49,,ICICI Prudential Liquid Fund - Direct Plan - Growth,413.4876,2026-06-12
120211,INF109K01R14,,ICICI Prudential Money Market Fund Option - Direct Plan -  Growth,407.1375,2026-06-12
120242,INF109K01W58,,ICICI Prudential Multi Sector Passive FOF - Direct Plan - Growth,173.7416,2026-06-12
120244,INF109K013J1,,ICICI Prudential Banking and Financial Services Fund - Direct Plan -  Growth,145.57,2026-06-12
120249,INF767K01DN1,,LIC MF Liquid Fund-Direct Plan-Growth,5072.7044,2026-06-12
120251,INF109K01Y07,,ICICI Prudential Equity & Debt Fund - Direct Plan - Growth,440.2,2026-06-12
120256,INF109K010A6,,ICICI Prudential Banking and PSU Debt Fund - Direct Plan -  Growth,35.9881,2026-06-12
120261,INF767K01ED0,,LIC MF Aggressive Hybrid Fund-Direct Plan-Growth,221.5473,2026-06-12
120264,INF767K01EG3,,LIC MF Flexi Cap Fund-Direct Plan-Growth,107.7418,2026-06-12
120267,INF767K01EJ7,,LIC MF Large Cap Fund-Direct Plan-Growth,59.4656,2026-06-12
120270,INF767K01EM1,,LIC MF ELSS Tax Saver-Direct Plan-Growth,163.5553,2026-06-12
120276,INF767K01EO7,,LIC MF Conservative Hybrid Fund-Direct Plan-Growth,92.7725,2026-06-12
120279,INF767K01EW0,,LIC MF Medium to Long Duration Fund-Direct Plan-Growth,80.9394,2026-06-12
120282,INF767K01EZ3,,LIC MF Gilt Fund-Direct Plan-Growth,65.6052,2026-06-12
120285,INF767K01FB1,,LIC MF Children's Fund-Direct Plan-Growth,36.3507,2026-06-12
120299,INF789F01XV6,,UTI MMF - Direct Plan - Growth Option,3308.5671,2026-06-12
120304,INF789F01XQ6,,UTI-  Liquid Cash Plan - Direct Plan - Growth Option,4581.9182,2026-06-12
120307,INF767K01FF2,,LIC MF Nifty 50 Index Fund-Direct Plan-Growth,141.036,2026-06-12
120308,INF767K01FJ4,,LIC MF BSE Sensex Index Fund-Direct Plan-Growth,151.8155,2026-06-12
120313,INF109K01W82,,ICICI Prudential Income plus Arbitrage Omni FOF - Direct Plan - Growth,70.8794,2026-06-12
120315,INF767K01FM8,,LIC MF Low Duration Fund-Direct Plan-Growth,45.4699,2026-06-12
120323,INF109K012K1,,ICICI Prudential Value Fund (erstwhile Value Discovery Fund) - Direct Plan - Growth,502.83,2026-06-12
120333,INF205K01LN5,,Invesco India Balanced Advantage Fund - Direct Plan - Growth,61.71,2026-06-12
120334,INF109K015K4,,ICICI Prudential Multi-Asset Fund - Direct Plan - Growth,878.7386,2026-06-12
120338,INF767K01GI4,,LIC MF Banking & PSU Fund-Direct Plan-Growth,39.4739,2026-06-12
120348,INF205K01LE4,,Invesco India Contra Fund - Direct Plan - Growth,152.52,2026-06-12
120351,INF767K01GW5,,LIC MF Infrastructure Fund-Direct Plan-Growth,61.3411,2026-06-12
120357,INF205K01MA0,,Invesco India Large & Mid Cap Fund - Direct Plan - Growth,121.35,2026-06-12
120364,INF109K016O4,,ICICI Prudential Arbitrage Fund - Direct Plan - Growth,38.9931,2026-06-12
120377,INF109K012B0,,ICICI Prudential Balanced Advantage Fund - Direct Plan -  Growth,84.72,2026-06-12
120381,INF109K011N7,,ICICI Prudential MidCap Fund - Direct Plan -  Growth,374.95,2026-06-12
120385,INF205K01KY4,,Invesco India Financial Services Fund - Direct Plan - Growth,172.97,2026-06-12
120389,INF846K01CX4,,Axis Liquid Fund - Direct Plan - Growth Option,3109.1779,2026-06-12
120392,INF205K01LB0,,Invesco India Largecap Fund - Direct Plan - Growth,83.06,2026-06-12
120395,INF205K01NG5,,Invesco India PSU Equity Fund - Direct Plan - Growth,77.49,2026-06-12
120398,INF109K01O82,,ICICI Prudential Savings Fund - Direct Plan - Growth,585.0414,2026-06-12
120401,INF205K01KR8,,Invesco India Arbitrage Fund - Direct Plan - Growth Option,36.6547,2026-06-12
120403,INF205K01MV6,,Invesco India Midcap Fund - Direct Plan - Growth Option,223.7,2026-06-12
120405,INF205K01MD4,,Invesco India Infrastructure Fund - Direct Plan - Growth Option,80.06,2026-06-12
120406,INF192K01CM6,,JM Liquid Fund (Direct) - Growth Option,76.2305,2026-06-12
120413,INF205K01MS2,,Invesco India Multicap Fund - Direct Plan - Growth Option,147.42,2026-06-12
120416,INF205K01NT8,,Invesco India ELSS Tax Saver Fund - Direct Plan - Growth,140.22,2026-06-12
120425,INF109K01P57,,ICICI Prudential Floating Interest Fund - Direct Plan - Growth,494.2286,2026-06-12
120430,INF192K01CW5,,JM Medium to Long Duration Fund (Direct) - Growth Option,71.6261,2026-06-12
120435,INF192K01DD3,,JM Dynamic Bond Fund - (Direct) - Growth Option,45.9813,2026-06-12
120438,INF846K01CR6,,Axis Banking & PSU Debt Fund - Direct Plan - Growth Option,2859.3114,2026-06-12
120444,INF205K01KT4,,Invesco India Banking and PSU Fund - Direct Plan -  Growth Option,2546.2022,2026-06-12
120447,INF846K01DD4,,Axis Gilt Fund - Direct Plan - Growth Option,28.0753,2026-06-12
120451,INF846K01DI3,,Axis Dynamic Bond Fund - Direct Plan - Growth Option,34.1558,2026-06-12
120465,INF846K01DP8,,Axis Large Cap Fund - Direct Plan - Growth,66.61,2026-06-12
120468,INF846K01CQ8,,Axis Focused Fund - Direct Plan - Growth Option,60.11,2026-06-12
120473,INF846K01DS2,,Axis Gold Fund - Direct Plan - Growth option,46.643,2026-06-12
120475,INF846K01DT0,,Axis Strategic Bond Fund - Direct Plan - Growth Option,32.7654,2026-06-12
120478,INF846K01EB6,INF846K01EC4,Axis Conservative Hybrid Fund - Direct Plan - Half Yearly,13.2727,2026-06-12
120479,INF846K01ED2,INF846K01EE0,Axis Conservative Hybrid Fund - Direct Plan - Quarterly,12.8463,2026-06-12
120480,INF846K01EA8,,Axis Conservative Hybrid Fund - Direct Plan - Growth Option,35.6567,2026-06-12
120482,INF192K01BN6,,JM Arbitrage Fund (Direct) - Growth Option,36.7958,2026-06-12
120484,INF192K01BQ9,,JM Aggressive Hybrid Fund (Direct) - Growth Option,131.2206,2026-06-12
120486,INF192K01BT3,,JM Value Fund (Direct) - Growth Option,103.5053,2026-06-12
120488,INF192K01BW7,,JM Focused Fund (Direct)  - Growth Option,22.4063,2026-06-12
120490,INF192K01BZ0,,JM Large Cap Fund (Direct) - Growth Option,170.8712,2026-06-12
120492,INF192K01CC7,,JM Flexicap Fund (Direct) - Growth Option,108.3559,2026-06-12
120494,INF192K01CE3,,JM ELSS Tax Saver Fund (Direct) - Growth Option,55.7544,2026-06-12
120497,INF205K01RF8,,Invesco India Corporate Bond Fund - Direct Plan - Growth,3577.244,2026-06-12
120503,INF846K01EW2,,Axis ELSS Tax Saver Fund - Direct Plan - Growth Option,105.2124,2026-06-12
120505,INF846K01EH3,,Axis Midcap Fund - Direct Plan - Growth,135.68,2026-06-12
120507,INF205K01RY9,,Invesco India Money Market Fund - Direct Plan - Growth,3337.8831,2026-06-12
120510,INF846K01EI1,,Axis Short Duration Fund - Direct Plan - Growth Option,35.7456,2026-06-12
120513,INF846K01EN1,,Axis Treasury Advantage Fund - Direct Plan - Growth Option,3441.9593,2026-06-12
120517,INF209K01ZC0,,Aditya Birla Sun Life Equity Hybrid'95 Fund - Direct Plan-Growth,1670.76,2026-06-12
120520,INF205K01SN0,,Invesco India Gilt Fund - Direct  Plan - Growth,3175.7726,2026-06-12
120524,INF846K01EV4,,Axis Multi Asset Allocation Fund - Direct Plan - Growth Option,50.9359,2026-06-12
120531,INF205K01NJ9,,Invesco India Gold ETF Fund of Fund - Direct Plan - Growth,42.9253,2026-06-12
120537,INF205K01MF9,,Invesco India Liquid Fund - Direct Plan - Growth,3834.8317,2026-06-12
120539,INF209K01VF2,,Aditya Birla Sun Life Digital India Fund - Growth - Direct Plan,160.7,2026-06-12
120541,INF205K01TH0,,Invesco India Ultra Short Duration Fund - Direct Plan - Growth,3054.6691,2026-06-12
120546,INF209K01YU5,,Aditya Birla Sun Life Gold Fund - Growth - Direct Plan,44.3767,2026-06-12
120560,INF205K01UH8,,Invesco India Short Duration Fund - Direct Plan - Growth,4146.4435,2026-06-12
120564,INF209K01XX1,,Aditya Birla Sun Life Flexi Cap Fund - Growth - Direct Plan,2072.32,2026-06-12
120570,INF205K01NY8,,Invesco India Low Duration Fund - Direct Plan - Growth,4170.0814,2026-06-12
120575,INF200K01RM5,,SBI CONSUMPTION OPPORTUNITIES FUND - DIRECT PLAN - GROWTH,320.3307,2026-06-12
120578,INF200K01RV6,,SBI TECHNOLOGY OPPORTUNITIES FUND - DIRECT PLAN - GROWTH,208.1454,2026-06-12
120579,INF109K01Y49,,ICICI Prudential Children's Fund - Direct Plan,357.95,2026-06-12
120586,INF109K016L0,,ICICI Prudential Large Cap Fund (erstwhile Bluechip Fund) - Direct Plan - Growth,116.65,2026-06-12
120587,INF109K01Z14,,ICICI Prudential FMCG Fund - Direct Plan -  Growth,458.94,2026-06-12
120590,INF109K018C5,,ICICI Prudential Gilt Fund - Direct Plan - Growth,114.8541,2026-06-12
120591,INF109K015M0,,ICICI Prudential Smallcap Fund - Direct Plan - Growth,97.16,2026-06-12
120592,INF109K01Y31,,ICICI Prudential ELSS Tax Saver Fund - Direct Plan - Growth,1004.66,2026-06-12
120594,INF109K01Z48,,ICICI Prudential Technology Fund - Direct Plan -  Growth,186.5,2026-06-12
120596,INF109K011O5,,ICICI Prudential Large & Mid Cap Fund - Direct Plan - Growth,1114.86,2026-06-12
120599,INF109K014O9,,ICICI Prudential Multicap Fund - Direct Plan -  Growth,929.54,2026-06-12
120603,INF109K016E5,,ICICI Prudential All Seasons Bond Fund - Direct Plan - Growth,41.8688,2026-06-12
120616,INF109K01S39,,ICICI Prudential Regular Savings Fund - Direct Plan - Growth,86.4896,2026-06-12
120619,INF109K01V83,,ICICI Prudential Bond Fund - Direct Plan - Growth,44.2401,2026-06-12
120620,INF109K012M7,,ICICI Prudential Nifty 50 Index Fund - Direct Plan Cumulative Option,248.8413,2026-06-12
120621,INF109K018M4,,ICICI Prudential Infrastructure Fund - Direct Plan -  Growth,216.05,2026-06-12
120656,INF789F01US8,,UTI Large Cap Fund - Direct Plan - Growth Option,282.8455,2026-06-12
120662,INF789F01TC4,,UTI - Flexi Cap Fund-Growth Option - Direct,320.9393,2026-06-12
120665,INF789F01UG3,,UTI Large & Mid Cap Fund - Direct Plan - Growth Option,192.553,2026-06-12
120670,INF109K015A5,,ICICI Prudential Medium Term Bond Fund - Direct Plan - Growth,52.6859,2026-06-12
120674,INF789F01SK9,,UTI Aggressive Hybrid Fund -Direct Plan - Growth,427.7154,2026-06-12
120676,INF109K01T04,,ICICI Prudential Ultra Short Term Fund - Direct Plan -  Growth,31.8226,2026-06-12
120679,INF109K01X16,,ICICI Prudential Dynamic Asset Allocation Active FOF - Direct Plan - Growth,135.7172,2026-06-12
120682,INF789F01UD0,,UTI - MNC Fund - Growth Option - Direct,429.6881,2026-06-12
120684,INF109K01Y80,,ICICI Prudential Nifty Next 50 Index Fund - Direct Plan -  Growth,65.0598,2026-06-12
120685,INF109K01U92,,ICICI Prudential Gold ETF FOF - Direct Plan - Growth,47.165,2026-06-12
120688,INF109K01W25,,ICICI Prudential Exports & Services Fund - Direct Plan - Growth,178.18,2026-06-12
120689,INF789F01SQ6,,UTI Medium to Long Duration Fund-Growth - Direct,82.2409,2026-06-12
120692,INF109K016B1,,ICICI Prudential Corporate Bond Fund - Direct Plan - Growth,33.0523,2026-06-12
120700,INF109K01X40,,ICICI Prudential Aggressive Hybrid Active FOF - Direct Plan - Growth,235.3684,2026-06-12
120702,INF109K01X73,,ICICI Prudential Diversified Debt Strategy Active FOF  - Direct Plan - Growth,49.0834,2026-06-12
120705,INF209K01XH4,,Aditya Birla Sun Life Regular Savings Fund - Growth / Payment - Direct Plan,77.9072,2026-06-12
120711,INF109K01V00,,ICICI Prudential Credit Risk Fund - Direct Plan - Growth,37.8074,2026-06-12
120715,INF789F01TF7,,UTI ELSS Tax Saver Fund - Direct Plan - Growth Option,220.8598,2026-06-12
120716,INF789F01XA0,,UTI Nifty 50 Index Fund - Growth Option- Direct,165.5212,2026-06-12
120718,INF789F01XY0,,UTI Short Duration Fund - Direct Plan - Growth Option,35.558,2026-06-12
120722,INF109K018N2,,ICICI Prudential Focused Equity Fund - Direct Plan - Growth,104.46,2026-06-12
120724,INF789F1AZV0,,UTI Children's Equity Fund - Direct Plan - Growth Option,88.3481,2026-06-12
120726,INF789F01UA6,,UTI Mid Cap Fund-Growth Option- Direct,334.0796,2026-06-12
120728,INF789F01TU6,,UTI Infrastructure Fund-Growth Option- Direct,148.929,2026-06-12
120731,INF789F01SH5,,UTI-Transportation and Logistics  Fund-Growth Option- Direct,316.7467,2026-06-12
120733,INF789F01SN3,,UTI Banking and Financial Services Fund - Direct Plan - Growth Option,218.3325,2026-06-12
120735,INF789F01XI3,,UTI Low Duration Fund - Direct Plan - Growth Option,3817.4607,2026-06-12
120743,INF109K017L8,,ICICI Prudential Long Term Bond Fund - Direct Plan - Growth,99.5535,2026-06-12
120746,INF789F01TI1,,UTI Ultra Short Duration Fund - Direct Plan - Growth Option,4824.4645,2026-06-12
120751,INF789F01VB2,,UTI Value Fund - Direct Plan - Growth Option,176.982,2026-06-12
120754,INF109K013N3,,ICICI Prudential Short Term Fund - Direct Plan - Growth Option,69.661,2026-06-12
120760,INF789F01VE6,,UTI Multi Asset Allocation Fund - Direct Plan - Growth Option,86.5069,2026-06-12
120762,INF789F01XD4,,UTI Dynamic Bond Fund - Direct Plan - Growth Option,35.1789,2026-06-12
120764,INF789F01YB6,,UTI Credit Risk Fund - Direct Plan - Growth Option,20.5045,2026-06-12
120766,INF789F1AA64,,UTI Retirement Fund- Direct Plan,53.8129,2026-06-12
120771,INF789F1AZR8,,UTI Children's Hybrid Fund - Direct Plan,40.7324,2026-06-12
120779,INF789F01UJ7,,UTI Conservative Hybrid Fund - Direct Plan - Growth Option,75.9053,2026-06-12
120780,INF789F01VF3,,UTI India Consumer Fund - Direct Plan - Growth Option,58.9766,2026-06-12
120782,INF789F01TO9,,UTI Healthcare Fund - Direct Plan - Growth Option,355.9597,2026-06-12
120784,,,UTI - Unit Linked Insurance Plan- Direct,44.7844,2026-06-12
120785,INF789FB1S71,,UTI - Overnight Fund - Direct Plan - Growth Option,3724.4706,2026-06-12
120790,INF789F01UM1,,UTI Conservative Hybrid Fund - Direct Plan - Monthly Payment Option,74.6682,2026-06-12
120792,INF789F01TL5,,UTI - GILT FUND - Direct Plan - Growth Option,67.6792,2026-06-12
120795,INF789FB1RG6,,UTI Arbitrage Fund - Direct Plan - Growth Option,39.5464,2026-06-12
120819,INF966L01556,,quant Aggressive Hybrid Fund-Growth Option-Direct Plan,505.1313,2026-06-12
120821,INF966L01580,,quant Multi Asset Allocation Fund-GROWTH OPTION-Direct Plan,180.0446,2026-06-12
120823,INF966L01614,,quant Multi Cap Fund-GROWTH OPTION-Direct Plan,703.2214,2026-06-12
120826,INF966L01648,,quant Large & Mid Cap Fund - Growth Option-Direct Plan,133.7591,2026-06-12
120828,INF966L01689,,quant Small Cap Fund - Growth Option - Direct Plan,295.6496,2026-06-12
120833,INF966L01721,,quant Infrastructure Fund - Growth Option-Direct Plan,45.1906,2026-06-12
120834,INF966L01853,,quant Focused Fund - Growth Option-Direct Plan,100.1123,2026-06-12
120837,INF966L01820,,quant Liquid Fund - Growth Option - Direct Plan,44.7939,2026-06-12
120841,INF966L01887,,quant Mid Cap Fund - Growth Option - Direct Plan,244.7205,2026-06-12
120843,INF966L01911,,quant Flexi Cap Fund - Growth Option-Direct Plan,119.2403,2026-06-12
120847,INF966L01986,,quant ELSS Tax Saver Fund - Growth Option - Direct Plan,442.6797,2026-06-12
121279,INF194K015G8,,Bandhan Banking and PSU Fund - Direct Growth,26.7226,2026-06-12
122389,INF247L01189,,Motilal Oswal Focused Fund - Direct Plan Growth Option,55.0513,2026-06-12
122639,INF879O01027,,Parag Parikh Flexi Cap Fund - Direct Plan - Growth,89.2945,2026-06-12
122646,INF209K01UX7,,Aditya Birla Sun Life Floating Rate Fund-Direct Plan-Growth,378.9236,2026-06-12
122715,INF579M01266,,360 ONE Dynamic Bond Fund Direct Plan Growth,25.1469,2026-06-12
123646,INF789F01VW8,,UTI Annual Interval Fund - I - Direct Plan - Growth Option,36.5297,2026-06-12
123654,INF109KA1CE0,,ICICI Prudential Global Stable Equity Fund (FOF) - Direct - Growth,34.76,2026-06-12
123692,INF174K01KK1,INF174K01KL9,Kotak Banking and PSU Debt Direct - Monthly Payout of Income Distribution cum capital withdrawal option,10.3611,2026-06-12
123693,INF174K01KH7,,Kotak Banking and PSU Debt Direct - Growth,71.9322,2026-06-12
123704,INF666M01AC0,,Groww Short Term Fund (formerly known as Indiabulls Short Term Fund) - Direct Plan - Growth Option,2518.4503,2026-06-12
123705,INF666M01AG1,INF666M01AD8,Groww Short Term Fund (formerly known as Indiabulls Short Term Fund)- Direct Plan- Weekly - Income Distribution cum capital withdrawal Option (Payout & Reinvestment),1023.4832,2026-06-12
123706,INF666M01AH9,INF666M01AE6,Groww Short Term Fund (formerly known as Indiabulls Short Term Fund)- Direct Plan- Fortnightly - Income Distribution cum capital withdrawal Option (Payout & Reinvestment),1019.8557,2026-06-12
123707,INF666M01AI7,INF666M01AF3,Groww Short Term Fund (formerly known as Indiabulls Short Term Fund)- Direct Plan- Monthly - Income Distribution cum capital withdrawal Option (Payout & Reinvestment),1028.2672,2026-06-12
124175,INF740K01ZW2,,DSP Banking & PSU Debt Fund - Direct Plan - Growth,25.9916,2026-06-12
124234,INF247L01247,,Motilal Oswal Ultra Short Term Fund (MOFUSTF) -Direct Plan- Growth,18.4317,2026-06-12
125307,INF663L01DV3,,PGIM India Midcap Fund - Direct Plan - Growth Option,73.57,2026-06-12
125345,INF579M01621,,360 ONE LIQUID FUND DIRECT PLAN  GROWTH,2139.826,2026-06-12
125354,INF846K01K35,,Axis Small Cap Fund - Direct Plan - Growth,125.19,2026-06-12
125497,INF200K01T51,,SBI Small Cap Fund - Direct Plan - Growth,196.5577,2026-06-12
125503,INF200K01V08,,SBI BANKING & PSU FUND - Direct Plan - Growth,3477.9014,2026-06-12
125597,INF209K014W1,,Aditya Birla Sun Life Banking and Financial Services Fund - Direct Plan - Growth,69.27,2026-06-12
125711,INF680P01042,,Shriram Aggressive Hybrid Fund- Direct Growth,36.1672,2026-06-12
126353,INF205K01A24,,Invesco India - Invesco Pan European Equity Fund of Fund - Direct Plan - Growth Option,28.3417,2026-06-12
126389,INF761K01CS5,,BANK OF INDIA Ultra Short Duration Fund- Direct Plan-Bonus,3449.6816,2026-06-12
126393,INF740K01K81,,DSP Dynamic Asset Allocation Fund - Direct Plan - Growth,32.693,2026-06-12
126685,INF760K01HB2,,CANARA ROBECO CORPORATE BOND FUND - DIRECT PLAN - GROWTH OPTION,24.3491,2026-06-12
126940,INF789F015Z6,,UTI Banking & PSU Fund - Direct Plan - Growth Option,23.5604,2026-06-12
127042,INF247L01445,,Motilal Oswal Midcap Fund-Direct Plan-Growth Option,104.5676,2026-06-12
127850,INF761K01BO6,,BANK OF INDIA BALANCED ADVANTAGE FUND DIRECT PLAN  GROWTH,27.9942,2026-06-12
128006,INF174K01VQ5,,Kotak Medium Term Fund - Direct Growth,27.0246,2026-06-12
128051,INF179KA1FZ3,,HDFC Credit Risk Debt Fund - Growth Option - Direct Plan,27.741,2026-06-12
128079,INF174K01VS1,INF174K01VU7,Kotak Medium Term Fund - Direct - Standard Income Distribution cum capital withdrawal option,27.027,2026-06-12
128629,INF179KA1IZ7,,HDFC Banking and PSU Debt Fund - Growth Option - Direct Plan,25.1906,2026-06-12
129008,INF090I01KR8,,Franklin India Banking & PSU Debt Fund - Direct - Growth,24.8263,2026-06-12
129046,INF247L01502,,Motilal Oswal Flexi cap Fund Direct Plan-Growth Option,62.6305,2026-06-12
129052,INF179KA1KT6,,HDFC ARBITRAGE FUND -Direct Plan - Growth Option,21.388,2026-06-12
129188,INF205K01B49,,Invesco India - Invesco Global Equity Income Fund of Fund - Direct Plan - Growth,41.1653,2026-06-12
129193,INF336L01IJ0,,HSBC Multi Asset Active FOF - Growth Direct,43.0947,2026-06-12
129197,INF336L01IP7,,HSBC Income Plus Arbitrage Active FOF - Growth Direct,23.8455,2026-06-12
129200,INF336L01ID3,,HSBC Aggressive Hybrid Active FOF - Growth Direct,43.6105,2026-06-12
129212,INF903J01F92,,Sundaram Infrastructure Advantage Fund Direct Plan - Growth,108.3013,2026-06-12
129649,INF582M01BU9,,Union Small Cap Fund - Direct Plan - Growth Option,60.38,2026-06-12
130050,INF204KA1QF1,,Nippon India Medium Duration Fund - Direct Plan - Growth Option,18.0905,2026-06-12
130052,INF204KA1QG9,,Nippon India Medium Duration Fund - Direct Plan - Bonus Option,18.0938,2026-06-12
130206,INF754K01EA4,,Edelweiss Arbitrage Fund- Direct Plan- Growth Option,22.0659,2026-06-12
130314,INF846K01PJ5,,Axis Credit Risk Fund - Direct Plan - Growth,25.8366,2026-06-12
130493,INF740K01Z50,,DSP Income Plus Arbitrage Omni FoF - Direct Plan - Growth,23.5694,2026-06-12
130498,INF179KA1RQ7,,HDFC Large and Mid Cap Fund - Growth Option - Direct Plan,351.962,2026-06-12
130503,INF179KA1RW5,,HDFC Small Cap Fund - Growth Option - Direct Plan,153.558,2026-06-12
130543,INF179KA1SC5,,HDFC Income Plus Arbitrage Active FOF - Growth Option - Direct Plan,45.0782,2026-06-12
130604,INF192K01GL9,,JM Arbitrage Fund (Direct) - Bonus Option - Principal Units,19.6912,2026-06-12
130722,INF205K01I83,,Invesco India Credit Risk Fund - Direct Plan - Growth,2310.8688,2026-06-12
130773,INF846K01PZ1,,Axis Arbitrage Fund - Direct Plan - Growth,21.5405,2026-06-12
130787,INF205K01P68,,Invesco India Arbitrage Fund - Direct Plan - Annual Bonus,36.6402,2026-06-12
130860,INF204KA1SI1,,Nippon India Japan Equity Fund- Direct Plan- Growth Plan- Growth Option,30.263,2026-06-12
130861,INF204KA1SK7,,Nippon India Japan Equity Fund- Direct Plan- Growth Plan- Bonus Option,30.263,2026-06-12
130904,INF192K01HB8,,JM Aggressive Hybrid Fund (Direct) - Annual Bonus Option,131.4354,2026-06-12
131061,INF109KA1O37,,ICICI Prudential Constant Maturity Gilt Fund - Direct Plan - Growth,26.2285,2026-06-12
131301,INF740K019I5,,DSP 10Y G-Sec Fund - Direct Plan - Growth,22.8399,2026-06-12
131355,INF194KA1UH1,,BANDHAN Balanced Advantage Fund Direct Plan Growth,28.743,2026-06-12
131373,INF174K01D28,,Kotak Equity Savings Fund - Direct - Growth,29.9235,2026-06-12
131375,INF174K01D36,INF174K01D51,Kotak Equity Savings Fund - Direct - Monthly Payout of Income Distribution cum capital withdrawal option,21.4822,2026-06-12
131580,INF579M01902,,360 ONE Focused Fund-Direct Plan-Growth,52.7036,2026-06-12
131670,INF084M01DJ5,,Aditya Birla Sun Life Balanced Advantage Fund - Direct Plan - Growth Option,124.91,2026-06-12
131865,INF084M01DM9,,Aditya Birla Sun Life Multi Asset Omni FoF- Direct Plan - Growth Option,38.9564,2026-06-12
131898,INF084M01DP2,,Aditya Birla Sun Life Income Plus Arbitrage Active FOF- Direct Plan - Growth Option,41.5911,2026-06-12
132009,INF084M01EH7,,Aditya Birla Sun Life Global Excellence Equity Fund Of Fund - Retail Plan - Direct Plan - Growth Option,46.3317,2026-06-12
132140,INF084M01EB0,,Aditya Birla Sun Life Global Emerging Opportunities Fund - Direct plan - Growth Option,35.5888,2026-06-12
132183,INF084M01EQ8,,Aditya Birla Sun Life Conservative Hybrid Active FOF- Direct Plan - Growth Option,37.2754,2026-06-12
132185,INF084M01ET2,,Aditya Birla Sun Life Aggressive Hybrid Omni FOF- Direct Plan - Growth Option,45.4384,2026-06-12
132186,INF084M01EW6,,Aditya Birla Sun Life Dynamic Asset Allocation Omni FOF- Direct Plan - Growth Option,59.9756,2026-06-12
132756,INF277K01I86,,Tata ELSS Fund-Growth-Direct Plan,51.8373,2026-06-12
132989,INF090I01LH7,,Franklin India Income Plus Arbitrage Active Fund of Funds- Growth Plan - Direct,24.9638,2026-06-12
132995,INF209KA1TP9,,Aditya Birla Sun Life Equity Savings Fund - Direct Plan - Growth,25.49,2026-06-12
133035,INF174K01F00,,Kotak Aggressive Hybrid Fund - Direct Plan -Growth,74.773,2026-06-12
133054,INF109KA11J9,,ICICI Prudential Equity Savings Fund - Direct Plan - Cumulative option,24.76,2026-06-12
133265,INF204KA1YV2,,Nippon India Gilt  Fund- Direct Plan- Growth Plan- Bonus Option,24.3738,2026-06-12
133386,INF247L01569,,Motilal Oswal ELSS Tax Saver Fund - Direct Plan - Growth Option,62.3791,2026-06-12
133395,INF192K01GX4,,JM Arbitrage Fund (Direct) - Annual Bonus Option - Principal Units,18.8997,2026-06-12
133488,INF955L01FR6,,Baroda BNP Paribas Credit Risk Fund -Direct-Growth Option,26.0982,2026-06-12
133516,INF209KA1YK0,,Aditya Birla Sun Life Manufacturing Equity Fund - Direct Plan - Growth,39.76,2026-06-12
133568,INF204KA1B72,,Nippon India Retirement Fund- Wealth Creation Scheme- Direct Plan- Growth Plan - Growth Option,31.5452,2026-06-12
133569,INF204KA1C30,,Nippon India Retirement Fund- Income Generation Scheme- Direct Plan- Growth Plan - Growth Option,22.9448,2026-06-12
133629,INF204KA1C55,,Nippon India Retirement Fund- Income Generation Scheme- Direct Plan-Growth Plan- Bonus Option,22.9448,2026-06-12
133630,INF204KA1B98,,Nippon India Retirement Fund- Wealth Creation Scheme- Direct Plan-Growth Plan- Bonus Option,31.5452,2026-06-12
133710,INF767K01NE9,,LIC MF Large & Mid Cap Fund-Direct Plan-Growth,42.9603,2026-06-12
133791,INF178L01BY0,,Kotak Corporate Bond Fund- Direct Plan- Growth Option,4147.544,2026-06-12
133792,INF178L01BZ7,,Kotak Corporate Bond Fund- Direct Plan- Monthly Payout of Income Distribution cum capital withdrawal option,1082.3465,2026-06-12
133800,INF178L01AK1,INF178L01AJ3,Kotak Infrastructure & Economic Reform Fund- Direct Plan- Payout of Income Distribution cum capital withdrawal option,78.927,2026-06-12
133801,INF178L01AL9,,Kotak Infrastructure & Economic Reform Fund- Direct Plan- Growth Option,79.84,2026-06-12
133810,INF178L01AX4,,Kotak Low Duration Fund- Direct Plan- Growth Option,3868.5234,2026-06-12
133812,INF178L01AZ9,INF178L01AY2,Kotak Low Duration Fund - Direct Plan- Standard Income Distribution cum capital withdrawal option,1541.2827,2026-06-12
133839,INF663L01FF1,,PGIM India Flexi Cap Fund - Direct Plan - Growth Option,41.55,2026-06-12
133859,INF200KA1507,,SBI BANKING & FINANCIAL SERVICES FUND - DIRECT PLAN - GROWTH,48.3534,2026-06-12
133868,INF761K01DG8,,BANK OF INDIA Credit Risk  Fund - Direct Plan,14.626,2026-06-12
133925,INF740K013Q1,,DSP Low Duration Fund - Direct Plan - Growth,21.6594,2026-06-12
134017,INF767K01NK6,,LIC MF Banking and Financial Services Fund-Direct Plan-Growth,23.7563,2026-06-12
134387,INF209KA1K88,,Aditya Birla Sun Life Credit Risk Fund - Direct Plan - Growth,27.4786,2026-06-12
134388,INF209KA1L12,,Aditya Birla Sun Life Credit Risk Fund - Direct Plan - Bonus,27.4774,2026-06-12
134494,INF082J01176,,Quantum Dynamic Bond Fund - Direct Plan Growth Option,22.5123,2026-06-12
134503,INF789FB1KE6,,UTI Medium Duration Fund - Direct Plan - Growth Option,20.4856,2026-06-12
134547,INF204KA1U53,,Nippon India Banking and PSU  Fund- Direct Plan-Growth Plan- Growth Option,22.6254,2026-06-12
134552,INF204KA1U61,,Nippon India Banking and PSU Fund- Direct Plan-Growth Plan- Bonus Option,22.6248,2026-06-12
134594,INF204KA1W77,,Nippon India Equity Savings Fund- Direct Plan- Growth Plan-Growth Option,18.0982,2026-06-12
134595,INF204KA1W85,,Nippon India Equity Savings Fund- Direct Plan- Growth Plan- Bonus Option,18.0982,2026-06-12
134643,INF200KA1DF3,,SBI Equity Savings Fund - Direct Plan - Growth,27.1046,2026-06-12
134813,INF769K01DH9,,Mirae Asset Aggressive Hybrid Fund - Direct Plan - Growth,38.286,2026-06-12
134923,INF204KA15G5,,Nippon India US Equity Opportunities Fund- Direct Plan- Growth Plan- Growth Option,44.4311,2026-06-12
135120,INF846K01VJ3,,Axis Equity Savings Fund - Direct Plan - Growth,25.81,2026-06-12
135341,INF666M01BE4,,Groww Value Fund (formerly known as Indiabulls Value Fund) - Direct Plan - Growth Option,32.1521,2026-06-12
135342,INF666M01BF1,INF666M01BG9,Groww Value Fund (formerly known as Indiabulls Value Fund)- Direct Plan- - Income Distribution cum capital withdrawal Option (Payout & Reinvestment),32.0324,2026-06-12
135500,INF174K01Z14,INF174K01Z22,Kotak Bond Short Term Plan - Direct - Standard Income Distribution cum capital withdrawal option,16.043,2026-06-12
135601,INF663L01FN5,,PGIM India ELSS Tax Saver Fund - Direct Plan - Growth Option,38.25,2026-06-12
135677,INF959L01CH6,,Navi Large & Midcap Fund- Direct Plan- Growth Option,42.7725,2026-06-12
135762,INF846K01WO1,,Axis Children's Fund - Lock in - Direct Growth,29.1494,2026-06-12
135764,INF846K01WR4,,Axis Children's Fund - No Lock in - Direct Growth,29.7069,2026-06-12
135781,INF769K01DM9,,Mirae Asset ELSS Tax Saver Fund - Direct Plan - Growth,55.418,2026-06-12
135789,INF277K01Z28,,TATA Banking & Financial Services Fund Direct Plan - Payout of Income Distribution cum capital withdrawal option,48.5004,2026-06-12
135792,,INF277K01Z36,TATA Banking & Financial Services Fund Direct Plan - Reinvestment of Income Distribution cum capital withdrawal option,48.5004,2026-06-12
135793,INF277K01Z10,,Tata Banking And Financial Services Fund-Direct Plan-Growth,50.0687,2026-06-12
135795,INF277K01Z85,,TATA Digital India Fund Direct Plan - Payout of Income Distribution cum capital withdrawal option,43.4958,2026-06-12
135798,,INF277K01Z93,TATA Digital India Fund Direct Plan - Reinvestment of Income Distribution cum capital withdrawal option,43.4958,2026-06-12
135800,INF277K01Z77,,Tata Digital India Fund-Direct Plan-Growth,45.0044,2026-06-12
135801,,INF277K015A1,TATA India Consumer Fund Direct Plan - Reinvestment of Income Distribution cum capital withdrawal option,49.5695,2026-06-12
135805,INF277K013A6,,Tata India Consumer Fund-Direct Plan-Growth,51.1474,2026-06-12
135806,INF277K014A4,,TATA India Consumer Fund Direct Plan - Payout of Income Distribution cum capital withdrawal option,49.5695,2026-06-12
135807,INF277K010B0,,TATA India Pharma & Health Care Fund Direct Plan - Payout of Income Distribution cum capital withdrawal option,35.8124,2026-06-12
135808,,INF277K011B8,TATA India Pharma & Healthcare Fund Direct Plan - Reinvestment of Income Distribution cum capital withdrawal option,35.8124,2026-06-12
135810,INF277K019A3,,Tata India Pharma & Healthcare Fund-Direct Plan-Growth,37.0156,2026-06-12
135813,INF277K015B9,,Tata Resources & Energy Fund-Direct Plan-Growth,57.021,2026-06-12
135816,,INF277K017B5,TATA Resources & Energy Fund Direct Plan - Reinvestment of Income Distribution cum capital withdrawal option,55.2996,2026-06-12
135817,INF277K016B7,,TATA Resources & Energy Fund Direct Plan - Payout of Income Distribution cum capital withdrawal option,55.2996,2026-06-12
135916,INF194KA1M23,,BANDHAN Corporate Bond Fund - Direct Growth,20.9064,2026-06-12
136094,INF179KB1MF0,,HDFC Retirement Savings Fund - Equity Plan - Growth Option - Direct Plan,54.154,2026-06-12
136464,INF179KB1MH6,,HDFC Retirement Savings Fund - Hybrid-Equity Plan - Growth Option - Direct Plan,41.831,2026-06-12
136465,INF179KB1MJ2,,HDFC Retirement Savings Fund - Hybrid-Debt Plan - Growth Option - Direct Plan,24.5543,2026-06-12
136567,INF740KA1504,,DSP Equity Savings Fund - Direct Plan - Growth,24.987,2026-06-12
138299,INF223J01NS5,,PGIM India Liquid Fund - Direct Plan - Growth,364.6469,2026-06-12
138312,INF663L01GR4,,PGIM India Large Cap Fund - Direct Plan - Growth,386.21,2026-06-12
138330,INF223J01OO2,,PGIM India Corporate Bond Fund - Direct Plan - Growth,50.5306,2026-06-12
138358,INF223J01QO7,,PGIM India Ultra Short Duration Fund - Direct Plan - Growth,37.6773,2026-06-12
138376,INF223J01QD0,,PGIM India Equity Savings Fund - Direct Plan - Growth,57.1173,2026-06-12
138386,INF663L01GX2,,PGIM India Aggressive Hybrid Equity Fund - Direct Plan - Growth,152.85,2026-06-12
138456,INF223J01NL0,,PGIM India Emerging Markets Equity Fund of Fund - Direct Plan - Growth,27.64,2026-06-12
138472,INF223J01ND7,,PGIM India Gilt Fund - Direct Plan - Growth,33.1116,2026-06-12
138528,INF223J01NF2,,PGIM India Global Equity Opportunities Fund of Fund- Direct Plan - Growth,60.27,2026-06-12
138875,INF223J013N7,,PGIM India Arbitrage Fund - Direct Plan - Growth,20.7743,2026-06-12
139527,INF761K01DM6,,BANK OF INDIA MID & SMALL CAP EQUITY & DEBT FUND - DIRECT PLAN GROWTH,44.72,2026-06-12
139711,INF903JA1443,,Sundaram Long Term Micro Cap Tax Advantage Fund Series III Direct Plan - Growth,35.8308,2026-06-12
139781,INF174V01093,,Mahindra Manulife ELSS Tax Saver Fund - Direct Plan -Growth,31.4554,2026-06-12
139872,INF247L01635,,Motilal Oswal Balanced Advantage Fund  (MOFDYNAMIC) - Direct Plan - Growth Option,20.3018,2026-06-12
139990,INF903JA1526,,Sundaram Long Term Micro Cap Tax Advantage Fund Series IV Direct Plan - Growth,30.9624,2026-06-12
140175,INF843K01AL0,,Edelweiss Large & Mid Cap Fund - Direct Plan - Growth Option,102.977,2026-06-12
140194,INF754K01GY9,,Edelweiss Liquid Fund - Direct Plan - Bonus Option,2101.7233,2026-06-12
140196,INF754K01GM4,,Edelweiss Liquid Fund - Direct Plan - Growth Option,3612.5678,2026-06-12
140228,INF843K01AO4,,Edelweiss Mid Cap Fund - Direct Plan - Growth Option,123.028,2026-06-12
140237,INF843K01CE1,,Edelweiss Money Market Fund - Direct Plan - Growth Option,33.2245,2026-06-12
140243,INF843K01AU1,,Edelweiss Greater China Equity Off-shore Fund - Direct Plan - Growth Option,74.074,2026-06-12
140256,INF843K01AW7,,Edelweiss ASEAN Equity Off-shore Fund - Direct Plan - Growth Option,39.979,2026-06-12
140274,INF843K01EC1,,Edelweiss US Value Equity Offshore Fund - Direct Plan - Growth Option,46.9497,2026-06-12
140286,INF843K01FC8,,Edelweiss Banking and PSU Debt Fund - Direct Plan - Growth Option,26.6772,2026-06-12
140296,INF843K01GI3,,Edelweiss Europe Dynamic Equity Offshore Fund - Growth Option - Direct Plan,34.0781,2026-06-12
140298,INF843K01GS2,,Edelweiss Government Securities Fund - Direct Plan - Growth Option,26.337,2026-06-12
140327,INF843K01IZ3,,Edelweiss Emerging Markets Opportunities Equity Offshore Fund - Direct Plan - Growth Option,31.3289,2026-06-12
140347,INF843K01KC8,,Edelweiss Equity Savings Fund - Direct Plan - Growth Option,29.5177,2026-06-12
140350,INF843K01KD6,,Edelweiss Equity Savings Fund - Direct Plan - Bonus Option,29.5315,2026-06-12
140353,INF843K01KK1,,Edelweiss Flexi Cap Fund - Direct Plan - Growth Option,43.949,2026-06-12
140382,INF194KA1U56,,Bandhan Aggressive Hybrid Fund-Direct Plan Growth,30.48,2026-06-12
140444,INF174V01184,,Mahindra Manulife Equity Savings Fund - Direct Plan -Growth,24.9459,2026-06-12
140487,INF200KA1LS9,,SBI Long Term Advantage Fund - Series IV - Direct Plan - Growth,48.692,2026-06-12
140603,INF194KA1X61,,BANDHAN Credit Risk Fund-Direct Plan-Growth,18.7626,2026-06-12
140613,INF174V01267,,Mahindra Manulife Low Duration Fund - Direct Plan -Growth,1862.029,2026-06-12
140769,INF769K01DR8,,Mirae Asset Dynamic Bond Fund -Direct Plan -Growth,18.6793,2026-06-12
140809,INF666M01CM5,INF666M01CN3,Groww Largecap Fund (formerly known as Indiabulls Bluechip Fund)- Direct Plan- Monthly - Income Distribution cum capital withdrawal Option (Payout & Reinvestment),22.59,2026-06-12
140811,INF666M01CO1,INF666M01CP8,Groww Largecap Fund (formerly known as Indiabulls Bluechip Fund)- Direct Plan- Quarterly - Income Distribution cum capital withdrawal Option (Payout & Reinvestment),28.22,2026-06-12
140814,INF666M01CQ6,INF666M01CR4,Groww Largecap Fund (formerly known as Indiabulls Bluechip Fund)- Direct Plan- Half Yearly -Income Distribution cum capital withdrawal Option (Payout & Reinvestment),28.43,2026-06-12
140815,INF666M01CY0,INF666M01CZ7,Groww Value Fund (formerly known as Indiabulls Value Fund)- Direct Plan- Monthly - Income Distribution cum capital withdrawal Option (Payout & Reinvestment),23.5797,2026-06-12
140817,INF666M01DA8,INF666M01DB6,Groww Value Fund (formerly known as Indiabulls Value Fund)- Direct Plan- Quarterly - Income Distribution cum capital withdrawal Option (Payout & Reinvestment),25.7228,2026-06-12
140819,INF666M01DC4,INF666M01DD2,Groww Value Fund (formerly known as Indiabulls Value Fund)- Direct Plan- Half Yearly - Income Distribution cum capital withdrawal Option (Payout & Reinvestment),25.7431,2026-06-12
141141,INF903JA1955,,Sundaram Long Term Micro Cap Tax Advantage Fund Series V Direct Plan - Growth,30.3089,2026-06-12
141226,INF174V01341,,Mahindra Manulife Multi Cap Fund - Direct Plan -Growth,43.0003,2026-06-12
141248,INF582M01CU7,,Union Largecap Fund - Direct Plan - Growth Option,24.11,2026-06-12
141564,INF903JA1AZ0,,Sundaram Long Term Micro Cap Tax Advantage Fund Series VI Direct Plan - Growth,29.1727,2026-06-12
141588,INF846K01ZM8,,Axis Corporate Bond Fund - Direct Plan Growth,19.112,2026-06-12
141642,INF846K01A29,,Axis Balanced Advantage Fund - Direct Plan - Growth,23.65,2026-06-12
141808,INF666M01DK7,,Groww ELSS Tax Saver Fund (formerly known as Indiabulls Tax Savings Fund)- Direct Plan- Growth Option,21.21,2026-06-12
141841,INF109KB10X0,,ICICI Prudential BSE Sensex Index Fund - Direct Plan - Cumulative Option,25.1147,2026-06-12
141877,INF740KA1CR7,,DSP Nifty 50 Equal Weight Index Fund - Direct Plan - Growth,26.7037,2026-06-12
141924,INF179KC1AU3,,HDFC Housing Opportunities Fund  - Growth Option - Direct Plan,23.207,2026-06-12
141925,INF846K01B28,,Axis Flexi Cap Fund - Direct Plan - Growth,29.29,2026-06-12
141950,INF761K01DS3,,BANK OF INDIA Mid Cap Tax Fund Series 1 Direct Plan Growth,29.37,2026-06-12
142038,INF582M01DE9,,Union Balanced Advantage Fund - Direct Plan - Growth Option,21.68,2026-06-12
142110,INF174V01507,,Mahindra Manulife Mid Cap Fund - Direct Plan -Growth,40.5537,2026-06-12
142134,INF109KC1093,,ICICI Prudential Long Term Wealth Enhancement Fund - Direct Plan Cumulative Option,28.83,2026-06-12
142138,INF200KA1RW8,,SBI Long Term Advantage Fund - Series V - Direct Plan - Growth,31.9103,2026-06-12
142153,INF903JA1BT1,,Sundaram Long Term Tax Advantage Fund Series III Direct Plan - Growth,31.2617,2026-06-12
142283,INF740KA1DN4,,DSP Arbitrage Fund - Direct - Growth,16.574,2026-06-12
142388,INF754K01ML4,,Edelweiss Recently Listed IPO Fund Direct Plan Growth,32.2764,2026-06-12
142641,INF769K01DX6,,Mirae Asset Short Duration Fund - Direct Plan - Growth,17.5572,2026-06-12
143079,INF903JA1CZ6,,Sundaram Long Term Tax Advantage Fund Series IV Direct Plan - Growth,36.0074,2026-06-12
143163,INF959L01CX3,,Navi Aggressive Hybrid Fund - Direct Plan - Growth,24.2347,2026-06-12
143178,INF200KA1TO1,,SBI Long Term Advantage Fund - Series VI - Direct Plan - Growth,31.1233,2026-06-12
143241,INF582M01DU5,,Union Corporate Bond Fund - Direct Plan - Growth Option,16.3507,2026-06-12
143269,INF879O01068,,Parag Parikh Liquid Fund- Direct Plan- Growth,1545.2286,2026-06-12
143341,INF789FC12T1,,UTI Nifty Next 50 Index Fund - Direct Plan - Growth Option,25.9546,2026-06-12
143494,INF204K01YH3,,Nippon India Ultra Short Duration Fund- Direct Plan- Growth Option,4729.3548,2026-06-12
143508,INF955L01HA8,,Baroda BNP Paribas Ultra Short Duration Fund- Direct Plan- Growth,1656.4924,2026-06-12
143537,INF205K014Q7,,Invesco India Aggressive Hybrid Fund - Direct Plan - Growth,23.4408,2026-06-12
143610,INF192K01FL1,,JM Low Duration Fund (Direct) - Bonus Option - Principal Units,24.2869,2026-06-12
143612,INF192K01DW3,,JM Low Duration Fund (Direct) - Growth,40.3372,2026-06-12
143614,INF761K01ED3,,BANK OF INDIA Arbitrage Fund Direct Plan Growth,15.2035,2026-06-12
143704,INF204KB1YQ1,,Nippon India Nivesh Lakshya Long Duration Fund- Direct Plan- Growth Option,18.3357,2026-06-12
143783,INF769K01ED6,,Mirae Asset Healthcare Fund Direct Growth,47.747,2026-06-12
143793,INF959L01DT9,,Navi Flexi Cap Fund - Direct Plan - Growth,27.6848,2026-06-12
143874,INF109KC1GH2,,ICICI Prudential Pharma Healthcare and Diagnostics (P.H.D) Fund - Direct Plan - Cumulative Option,45.09,2026-06-12
143903,INF109KC1FX1,,ICICI Prudential BHARAT 22 FOF - Direct Plan Cumulative Option,34.6184,2026-06-12
144173,INF194KA16R3,,BANDHAN ULTRA SHORT DURATION FUND - DIRECT PLAN GROWTH,16.3236,2026-06-12
144312,INF582M01EC1,,Union Equity Savings Fund - Direct Plan - Growth Option,17.79,2026-06-12
144315,INF761K01EL6,,BANK OF INDIA Midcap Tax Fund Series 2 Direct Plan Growth,33.74,2026-06-12
144334,INF174KA1194,INF174KA1202,Kotak Balanced Advantage Fund -Direct Plan  -Payout of Income Distribution cum capital withdrawal option,22.504,2026-06-12
144335,INF174KA1210,,Kotak Balanced Advantage Fund  - Direct Plan -Growth Option,22.503,2026-06-12
144339,INF789F1A538,,UTI Corporate Bond Fund - Direct Plan - Growth Option,17.6395,2026-06-12
144394,INF846K01E25,,Axis Aggressive Hybrid Fund - Direct Plan - Growth Option,22.2,2026-06-12
144403,INF174V01580,,Mahindra Manulife Dynamic Bond Fund - Direct Plan - Growth,16.1182,2026-06-12
144466,INF090I01PD7,,Franklin India Equity Savings Fund- Growth Direct,18.4474,2026-06-12
144490,INF789F1A777,,UTI Equity Savings Fund - Direct Plan - Growth Option,19.9964,2026-06-12
144543,,INF277K016K8,TATA Flexi Cap Fund Direct Plan - Reinvestment of Income Distribution cum capital withdrawal option,25.0223,2026-06-12
144546,INF277K015K0,,Tata Flexi Cap Fund-Direct Plan-Growth,25.9689,2026-06-12
144547,INF277K017K6,,TATA Flexi Cap Fund - Direct Plan - Payout of Income Distribution cum capital withdrawal option,25.0223,2026-06-12
144646,INF740KA1KE8,,DSP Corporate Bond Fund - Direct - Growth,17.1573,2026-06-12
144754,INF846K01F40,,Axis Ultra Short Duration Fund - Direct Plan Growth,16.5979,2026-06-12
144835,INF903JA1FA2,,Sundaram Services Fund Direct Plan - Growth,37.2679,2026-06-12
144905,INF680P01109,,Shriram Flexi Cap Fund - Direct Growth,22.0655,2026-06-12
145034,INF179KB15Q6,,HDFC Ultra Short Term Fund - Direct Plan-Growth Option,16.3934,2026-06-12
145050,INF903JA1FR6,,Sundaram Money Market Fund Direct Plan - Growth,15.9917,2026-06-12
145075,INF109KC1LJ8,,ICICI Prudential Manufacturing Fund - Direct Plan - Cumulative Option,40.71,2026-06-12
145110,INF846K01J46,,Axis Large & Mid Cap Fund - Direct Plan - Growth,36.99,2026-06-12
145137,INF205K013T3,,Invesco India Smallcap Fund - Direct Plan - Growth,49.08,2026-06-12
145206,INF277K011O1,,Tata Small Cap Fund-Direct Plan-Growth,40.927,2026-06-12
145207,INF277K013O7,,TATA SmallCap Fund - Direct Plan - Payout of Income Distribution cum capital withdrawal option,39.5408,2026-06-12
145209,,INF277K012O9,TATA Small Cap Fund Direct Plan - Reinvestment of Income Distribution cum capital withdrawal option,39.5408,2026-06-12
145295,INF789F1ACX5,,UTI - Floater Fund - Direct Plan - Growth Option,1657.3973,2026-06-12
145356,INF174V01663,,Mahindra Manulife Consumption Fund - Direct Plan -Growth,23.6557,2026-06-12
145396,INF955L01HF7,,Baroda BNP Paribas Balanced Advantage Fund-Direct Plan-Growth Option,27.725,2026-06-12
145454,INF740KA1LG1,,DSP Healthcare Fund - Direct Plan - Growth,46.559,2026-06-12
145473,INF582M01EK4,,Union Value Fund - Direct Plan - Growth Option,29.87,2026-06-12
145486,INF209KB1ZH2,,ADITYA BIRLA SUN LIFE OVERNIGHT FUND-DIRECT PLAN-GROWTH,1471.5747,2026-06-12
145536,INF109KC11G1,,ICICI Prudential Overnight Fund - Direct Plan - Growth,1466.2151,2026-06-12
145552,INF247L01718,,Motilal Oswal Nasdaq 100 Fund of Fund- Direct Plan Growth,67.1267,2026-06-12
145589,INF666M01EK5,,Groww Dynamic Term Fund (formerly known as Indiabulls Dynamic Bond Fund) - Direct Plan - Growth option,1558.6193,2026-06-12
145591,INF666M01EQ2,INF666M01ER0,Groww Dynamic Term Fund (formerly known as Indiabulls Dynamic Bond Fund)- Direct Plan- Monthly - Income Distribution cum capital withdrawal Option (Payout & Reinvestment),1017.6601,2026-06-12
145595,INF666M01EO7,INF666M01EP4,Groww Dynamic Term Fund (formerly known as Indiabulls Dynamic Bond Fund)- Direct Plan- Fortnightly - Income Distribution cum capital withdrawal Option (Payout & Reinvestment),1022.68,2026-06-12
145596,,INF666M01EL3,Groww Dynamic Term Fund (formerly known as Indiabulls Dynamic Bond Fund)- Direct Plan- - Income Distribution cum capital withdrawal Option ( Reinvestment),1019.7257,2026-06-12
145597,INF666M01EM1,INF666M01EN9,Groww Dynamic Term Fund (formerly known as Indiabulls Dynamic Bond Fund)- Direct Plan- Weekly - Income Distribution cum capital withdrawal Option (Payout & Reinvestment),1021.588,2026-06-12
145599,INF666M01FA3,,Groww Aggressive Hybrid Fund (formerly known as Indiabulls Equity Hybrid Fund) - Direct Plan - Growth option,22.6613,2026-06-12
145600,INF666M01FB1,INF666M01FC9,Groww Aggressive Hybrid Fund (formerly known as Indiabulls Equity Hybrid Fund)- Direct Plan- - Income Distribution cum capital withdrawal Option (Payout & Reinvestment),22.4623,2026-06-12
145601,INF666M01FF2,INF666M01FG0,Groww Aggressive Hybrid Fund (formerly known as Indiabulls Equity Hybrid Fund)- Direct Plan- Quarterly - Income Distribution cum capital withdrawal Option (Payout & Reinvestment),22.1959,2026-06-12
145602,INF666M01FH8,INF666M01FI6,Groww Aggressive Hybrid Fund (formerly known as Indiabulls Equity Hybrid Fund)- Direct Plan- Half Yearly - Income Distribution cum capital withdrawal Option (Payout & Reinvestment),21.7841,2026-06-12
145606,INF666M01FD7,INF666M01FE5,Groww Aggressive Hybrid Fund (formerly known as Indiabulls Equity Hybrid Fund)- Direct Plan- Monthly - Income Distribution cum capital withdrawal Option (Payout & Reinvestment),22.4267,2026-06-12
145678,INF761K01EP7,,BANK OF INDIA Small Cap Fund Direct Plan Growth,58.59,2026-06-12
145693,INF769K01EK1,,Mirae Asset Equity Savings Fund- Direct Plan- Growth,22.486,2026-06-12
145724,INF277K017Q3,,Tata Arbitrage Fund-Direct Plan-Growth,16.0536,2026-06-12
145725,,INF277K019Q9,TATA Arbitrage Fund Direct Plan - Monthly Reinvestment of Income Distribution cum capital withdrawal option,15.4227,2026-06-12
145727,INF277K018Q1,,TATA Arbitrage Fund Direct Plan - Monthly Payout of Income Distribution cum capital withdrawal option,15.4227,2026-06-12
145810,INF204KB1R31,,Nippon India Overnight Fund - Direct Plan - Growth Option,146.1688,2026-06-12
145819,INF680P01158,,Shriram ELSS Tax Saver Fund - Direct Growth,23.0204,2026-06-12
145834,INF247L01734,,Motilal Oswal Liquid Fund - Direct Growth,14.7243,2026-06-12
145895,INF767K01PP0,,LIC MF Arbitrage Fund-Direct Plan-Growth,15.3176,2026-06-12
145897,INF109KC1RH9,,ICICI Prudential India Opportunities Fund - Direct Plan - Cumulative Option,38.88,2026-06-12
145954,INF767K01PW6,,LIC MF Short Duration Fund-Direct Plan-Growth,16.4468,2026-06-12
145971,INF03VN01043,,WhiteOak Capital Liquid Fund- Direct plan-Growth Option,1495.7063,2026-06-12
146006,INF277K014S6,,TATA Balanced Advantage Fund Direct Plan - Payout of Income Distribution cum capital withdrawal option,22.2422,2026-06-12
146008,,INF277K015S3,TATA Balanced Advantage Fund Direct Plan - Reinvestment of Income Distribution cum capital withdrawal option,22.2422,2026-06-12
146010,INF277K013S8,,Tata Balanced Advantage Fund-Direct Plan-Growth,23.0792,2026-06-12
146062,INF740KA1MC8,,DSP Overnight Fund - Direct Plan - Growth,1457.4786,2026-06-12
146067,INF277K014T4,,TATA Ultra Short Term Fund-Direct Plan - Weekly Payout of Income Distribution cum capital withdrawal option,10.4065,2026-06-12
146068,,INF277K015T1,TATA Ultra Short Term Fund Direct Plan - Weekly Reinvestment of Income Distribution cum capital withdrawal option,10.4065,2026-06-12
146069,INF277K012T8,,TATA Ultra Short Term Fund-Direct Plan - Monthly Payout of Income Distribution cum capital withdrawal option,15.8652,2026-06-12
146075,INF277K011T0,,Tata Ultra Short Term Fund-Direct Plan-Growth,15.8441,2026-06-12
146076,,INF277K013T6,TATA Ultra Short Term Fund Direct Plan - Monthly Reinvestment of Income Distribution cum capital withdrawal option,15.8652,2026-06-12
146130,INF760K01JC6,,CANARA ROBECO SMALL CAP FUND - DIRECT PLAN - GROWTH OPTION,42.98,2026-06-12
146140,,INF174KA1BE2,Kotak Overnight Fund-Direct Plan- Daily Reinvestment of Income Distribution cum capital withdrawal option,1003.6055,2026-06-12
146141,INF174KA1BF9,,Kotak Overnight Fund -Direct Plan-Growth Option,1451.7454,2026-06-12
146191,INF194KB1447,,BANDHAN Overnight Fund - Direct Plan - Growth,1451.1355,2026-06-12
146196,INF754K01JN6,,Edelweiss Small Cap Fund - Direct Plan - Growth,49.96,2026-06-12
146215,INF200KA1YR4,,SBI Corporate Bond Fund - Direct Plan - Growth,16.7802,2026-06-12
146297,INF582M01ES7,,Union Arbitrage Fund - Direct Plan - Growth Option,15.3725,2026-06-12
146349,INF109KC1TS2,,ICICI Prudential Retirement Fund - Pure Equity - Direct Plan - Growth Option,37.89,2026-06-12
146376,INF740KA1MM7,,DSP Nifty 50 Index Fund - Direct Plan - Growth,23.2216,2026-06-12
146381,INF740KA1MG9,,DSP Nifty Next 50 Index Fund - Direct Plan - Growth,27.7025,2026-06-12
146407,INF209KB1E84,,ADITYA BIRLA SUN LIFE BAL BHAVISHYA YOJNA DIRECT GROWTH,22.45,2026-06-12
146457,INF205KA1049,,Invesco India Equity Savings Fund - Direct Plan - Growth,18.5245,2026-06-12
146513,INF204KB1X25,,Nippon India Nifty Next 50 Junior BeES FoF - Direct Plan - Growth Plan - Growth Option,26.3971,2026-06-12
146549,INF174V01721,,Mahindra Manulife Large Cap Fund - Direct Plan -Growth,24.4621,2026-06-12
146575,INF209KB1I23,,Aditya Birla Sun Life Retirement Fund-The 30s Plan-Direct Growth,23.81,2026-06-12
146643,INF200KA1A71,,SBI Equity Minimum Variance Fund - Direct Plan - Growth,23.9741,2026-06-12
146675,INF846K01N65,,Axis Overnight Fund - Direct Plan - Growth Option,1440.357,2026-06-12
146701,INF194KB1777,,BANDHAN Fixed Term Plan Series 179 DIRECT PLAN-GROWTH (3652 days),17.9346,2026-06-12
146716,INF109KC1UA8,,ICICI Prudential Retirement Fund - Hybrid Conservative - Direct Plan - Growth Option,19.8125,2026-06-12
146721,INF109KC1TW4,,ICICI Prudential Retirement Fund - Hybrid Aggressive - Direct Plan - Growth Option,30.5,2026-06-12
146727,INF109KC1UE0,,ICICI Prudential Retirement Fund - Pure Debt - Direct Plan - Growth Option,16.9905,2026-06-12
146772,INF336L01NV5,,HSBC Large & Mid Cap Fund - Direct Growth,31.6573,2026-06-12
146795,INF109KC1VT6,,ICICI Prudential Fixed Maturity Plan - Series 85 - 10 Years Plan I - Direct Plan Cumulative Option,17.8695,2026-06-12
146930,INF209KB1I80,,Aditya Birla Sun Life Retirement Fund-The 40s Plan-Direct Plan-Growth,20.855,2026-06-12
146940,INF209KB1J48,,Aditya Birla Sun Life Retirement Fund-The 50s Plan-Direct Plan-Growth,16.533,2026-06-12
146943,INF209KB1K03,,Aditya Birla Sun Life Retirement Fund-The 50s Plus-Debt Plan-Direct Plan-Growth,14.8057,2026-06-12
146951,INF109KC1YD4,,ICICI Prudential Bharat Consumption Fund - Direct Plan - Growth Option,25.56,2026-06-12
146963,INF903JA1HG5,,Sundaram Overnight Fund Direct Plan - Growth,1445.0499,2026-06-12
146974,INF200KA1D03,,SBI Fixed Maturity Plan (FMP) - Series 1 (3668 Days) - Direct Plan - Growth,17.5571,2026-06-12
146978,,INF277K019T3,TATA Overnight Fund Direct Plan - Daily Reinvestment of Income Distribution cum capital withdrawal option,1000.0008,2026-06-12
146980,INF277K018T5,,Tata Overnight Fund-Direct Plan-Growth,1436.4626,2026-06-12
147003,INF582M01FA2,,Union Overnight Fund - Direct Plan - Growth Option,1432.3103,2026-06-12
147098,INF204KB17B0,,Nippon India Fixed Maturity Plan XLI - Series 8 - Direct Plan - Growth Option,17.5712,2026-06-12
147157,INF00XX01283,,ITI Liquid Fund - Direct Plan - Growth Option,1451.2856,2026-06-12
147183,INF00XX01168,,ITI Multi Cap Fund - Direct Plan - Growth Option,28.3332,2026-06-12
147196,INF955L01HV4,,Baroda BNP Paribas Overnight Fund - Direct Plan - Growth,1429.2735,2026-06-12
147206,INF769K01EU0,,Mirae Asset Focused Fund Direct Plan Growth,25.605,2026-06-12
147214,INF090I01SS9,,Franklin India Overnight Fund- Growth - Direct,1419.4387,2026-06-12
147248,INF200KA1F27,,SBI Fixed Maturity Plan (FMP) - Series 6 (3668 Days) - Direct Plan - Growth,17.0764,2026-06-12
147267,,INF174KA1EF3,KOTAK FLOATING RATE FUND-DIRECT PLAN-Standard Reinvestment of Income Distribution cum capital withdrawal option,1430.6899,2026-06-12
147269,INF174KA1EC0,,KOTAK FLOATING RATE FUND-DIRECT PLAN-GROWTH OPTION,1642.2921,2026-06-12
147287,INF336L01OF6,,HSBC Overnight Fund - Direct Growth,1423.8726,2026-06-12
147306,INF740KA1NQ6,,DSP Quant Fund - Direct Plan - Growth,21.836,2026-06-12
147311,INF03VN01209,,WhiteOak Capital Ultra Short Duration Fund- Direct plan-Growth Option,1491.3684,2026-06-12
147346,INF109KC1D93,,ICICI Prudential MNC Fund - Direct Plan - Growth Option,31.85,2026-06-12
147372,INF082J01382,,QUANTUM ESG BEST IN CLASS STRATEGY FUND - DIRECT PLAN - GROWTH OPTION,23.49,2026-06-12
147377,INF955L01ID0,,Baroda BNP Paribas Money Market Fund- Direct Plan - Growth,1483.0007,2026-06-12
147406,INF680P01208,,Shriram Balanced Advantage Fund - Direct Growth,18.4658,2026-06-12
147409,INF209KB1O25,,Aditya Birla Sun Life Pharma and Healthcare Fund-Direct-Growth,37.37,2026-06-12
147445,INF769K01FA9,,Mirae Asset Midcap Fund- Direct Growth Option,40.903,2026-06-12
147446,INF174V01788,,Mahindra Manulife Aggressive Hybrid Fund - Direct Plan -Growth,29.4364,2026-06-12
147450,INF666M01GL8,,Groww Overnight Fund (formerly known as Indiabulls Overnight Fund)- Direct Plan- Growth Option,1401.6611,2026-06-12
147451,INF666M01GN4,INF666M01GO2,Groww Overnight Fund (formerly known as Indiabulls Overnight Fund)- Direct Plan- Weekly - Income Distribution cum capital withdrawal Option (Payout & Reinvestment),1002.7799,2026-06-12
147452,INF666M01GP9,INF666M01GQ7,Groww Overnight Fund (formerly known as Indiabulls Overnight Fund)- Direct Plan- Fortnightly - Income Distribution cum capital withdrawal Option (Payout & Reinvestment),1215.069,2026-06-12
147453,INF666M01GR5,INF666M01GS3,Groww Overnight Fund (formerly known as Indiabulls Overnight Fund)- Direct Plan- Monthly - Income Distribution cum capital withdrawal Option (Payout & Reinvestment),1002.8735,2026-06-12
147458,,INF666M01GM6,Groww Overnight Fund (formerly known as Indiabulls Overnight Fund)- Direct Plan- - Income Distribution cum capital withdrawal Option ( Reinvestment),1001.4757,2026-06-12
147473,INF174KA1EN7,,Kotak Focused Fund- Direct Plan- Growth option,29.148,2026-06-12
147475,INF174KA1EP2,INF174KA1EO5,Kotak Focused Fund-Direct Plan- Income Distribution cum capital withdrawal option,29.149,2026-06-12
147481,INF879O01100,,Parag Parikh ELSS Tax Saver Fund- Direct Growth,31.368,2026-06-12
147492,INF582M01FS4,,Union Focused Fund - Direct Plan - Growth Option,28.0,2026-06-12
147496,INF955L01IL3,,Baroda BNP Paribas Equity Savings Fund - Direct Plan - Growth,18.3142,2026-06-12
147515,INF767K01QI3,,LIC MF Overnight Fund-Direct Plan-Growth,1410.4635,2026-06-12
147531,INF760K01JM5,,CANARA ROBECO OVERNIGHT FUND - DIRECT PLAN - GROWTH OPTION,1404.4245,2026-06-12
147541,INF00XX01390,,ITI ELSS Tax Saver Fund - Direct Plan - Growth Option,27.2399,2026-06-12
147567,INF846K01Q62,,Axis Money Market Fund - Direct Plan - Growth Option,1532.1365,2026-06-12
147570,INF754K01JV9,,Edelweiss Overnight Fund - Direct Plan - Growth,1407.4382,2026-06-12
147606,INF663L01T01,,PGIM India Overnight Fund - Direct Plan - Growth Option,1402.5878,2026-06-12
147617,INF00XX01440,,ITI Arbitrage Fund - Direct Plan - Growth Option,14.3606,2026-06-12
147620,INF247L01890,,Motilal Oswal Nifty Bank Index Fund - Direct Plan,21.0613,2026-06-12
147622,INF247L01916,,Motilal Oswal Nifty Midcap 150 Index Fund - Direct Plan,40.3369,2026-06-12
147623,INF247L01932,,Motilal Oswal Nifty Smallcap 250 Index Fund- Direct Plan,38.2171,2026-06-12
147625,INF247L01957,,Motilal Oswal Nifty 500 Index Fund - Direct Plan,26.3228,2026-06-12
147648,INF109KC1F34,,ICICI Prudential Global Advantage Fund (FOF) - Direct Plan - Growth Option,22.6563,2026-06-12
147662,INF109KC1F91,,ICICI Prudential Commodities Fund - Direct Plan - Growth Option,51.07,2026-06-12
147666,INF846K01S29,,Axis Nifty 100 Index Fund - Direct Plan - Growth Option,21.9777,2026-06-12
147704,INF247L01999,,Motilal Oswal Large and Midcap Fund - Direct Plan Growth,38.3813,2026-06-12
147713,INF00XX01564,,ITI Overnight Fund - Direct Plan - Growth Option,1376.5606,2026-06-12
147725,INF174KA1EX6,INF174KA1EY4,Kotak Pioneer Fund-Direct Plan-Reinvestment of Income Distribution cum capital withdrawal option,36.587,2026-06-12
147727,INF174KA1EZ1,,Kotak Pioneer Fund- Direct Plan- Growth Option,36.593,2026-06-12
147731,INF174V01887,,Mahindra Manulife Ultra Short Duration Fund - Direct Plan -Growth,1495.4917,2026-06-12
147736,INF769K01FG6,,Mirae Asset Overnight Fund Direct Plan Growth,1395.439,2026-06-12
147750,INF582M01GA0,,Union Large & Midcap Fund - Direct Plan - Growth Option,27.63,2026-06-12
147757,INF277K017X9,,Tata Focused Fund-Direct Plan-Growth,25.0743,2026-06-12
147758,,INF277K018X7,TATA Focused Fund Direct Plan - Reinvestment of Income Distribution cum capital withdrawal option,24.15,2026-06-12
147759,INF277K019X5,,TATA Focused Fund Direct Plan - Payout of Income Distribution cum capital withdrawal option,24.15,2026-06-12
147772,INF767K01QU8,,LIC MF Ultra Short Duration Fund-Direct Plan-Growth,1432.3986,2026-06-12
147789,INF00XX01689,,ITI Balanced Advantage Fund - Direct Plan - Growth Option,15.895,2026-06-12
147794,INF247L01AE7,,Motilal Oswal Nifty 50 Index Fund - Direct plan - Growth,20.5246,2026-06-12
147796,INF247L01AC1,,Motilal Oswal Nifty Next 50 Index Fund - Direct plan - Growth,25.122,2026-06-12
147825,INF846K01S86,,Axis Retirement Fund - Aggressive Plan - Direct Growth,19.59,2026-06-12
147826,INF846K01T28,,Axis Retirement Fund - Dynamic Plan - Direct Growth,20.87,2026-06-12
147830,INF846K01T69,,Axis Retirement Fund - Conservative Plan - Direct Growth,17.3121,2026-06-12
147837,INF192K01MB8,,JM Overnight Fund - (Direct) - Growth,1378.6197,2026-06-12
147840,INF174V01945,,Mahindra Manulife Large & Mid Cap Fund - Direct Plan -Growth,29.5033,2026-06-12
147844,INF209KB1O82,,Aditya Birla Sun Life PSU Equity Fund-Direct Plan-Growth,39.63,2026-06-12
147857,INF754K01KY1,,Bharat Bond FOF - April 2030 - Direct Plan - Growth Option,15.8151,2026-06-12
147883,INF205KA1163,,Invesco India Overnight Fund - Direct Plan - Growth,1374.7049,2026-06-12
147889,INF846K01U09,,Axis Income Plus Arbitrage Active FOF - Direct Plan - Growth Option,15.4953,2026-06-12
147908,INF336L01OR1,,HSBC Ultra Short Duration Fund - Direct Growth,1455.2054,2026-06-12
147919,INF00XX01747,,ITI Small Cap Fund - Direct Plan - Growth Option,34.1505,2026-06-12
147928,INF846K01W23,,Axis ESG Integration Strategy Fund - Direct Plan - Growth Option,22.03,2026-06-12
147946,INF194KB1AL4,,BANDHAN SMALL CAP FUND - DIRECT PLAN GROWTH,52.885,2026-06-12
147951,INF761K01EU7,,BANK OF INDIA Overnight Fund Direct Plan Growth,1384.1839,2026-06-12
148035,INF109KC1I49,,ICICI Prudential Diversified Equity All Cap Omni FOF - Direct Plan - Growth,31.5432,2026-06-12
148053,INF277K019Y3,,Tata Multi Asset Allocation Fund-Direct Plan-Growth,27.7238,2026-06-12
148063,INF754K01LB7,,Edelweiss US Technology Equity Fund of Fund- Direct Plan- Growth,41.3929,2026-06-12
148073,INF582M01GI3,,Union Midcap Fund - Direct Plan - Growth Option,53.86,2026-06-12
148161,INF663L01T84,,PGIM India Money Market Fund - Direct Plan - Growth Option,1447.1586,2026-06-12
148353,INF00XX01804,,ITI Large Cap Fund - Direct Plan - Growth Option,18.6704,2026-06-12
148381,INF247L01AG2,,Motilal Oswal S&P 500 Index Fund - Direct Plan Growth,32.5999,2026-06-12
148387,INF200KA1Q73,,SBI Fixed Maturity Plan (FMP) - Series 34 (3682 Days) - Direct Plan - Growth,14.7406,2026-06-12
148401,INF769K01FS1,,Mirae Asset Arbitrage Fund Direct Growth,14.331,2026-06-12
148404,INF761K01FF5,,BANK OF INDIA Flexi Cap Fund Direct Plan -Growth,39.48,2026-06-12
148411,INF336L01PB2,,HSBC Focused Fund - Direct Growth,27.5202,2026-06-12
148413,,,JM Liquid Fund - Unclaimed Brokerage I.E.F. (Direct) - Growth Plan,41.4437,2026-06-12
148414,,,JM Liquid Fund - Unclaimed Application Refund Amount I.E.F. (Direct) - Growth Plan,41.4437,2026-06-12
148419,INF769K01FY9,,Mirae Asset Banking and PSU Fund - Direct Plan - Growth,13.8581,2026-06-12
148450,INF754K01LO0,,BHARAT Bond FOF- April 2031- Direct Plan- Growth Option,14.1331,2026-06-12
148457,INF204KB19V4,,Nippon India Multi Asset Allocation Fund - Direct Plan - Growth Option,26.1945,2026-06-12
148468,INF174V01AA0,,Mahindra Manulife Arbitrage Fund - Direct Plan -Growth,13.578,2026-06-12
148474,INF955L01JU2,,Baroda BNP Paribas Large and Mid Cap Fund- Direct Plan -Growth Option,28.7629,2026-06-12
148481,INF205KA1213,,Invesco India Focused Fund - Direct Plan - Growth,28.81,2026-06-12
148485,INF846K01X06,,Axis Global Equity Alpha Fund of Fund - Direct Plan - Growth Option,25.3187,2026-06-12
148490,INF200KA1R07,,SBI Children's Fund - Investment Plan - Direct Plan - Growth,50.8975,2026-06-12
148500,INF769K01GE9,,Mirae Asset Diversified Equity Allocator Passive FOF - Direct Plan - Growth,24.531,2026-06-12
148507,INF903JA1JC0,,Sundaram Large Cap Fund (Formerly Known as Sundaram Blue Chip Fund)Direct Plan - Growth,21.8948,2026-06-12
148516,INF109KC1O09,,ICICI Prudential ESG Exclusionary Strategy Fund - Direct Plan - Growth,22.16,2026-06-12
148519,INF204KB15W0,,Nippon India Nifty Smallcap 250 Index Fund - Direct Plan - Growth Option,33.8253,2026-06-12
148529,INF769K01GK6,,Mirae Asset Ultra Short Duration Fund Direct Growth,1403.6102,2026-06-12
148534,INF00XX01861,,ITI Banking & PSU Debt Fund - Direct Plan - Growth Option,14.0228,2026-06-12
148539,INF209KB1T79,,Aditya Birla Sun Life Special Opportunities Fund-Direct-Growth,29.18,2026-06-12
148550,INF200KA1R64,,SBI Floating Rate Debt Fund - Direct Plan - Growth,14.2258,2026-06-12
148555,INF754K01LV5,,Edelweiss MSCI India Domestic & World Healthcare 45 Index Fund Direct Plan - Growth,22.7716,2026-06-12
148564,INF966L01AD4,,quant ESG Integration Strategy Fund - Growth Option - Direct Plan,40.7262,2026-06-12
148567,INF174V01AG7,,Mahindra Manulife Focused Fund - Direct Plan -Growth,29.3729,2026-06-12
148574,INF769K01GQ3,,Mirae Asset Nifty 100 ESG Sector Leaders Fund of Fund Direct Growth,17.801,2026-06-12
148592,INF582M01GY0,,Union Aggressive Hybrid Fund - Direct Plan - Growth Option,18.9,2026-06-12
148595,INF740KA1PP3,,DSP Value Fund - Direct Plan - Growth,24.226,2026-06-12
148600,INF109KC1O66,,ICICI Prudential Quant Fund Direct Plan Growth,22.94,2026-06-12
148605,INF174KA1FH6,INF174KA1FJ2,Kotak ESG Exclusionary Strategy Fund - Direct Plan - Payout of Income Distribution cum capital withdrawal option,17.685,2026-06-12
148606,INF174KA1FI4,,Kotak ESG Exclusionary Strategy Fund - Direct Plan - Growth Option,17.685,2026-06-12
148614,INF205KA1270,,Invesco India - Invesco Global Consumer Trends Fund of Fund - Direct Plan - Growth,14.3784,2026-06-12
148618,INF789F1AUQ1,,UTI Small Cap Fund - Direct Plan - Growth Option,28.2239,2026-06-12
148623,INF769K01GX9,,Mirae Asset Banking and Financial Services Fund Direct Growth,22.687,2026-06-12
148634,INF846K01X71,,Axis Innovation Fund - Direct Plan - Growth Option,20.12,2026-06-12
148637,INF209KB1U76,,Aditya Birla Sun Life ESG Integration Strategy Fund-Direct Plan-Growth,18.58,2026-06-12
148642,INF204KB16X6,,Nippon India Diversified Equity Flexicap Passive FoF - Direct Plan - Growth Option,20.7334,2026-06-12
148646,INF174KA1FO2,,Kotak International REIT Overseas Equity Omni FOF - Direct Plan - Growth,12.3812,2026-06-12
148649,INF174KA1FN4,INF174KA1FP9,Kotak International REIT Overseas Equity Omni FOF - Direct Plan - Payout of Income Distribution cum capital withdrawal option,12.3812,2026-06-12
148651,INF109KC1P24,,ICICI Prudential Business Cycle Fund Direct Plan Growth,25.8,2026-06-12
148658,INF663L01V49,,PGIM India Balanced Advantage Fund -  Direct Plan - Growth Option,16.16,2026-06-12
148662,INF174KA1FQ7,,Kotak US Specific Equity Passive FOF- Direct Plan - Growth,28.7478,2026-06-12
148666,INF204KB16Y4,,Nippon India Multi - Asset Omni FoF - Direct Plan - Growth Option,24.4166,2026-06-12
148683,INF200KA1S55,,SBI Retirement Benefit Fund - Aggressive Plan - Direct Plan - Growth,20.6474,2026-06-12
148685,INF200KA1S97,,SBI Retirement Benefit Fund - Aggressive Hybrid Plan - Direct Plan - Growth,19.924,2026-06-12
148688,INF200KA1T39,,SBI Retirement Benefit Fund - Conservative Plan - Direct Plan - Growth,14.7246,2026-06-12
148690,INF200KA1T70,,SBI Retirement Benefit Fund - Conservative Hybrid Plan - Direct Plan - Growth,15.956,2026-06-12
148699,INF846K01Y39,,Axis Greater China Equity Fund of Fund - Direct Plan - Growth Option,12.29,2026-06-12
148703,INF789F1AUT5,,UTI Nifty 200 Momentum 30 Index Fund - Direct Plan - Growth Option,21.0602,2026-06-12
148711,INF194KB1BA5,,BANDHAN FLOATER FUND  - DIRECT PLAN GROWTH,13.9804,2026-06-12
148721,INF204KB12Z0,,Nippon India Nifty 50 Value 20 Index Fund - Direct Plan - Growth Option,17.904,2026-06-12
148726,INF204KB18Z7,,Nippon India Nifty Midcap 150 Index Fund - Direct Plan - Growth Option,25.7555,2026-06-12
148729,INF174V01AM5,,Mahindra Manulife Short Duration Fund - Direct Plan -Growth,14.0853,2026-06-12
148733,INF00XX01929,,ITI Mid Cap Fund - Direct Plan - Growth Option,24.4467,2026-06-12
148745,INF174KA1GA9,,Kotak Nifty Next 50 Index Fund - Direct Plan - Growth Option,20.494,2026-06-12
148746,INF174KA1FZ8,INF174KA1GB7,Kotak Nifty Next 50 Index Fund - Direct Plan -Payout of Income Distribution cum capital withdrawal option,20.4938,2026-06-12
148747,INF247L01AL2,,Motilal Oswal Asset Allocation FOF- A- Direct Growth,19.7428,2026-06-12
148750,INF247L01AN8,,Motilal Oswal Asset Allocation FOF- C- Direct Growth,17.6766,2026-06-12
148751,INF205KA1338,,Invesco India ESG Integration Strategy Fund - Direct Plan - Growth,17.34,2026-06-12
148755,INF769K01HD9,,Mirae Asset Corporate Bond Fund Direct Growth Plan,13.6452,2026-06-12
148760,INF200KA1U28,,SBI US Specific Equity Active FoF - Direct Plan - Growth,24.9995,2026-06-12
148771,INF740KA1PV1,,DSP Floater Fund - Direct Plan - Growth,14.0831,2026-06-12
148789,INF194KB1BP3,,BANDHAN CRISIL IBX Gilt June 2027 Index Fund Direct Plan-Growth,13.7135,2026-06-12
148792,INF194KB1BV1,,BANDHAN CRISIL IBX Gilt April 2028 Index Fund Direct Plan-Growth,13.7978,2026-06-12
148807,INF209KB1W74,,Aditya Birla Sun Life Nifty Midcap 150 Index Fund-Direct Growth,25.1527,2026-06-12
148815,INF209KB1W17,,Aditya Birla Sun Life Nifty Smallcap 50 Index Fund-Direct Growth,21.9466,2026-06-12
148822,INF109KC1P81,,ICICI Prudential Nifty 100 Low Volatility 30 ETF FOF - Direct Plan - Growth,17.9001,2026-06-12
148837,INF0GCD01271,INF0GCD01289,TRUSTMF Liquid Fund-Direct Plan-Weekly Income Distribution cum Capital Withdrawal,1237.8227,2026-06-12
148839,INF0GCD01305,INF0GCD01297,TRUSTMF Liquid Fund-Direct Plan-Monthly Income Distribution cum Capital Withdrawal,1210.5812,2026-06-12
148841,INF0GCD01255,,TRUSTMF Liquid Fund-Direct Plan-Growth,1352.5816,2026-06-12
148842,,INF0GCD01263,TRUSTMF Liquid Fund-Direct Plan-Daily Income Distribution cum Capital Withdrawal,1281.4494,2026-06-12
148883,INF760K01JQ6,,Canara Robeco Focused Fund - Direct Plan - Growth Option,20.33,2026-06-12
148903,INF179KC1BA3,,HDFC Multi-Asset Active FOF - Growth Option -Direct Plan,20.161,2026-06-12
148913,INF00XX01AE2,,ITI Ultra Short Duration Fund - Direct Plan - Growth Option,1356.1206,2026-06-12
148921,INF209KB1Y49,,Aditya Birla Sun Life Multi-Cap Fund-Direct Growth,21.19,2026-06-12
148925,INF966L01AK9,,quant Quantamental Fund - Growth Option - Direct Plan,27.0185,2026-06-12
148928,INF769K01HH0,,Mirae Asset NYSE FANG + ETF Fund of Fund Direct Growth,39.488,2026-06-12
148945,INF200KA1W00,,SBI Nifty Next 50 Index Fund - Direct Plan - Growth,19.3919,2026-06-12
148954,INF846K01Z20,,Axis Global Innovation Fund of Fund - Direct Plan - Growth,19.38,2026-06-12
148958,INF879O01175,,Parag Parikh Conservative Hybrid Fund - Direct Plan - Growth,15.8963,2026-06-12
148962,INF209KB1Z71,,Aditya Birla Sun Life Nifty 50 Equal Weight Index Fund-Direct Growth,18.5246,2026-06-12
148967,INF200KA1W59,,SBI Fixed Maturity Plan (FMP) - Series 44 (1855 Days) - Direct Plan - Growth,13.5134,2026-06-12
148972,INF00XX01AQ6,,ITI Value Fund - Direct Plan - Growth Option,18.3051,2026-06-12
148978,INF174KA1HA7,,Kotak Nifty 50 Index Fund - Direct Plan-Growth,15.628,2026-06-12
148980,INF761K01FL3,,BANK OF INDIA Large Cap Fund Direct Plan Growth,17.33,2026-06-12
148986,INF179KC1BG0,,HDFC Banking & Financial Services Fund - Growth Option - Direct Plan,18.699,2026-06-12
148990,INF109KC1R14,,ICICI Prudential Flexicap Fund - Direct Plan - Growth,20.0,2026-06-12
148993,INF846K01Z87,,Axis Quant Fund - Direct Plan - Growth,16.8,2026-06-12
148999,INF200KA1W91,,SBI Fixed Maturity Plan (FMP) Series 45 (1840 Days) - Direct Plan - Growth,13.4958,2026-06-12
149007,INF277KA1026,,Tata Floating Rate Fund -Direct Plan-Growth,13.766,2026-06-12
149011,INF205KA1429,,Invesco India Medium Duration Fund - Direct Plan - Growth,1339.0781,2026-06-12
149017,INF209KB12A2,,Aditya Birla Sun Life Fixed Term Plan - Series TI (1837 days) - Direct Plan - Growth Option,13.5213,2026-06-12
149019,INF663L01W06,,PGIM India Small Cap Fund - Direct Plan- Growth Option,18.13,2026-06-12
149029,INF00XX01BC4,,ITI Dynamic Bond Fund - Direct Plan - Growth Option,13.4103,2026-06-12
149039,INF959L01FP2,,Navi Nifty 50 Index Fund-Direct Plan-Growth,15.5268,2026-06-12
149043,INF200KA1X41,,SBI Fixed Maturity Plan (FMP) - Series 46 (1850 Days) - Direct Plan - Growth,13.4872,2026-06-12
149049,INF846K014A6,,Axis Floater Fund - Direct Plan - Growth,1391.5991,2026-06-12
149059,INF174KA1HG4,,Kotak Global Innovation Overseas Equity Omni FOF- Direct Plan -Growth,15.2554,2026-06-12
149062,INF209KB16A3,,Aditya Birla Sun Life Fixed Term Plan - Series TJ (1838 days) - Direct Plan - Growth Option,13.5477,2026-06-12
149071,INF277KA1166,,Tata Business Cycle Fund-Direct Plan-Growth,20.0531,2026-06-12
149076,INF0GCD01370,,TRUSTMF Short Duration Fund-Direct Plan-Growth,1342.4801,2026-06-12
149077,,INF0GCD01388,TRUSTMF Short Duration Fund-Direct Plan-Weekly Income Distribution Cum Capital Withdrawal,1131.6735,2026-06-12
149078,INF0GCD01396,INF0GCD01404,TRUSTMF Short Duration Fund-Direct Plan-Monthly Income Distribution Cum Capital Withdrawal,1156.175,2026-06-12
149079,INF0GCD01412,INF0GCD01420,TRUSTMF Short Duration Fund-Direct Plan-Quarterly Income Distribution Cum Capital Withdrawal,1175.5665,2026-06-12
149085,INF760K01JW4,,Canara Robeco Value Fund - Direct Plan - Growth Option,18.86,2026-06-12
149091,INF789F1AVA3,,UTI Focused Fund - Direct Plan - Growth Option,15.7442,2026-06-12
149094,INF204KC1121,,Nippon India Flexi Cap Fund - Direct Plan - Growth Plan - Growth Option,17.1622,2026-06-12
149098,INF194KB1CF2,,Bandhan US specific Equity Active FOF - GROWTH - DIRECT PLAN,20.65,2026-06-12
149104,INF174V01AS2,,Mahindra Manulife Flexi Cap Fund - Direct Plan -Growth,16.7412,2026-06-12
149107,INF179KC1BM8,,HDFC NIFTY50 Equal weight Index Fund - Direct Plan - Growth Option,18.1186,2026-06-12
149112,INF769K01HN8,,Mirae Asset Money Market Fund Direct Growth,1353.9065,2026-06-12
149117,INF582M01HG5,,Union Money Market Fund - Direct Plan -  Growth Option,1343.5415,2026-06-12
149129,INF204KC1170,,Nippon India Fixed Maturity Plan - XLIII - Series 1- Direct Plan - Growth Option,13.3758,2026-06-12
149130,INF204KC1188,,Nippon India Fixed Maturity Plan - XLIII - Series 1 - Direct Plan - Income Distribution Cum Capital Withdrawal Plan,13.3758,2026-06-12
149134,INF200KA1Y73,,SBI Balanced Advantage Fund - Direct Plan - Growth,16.3947,2026-06-12
149141,INF955L01KK1,,Baroda BNP Paribas Business Cycle Fund - Direct Plan - Growth,16.5377,2026-06-12
149147,INF200KA1Z23,,SBI Fixed Maturity Plan (FMP) - Series 49 (1823 Days) - Direct Plan - Growth,13.3759,2026-06-12
149158,INF109KC1R89,,ICICI Prudential Nifty Alpha Low - Volatility 30 ETF FOF - Direct Plan - Growth,14.4618,2026-06-12
149166,INF846K010C0,,Axis Value Fund - Direct Plan - Growth,20.12,2026-06-12
149170,INF769K01HR9,,Mirae Asset S&P 500 Top 50 ETF Fund of Fund Direct Growth,27.665,2026-06-12
149174,INF200KA1Z64,,SBI Fixed Maturity Plan (FMP) - Series 50 (1843 Days) - Direct Plan - Growth,13.2434,2026-06-12
149180,INF179KC1BO4,,HDFC Developed World Overseas Equity Passive FOF - Direct Plan - Growth Option,21.289,2026-06-12
149185,INF174KA1HV3,,Kotak Multicap Fund-Direct Plan-Growth,20.766,2026-06-12
149190,INF740KA1QH8,,DSP FMP Series - 264 - 60M - 17D - Direct - Growth,13.2669,2026-06-12
149195,INF200KA10A7,,SBI Fixed Maturity Plan (FMP) - Series 51 (1846 Days) - Direct Plan - Growth,13.2329,2026-06-12
149199,INF209KB18B7,,Aditya Birla Sun Life Nifty SDL Plus PSU Bond SEP 2026 60:40 Index Fund-Direct Growth,13.1387,2026-06-12
149210,INF109KC1S88,,ICICI Prudential Nifty PSU Bond Plus SDL Sep 2027 40:60 Index Fund - Direct Plan Growth,13.1653,2026-06-12
149219,INF109KC1U50,,ICICI Prudential NASDAQ 100 Index Fund - Direct Plan - Growth,24.6055,2026-06-12
149230,INF174V01AY0,,Mahindra Manulife Asia Pacific REITs FOF - Direct Plan - Growth,11.2118,2026-06-12
149232,INF200KA14A9,,SBI Fixed Maturity Plan (FMP) - Series 52 (1848 Days) - Direct Plan - Growth,13.2128,2026-06-12
149240,INF247L01AQ1,,Motilal Oswal 5 Year G-Sec Fund Of Fund Direct -Growth,13.0635,2026-06-12
149247,INF754K01MT7,,Edelweiss NIFTY PSU Bond Plus SDL Apr 2027 50:50 Index Fund - Direct Plan Growth,13.1912,2026-06-12
149250,INF754K01NB3,,Edelweiss Nifty 50 Index Fund Direct Plan Growth,13.9403,2026-06-12
149254,INF754K01NJ6,,Edelweiss Nifty 100 Quality 30 Index Fund Direct Plan Growth,14.1607,2026-06-12
149261,INF767K01QY0,,LIC MF Balanced Advantage Fund-Direct Plan-Growth,14.1351,2026-06-12
149264,INF0J8L01040,,NJ Balanced Advantage Fund - Direct Plan - Growth Option,14.09,2026-06-12
149268,INF00XX01BO9,,ITI Pharma and Healthcare Fund - Direct Plan - Growth Option,18.2901,2026-06-12
149279,INF200KA18A0,,SBI Fixed Maturity Plan (FMP) - Series 53 (1839 Days) - Direct Plan - Growth,13.2286,2026-06-12
149283,INF109KC1V18,,ICICI Prudential Nifty Smallcap 250 Index Fund - Direct Plan - Growth,17.5142,2026-06-12
149288,INF179KC1BQ9,,HDFC NIFTY Next 50 Index Fund - Direct Plan - Growth Option,16.5338,2026-06-12
149291,INF209KB18C5,,Aditya Birla Sun Life US Equity Passive FOF-Direct-Growth,23.1725,2026-06-12
149295,INF209KB14D2,,Aditya Birla Sun Life Business Cycle Fund-Direct Growth,15.86,2026-06-12
149298,INF663L01W63,,PGIM India Global Select Real Estate Securities Fund of Fund - Direct Plan - Growth Option,13.91,2026-06-12
149303,INF194KB1CL0,,BANDHAN MULTI CAP FUND - GROWTH - DIRECT PLAN,18.149,2026-06-12
149307,INF200KA12B1,,SBI Fixed Maturity Plan (FMP) - Series 54 (1842 Days) - Direct Plan - Growth,13.2093,2026-06-12
149318,INF579M01AI2,,360 ONE QUANT FUND DIRECT GROWTH,19.1188,2026-06-12
149319,INF579M01AJ0,INF579M01AK8,360 ONE QUANT FUND DIRECT INCOME DISTRIBUTION CUM CAPITAL WITHDRAWAL,19.1188,2026-06-12
149321,INF00XX01BU6,,ITI Banking and Financial Services Fund - Direct Plan - Growth Option,17.0395,2026-06-12
149329,INF204KC1303,,Nippon India Taiwan Equity Fund- Direct Plan- Growth Option,38.2502,2026-06-12
149331,INF109KC1V91,,ICICI Prudential BSE 500 ETF FOF - Direct Plan - Growth,15.4424,2026-06-12
149335,INF966L01AN3,,Quant Value Fund - Growth Option  - Direct Plan,23.871,2026-06-12
149339,INF754K01NS7,INF754K01NT5,Edelweiss NIFTY Large Midcap 250 Index Fund - Direct Plan Payout,16.8703,2026-06-12
149343,INF754K01NR9,,Edelweiss NIFTY Large Midcap 250 Index Fund - Direct Plan Growth,16.8702,2026-06-12
149345,INF200KA16B2,,SBI Fixed Maturity Plan (FMP) - Series 55 (1849 Days) - Direct Plan - Growth,13.1802,2026-06-12
149361,INF277KA1224,,Tata Corporate Bond Fund-Direct Plan-Growth,13.2598,2026-06-12
149368,INF179KC1BS5,,HDFC Multi Cap Fund - Growth Option - Direct Plan,19.031,2026-06-12
149373,INF846K013D2,,Axis Nifty 50 Index Fund - Direct Plan - Growth,14.3042,2026-06-12
149381,INF769K01HU3,,Mirae AssetHang Seng TECH ETF Fund of Fund Direct Plan - Growth Option,11.985,2026-06-12
149383,INF846K013E0,,Axis Multicap Fund - Direct Growth,19.09,2026-06-12
149389,INF109KC1W58,,ICICI Prudential Nifty Midcap 150 Index Fund - Direct Plan - Growth,19.8924,2026-06-12
149401,INF754K01NY5,,BHARAT Bond ETF FOF - April 2032 Direct Growth,13.2581,2026-06-12
149406,INF174V01BE0,,Mahindra Manulife Balanced Advantage Fund - Direct Plan - Growth,15.5586,2026-06-12
149409,INF109KC17H6,,ICICI Prudential Overnight fund - Direct Plan - Unclaimed Redemption Stable Scheme,1000.0,2026-06-12
149410,INF109KC15H0,,ICICI Prudential Overnight fund - Direct Plan - Unclaimed Redemption Transitory Scheme,1293.6811,2026-06-12
149431,INF200KA14C5,,SBI Fixed Maturity Plan (FMP) - Series 57 (1835 Days) - Direct Plan - Growth,13.1,2026-06-12
149441,INF109KC1Y15,,ICICI Prudential Passive Multi-Asset Fund of Funds - Direct Plan - Growth,16.7283,2026-06-12
149447,INF959L01FR8,,Navi Nifty Next 50 Index Fund- Direct Plan- Growth,16.6569,2026-06-12
149450,INF0K1H01024,,Samco Flexi Cap Fund - Direct Plan - Growth Option,10.37,2026-06-12
149455,INF109KC1Z55,,ICICI Prudential Strategic Metal and Energy Equity Fund of Fund - Direct Plan Growth,29.4896,2026-06-12
149460,INF200KA18C6,,SBI Fixed Maturity Plan (FMP) - Series 58 (1842 Days) - Direct Plan - Growth,13.2082,2026-06-12
149466,INF846K019E7,,Axis Nifty Next 50 Index Fund - Direct Plan - Growth,17.3557,2026-06-12
149474,INF200KA13D5,,SBI CPSE Bond Plus SDL Sep 2026 50:50 Index Fund - Direct Plan - Growth,13.0369,2026-06-12
149482,INF173K01EW1,INF173K01EX9,Sundaram Nifty 100 Equal Weight Fund (Formerly Known as Principal Nifty 100 Equal Weight Fund)- Direct Plan - Income Distribution CUM Capital Withdrawal Option,76.9854,2026-06-12
149483,INF173K01EZ4,,Sundaram Nifty 100 Equal Weight Fund (Formerly Known as Principal Nifty 100 Equal Weight Fund) - Direct Plan - Growth Option,188.5406,2026-06-12
149526,INF173K01FS6,,Sundaram Low Duration Fund (Formerly Known as Principal Low Duration Fund) - Direct Plan - Growth Option,3923.9132,2026-06-12
149533,INF173K01EK6,,Sundaram Focused Fund (Formerly Known as Principal Focused Multicap Fund)- Direct Plan - Growth Option,174.0185,2026-06-12
149539,INF173K01HI3,,Sundaram Ultra Short Duration Fund (Formerly Known as Principal Ultra Short Term Fund)- Direct Plan -Growth Option,3104.0884,2026-06-12
149549,INF173K01NC4,INF173K01NE0,Sundaram Arbitrage Fund( Formerly Known as Principal Arbitrage Fund) - Direct Plan- Monthly Income Distribution CUM Capital Withdrawal,14.0034,2026-06-12
149550,INF173K01NF7,,Sundaram Arbitrage Fund (Formerly Known as Prinicpal Arbitrage Fund) - Direct Plan - Growth,16.1952,2026-06-12
149570,INF173K01HZ7,,Sundaram ELSS Tax Saver Fund Direct Plan Growth,518.1335,2026-06-12
149587,INF173K01GP0,,Sundaram Short Duration Fund (Formerly Known as Principal Short Term Debt Fund)- Direct Plan - Growth Option,50.5598,2026-06-12
149601,INF173K01FE6,,Sundaram Aggressive Hybrid Fund (Formerly Known as Principal Hybrid Equity Fund)- Direct Plan - Growth Option,179.5487,2026-06-12
149602,INF173K01FB2,INF173K01FC0,Sundaram Aggressive Hybrid Fund(Formerly Known as Principal Hybrid Equity Fund)-Direct Plan - Monthly Income Distribution CUM Capital Withdrawal Option,38.2927,2026-06-12
149664,INF173K01GU0,,Sundaram Liquid Fund (Formerly Known as Principal Cash Management Fund) - Direct Plan - Growth Option,2468.8109,2026-06-12
149669,INF173K01FQ0,,Sundaram Multi Cap Fund (Formerly Known as Principal Multi Cap Growth Fund)-Direct Plan - Growth Option,412.6466,2026-06-12
149679,INF173K01GZ9,,Sundaram Equity Savings Fund (Formerly Known as Principal Equity Savings Fund) - Direct Plan - Growth Option,82.2747,2026-06-12
149717,INF173K01FI7,,Sundaram Balanced Advantage Fund ( Formerly Known as Principal Balanced Advantage Fund) - Direct Plan - Growth Option,40.7202,2026-06-12
149718,INF173K01FF3,INF173K01FG1,Sundaram Balanced Advantage Fund (Formerly Known as Principal Balanced Advantage Fund) - Direct Plan - Monthly Income Distribution CUM Capital Withdrawal Option,17.4671,2026-06-12
149760,INF204KC1378,,Nippon India Silver ETF FOF- Direct Plan-Growth Option,36.6262,2026-06-12
149763,INF205KA1494,,Invesco India Flexi Cap Fund - Direct Plan - Growth,19.33,2026-06-12
149775,INF109KC1Y98,,ICICI Prudential Silver ETF FOF - Direct Plan - Growth,36.7926,2026-06-12
149780,INF209KB16F2,,Aditya Birla Sun Life Silver ETF FOF-Direct Growth,37.2773,2026-06-12
149790,INF769K01HZ2,,Mirae Asset Nifty India Manufacturing ETF FOF - Direct Plan - Growth,19.95,2026-06-12
149794,INF209KB11F3,,Aditya Birla Sun Life Nifty SDL Apr 2027 Index Fund-Direct Growth,13.1501,2026-06-12
149797,INF0GCD01453,,TRUST MF OVERNIGHT FUND-DIRECT PLAN-GROWTH,1286.4467,2026-06-12
149800,INF247L01AV1,,Motilal Oswal Nifty 200 Momentum 30 Index Fund-Direct Plan,15.1718,2026-06-12
149803,INF789F1AVD7,,UTI BSE Sensex Index Fund - Direct Plan - Growth Option,13.5967,2026-06-12
149804,INF959L01FT4,,Navi Nifty Bank Index Fund- Direct Plan- Growth,14.9329,2026-06-12
149816,INF740KA1QP1,,DSP Global Innovation Overseas Equity Omni FoF - Direct - Growth,22.5194,2026-06-12
149822,INF200KA19D2,,SBI Fixed Maturity Plan (FMP) - Series 59 (1618 Days) - Direct Plan - Growth,12.9738,2026-06-12
149826,INF192K01MK9,,JM Overnight Fund - (Direct) - Unclaimed Redemption I.E.F. - Growth Plan,1073.9936,2026-06-12
149829,INF192K01MI3,,JM Overnight Fund - (Direct) - Unclaimed Redemption - Growth Plan,1378.6399,2026-06-12
149830,INF959L01FV0,,Navi Total Stock Market US Specific Equity Passive FoF- Direct Plan- Growth,22.1151,2026-06-12
149832,INF194KB1CR7,,BANDHAN NIFTY 100 INDEX FUND - DIRECT PLAN - GROWTH,14.7208,2026-06-12
149838,INF209KB10G3,,Aditya Birla Sun Life Nifty Next 50 Index Fund-Direct Growth,17.3922,2026-06-12
149841,INF174KA1IF4,,Kotak Manufacture in India Fund - Direct Plan Growth,21.841,2026-06-12
149847,INF846K011G9,,Axis Multi Factor Passive FoF - Direct Plan - Growth Option,15.4877,2026-06-12
149855,INF174KA1IL2,,Kotak Nifty SDL Apr  2027 Top 12 Equal Weight Index Fund-Direct Plan-Growth,13.0592,2026-06-12
149858,INF109KC11A4,,ICICI Prudential Nifty Bank Index Fund - Direct Plan Growth,16.3407,2026-06-12
149865,INF174KA1IR9,,Kotak Nifty SDL Apr 2032 Top 12 Equal Weight Index Fund-Direct Plan- Growth,13.2793,2026-06-12
149868,INF179KC1BY3,,HDFC NIFTY 100 Index Fund - Direct Plan - Growth Option,14.6372,2026-06-12
149870,INF179KC1CA1,,HDFC Nifty 100 Equal Weight Index Fund - Direct Plan - Growth Option,17.0406,2026-06-12
149873,INF846K017G6,,Axis CRISIL IBX SDL May 2027 Index Fund - Direct Plan - Growth,13.0454,2026-06-12
149878,INF200KA13E3,,SBI Fixed Maturity Plan (FMP) - Series 60 (1878 Days) - Direct Plan - Growth,13.1145,2026-06-12
149881,INF789F1AVF2,,UTI BSE Low Volatility Index Fund - Direct Plan  - Growth Option,16.0367,2026-06-12
149882,INF200KA18E2,,SBI Multicap Fund- Direct Plan- Growth option,17.1768,2026-06-12
149892,INF959L01FX6,,Navi Nifty Midcap 150 Index Fund Direct Plan- Growth,21.0613,2026-06-12
149894,INF846K013H3,,Axis Nifty Smallcap 50 Index Fund - Direct Plan - Growth Option,19.0718,2026-06-12
149910,INF959L01FZ1,,Navi NASDAQ100 US Specific Equity Passive FOF- Direct- Growth,25.14,2026-06-12
149917,INF204KC1477,,Nippon India Fixed Maturity Plan-XLIII-Series 5- Direct Plan-Growth Option,13.3515,2026-06-12
149919,INF247L01AY5,,Motilal Oswal BSE Low Volatility Index Fund-Direct plan,15.9167,2026-06-12
149924,INF179KC1CC7,,HDFC FMP 1861D March 2022 - Growth Option - Direct Plan,13.1775,2026-06-12
149936,INF846K019H0,,Axis Nifty Midcap 50 Index Fund - Direct Plan - Growth Option,20.9781,2026-06-12
149961,INF205KA1585,,Invesco India - Invesco EQQQ Nasdaq-100 ETF Fund of Fund - Direct Plan - Growth,26.4102,2026-06-12
149966,INF336L01QH7,,HSBC CRISIL IBX 50:50 Gilt Plus SDL Apr 2028 Index Fund - Direct - Growth,13.1639,2026-06-12
149970,INF740KA1QV9,,DSP Nifty SDL Plus G-Sec Jun 2028 30:70 Index Fund - Direct - Growth,13.1729,2026-06-12
149993,INF200KA13F0,,SBI Fixed Maturity Plan (FMP)- Series 61 (1927 Days)- Direct Plan- Growth option,13.1457,2026-06-12
149995,INF200KA14F8,,SBI Fixed Maturity Plan (FMP)- Series 61 (1927 Days)- Direct Plan- Income Distribution Cum Capital withdrawal option,13.1459,2026-06-12
149999,INF109KC14B6,,ICICI Prudential Nifty SDL Sep 2027 Index Fund - Direct Plan - Growth,13.0567,2026-06-12
150002,INF179KC1CO2,,HDFC FMP 1876D March 2022 - Growth Option - Direct Plan,13.1256,2026-06-12
150012,INF204KC1527,,Nippon India Nifty AAA CPSE Bond Plus SDL - Apr 2027 Maturity 60:40 Index Fund - Direct Plan - Growth Option,12.9489,2026-06-12
150159,INF251K01HF3,,BARODA BNP PARIBAS ELSS Tax Saver Fund - Direct Plan - Growth Option,108.907,2026-06-12
150169,INF251K01GJ7,,BARODA BNP PARIBAS LOW DURATION Fund - Direct Plan - Growth Option,46.5511,2026-06-12
150180,INF251K01GW0,,Baroda BNP Paribas Dynamic Bond Fund - Direct Plan - Growth Option,51.8628,2026-06-12
150187,INF251K01HN7,,BARODA BNP PARIBAS LARGE CAP Fund - Direct Plan - Growth Option,248.5955,2026-06-12
150206,INF251K01HR8,,BARODA BNP PARIBAS Conservative Hybrid Fund - Direct Plan - Growth Option,56.6963,2026-06-12
150212,INF251K01HQ0,,BARODA BNP PARIBAS Mid Cap Fund - Direct Plan - Growth Option,129.2181,2026-06-12
150237,INF251K01GP4,,BARODA BNP PARIBAS Corporate Bond Fund - Direct Plan - Growth Option,30.8984,2026-06-12
150251,INF251K01OT0,,BARODA BNP PARIBAS ARBITRAGE FUND-DIRECT PLAN-GROWTH OPTION,17.9734,2026-06-12
150260,INF251K01OZ7,,Baroda BNP Paribas Aggressive Hybrid Fund- DIRECT PLAN - GROWTH OPTION,31.7349,2026-06-12
150264,INF251K01PN0,,BARODA BNP PARIBAS Focused Fund - Direct Plan - Growth Option,23.5544,2026-06-12
150266,INF251K01PT7,,BARODA BNP PARIBAS India Consumption Fund - Direct Plan - Growth Option,32.4137,2026-06-12
150285,INF251K01QT5,,Baroda BNP Paribas Aqua Fund of Fund - Direct Plan - Growth Option,16.3121,2026-06-12
150310,INF109KC10C2,,ICICI PRUDENTIAL HOUSING OPPORTUNITIES FUND - Direct Plan Growth,17.83,2026-06-12
150313,INF789F1AVH8,,UTI Nifty Midcap 150 Quality 50 Index Fund - Direct Plan - Growth Option,14.0205,2026-06-12
150316,INF209KB14H3,,Aditya Birla Sun Life Fixed Term Plan - Series TQ (1879 days) - Direct Plan - Growth Option,13.1051,2026-06-12
150326,INF277KA1372,,Tata Nifty SDL Plus AAA PSU Bond Dec 6040 Index Fund- Direct Plan-Growth,13.1661,2026-06-12
150344,INF277KA1430,,Tata Nifty India Digital ETF Fund of Fund-Direct Plan-Growth,12.4557,2026-06-12
150346,INF03VN01530,,WhiteOak Capital Flexi Cap Fund Direct Plan-Growth,18.031,2026-06-12
150353,INF209KB19H2,,Aditya Birla Sun Life Crisil IBX 60:40 SDL+AAA PSU-Apr 2027 Index Fund-Direct Growth,12.9655,2026-06-12
150358,INF769K01IH8,,Mirae Asset Nifty SDL Jun 2027 Index Fund -Direct Plan - Growth,13.0635,2026-06-12
150367,INF0J8L01065,,NJ Arbitrage Fund - Direct Plan - Growth Option,12.934,2026-06-12
150369,INF0J8L01081,,NJ Overnight Fund - Direct Plan - Growth Option,1259.0608,2026-06-12
150376,INF754K01OP1,,Edelweiss Focused Fund - Direct Plan - Growth,17.067,2026-06-12
150387,INF251K01QZ2,,Baroda BNP Paribas Flexi Cap Fund - Direct Plan - Growth Option,16.1905,2026-06-12
150390,INF082J01416,,Quantum Nifty 50 ETF Fund of Fund - Direct Plan - Growth,14.0141,2026-06-12
150392,INF767K01RE0,,LIC MF Money Market Fund-Direct Plan-Growth,1277.0362,2026-06-12
150404,INF194KB1DJ2,,BANDHAN MIDCAP FUND - GROWTH - DIRECT PLAN,19.082,2026-06-12
150407,INF582M01HW2,,Union Gilt Fund - Direct Plan - Growth Option,12.2805,2026-06-12
150410,INF789F1AVR7,,UTI Gilt Fund with 10 year Constant Duration - Direct Plan - Growth Option,13.1945,2026-06-12
150428,INF740KA1RB9,,DSP Nifty Midcap 150 Quality 50 Index Fund - Direct - Growth,14.462,2026-06-12
150440,INF966L01AT0,,quant Large Cap Fund - Growth Option - Direct Plan,16.285,2026-06-12
150443,INF247L01BC9,,Motilal Oswal BSE Financials ex Bank 30 Index Fund Direct Growth,16.6088,2026-06-12
150452,INF109KC11D8,,ICICI Prudential Nifty 200 Momentum 30 Index Fund - Direct Plan - Growth,16.5454,2026-06-12
150460,INF200KA15M1,,SBI Fixed Maturity Plan (FMP) - Series 67 (1467 Days) - Direct Plan - Growth,13.0605,2026-06-12
150468,INF109KC13E2,,ICICI Prudential Nifty IT Index Fund - Direct Plan - Growth,9.8606,2026-06-12
150470,INF769K01IN6,,Mirae Asset Balanced Advantage Fund Direct Plan- Growth,15.083,2026-06-12
150481,INF090I01WQ5,,Franklin India Balanced Advantage Fund- Growth- Direct,14.9906,2026-06-12
150484,INF209KB17J2,,Aditya Birla Sun Life Long Duration Fund-Direct Growth,13.1953,2026-06-12
150487,INF204KC1584,,Nippon India Nifty Alpha Low Volatility 30 Index Fund - Direct Plan - Growth Option,15.4808,2026-06-12
150505,INF760K01KC4,,Canara Robeco Banking and PSU Debt Fund- Direct Plan- Growth Option,12.746,2026-06-12
150513,INF0GCD01503,,TRUSTMF MONEY MARKET FUND-DIRECT PLAN-GROWTH,1297.677,2026-06-12
150515,INF959L01GD6,,Navi Nifty India Manufacturing Index Fund- Direct Plan- Growth,19.0391,2026-06-12
150518,INF247L01BF2,,Motilal Oswal BSE Enhanced Value Index Fund-Direct plan,28.1701,2026-06-12
150521,INF247L01BI6,,Motilal Oswal BSE Quality Index Fund-Direct plan,17.3215,2026-06-12
150532,INF277KA1497,,Tata Housing Opportunities Fund - Direct Plan - Growth,15.3503,2026-06-12
150539,INF109KC12I5,,ICICI Prudential PSU Equity Fund - Direct Plan - Growth,22.71,2026-06-12
150545,INF192K01MP8,,JM Short Duration Fund (Direct) - Growth,12.9525,2026-06-12
150547,INF179KC1DC5,,HDFC FMP 1406D August 2022 - Growth Option - Direct Plan,12.9556,2026-06-12
150554,INF582M01IK5,,Union Retirement Fund - Direct Plan - Growth Option,16.67,2026-06-12
150571,INF903JA1LE2,,Sundaram Flexicap Fund Direct Growth,14.7957,2026-06-12
150581,INF754K01OX5,,Edelweiss Gold and Silver ETF FOF - Direct Plan - Growth,34.446,2026-06-12
150584,INF03VN01597,,WhiteOak Capital Mid Cap Fund Direct Plan Growth,21.721,2026-06-12
150587,INF03VN01621,,WhiteOak Capital ELSS Tax Saver Fund Direct Plan Growth,18.053,2026-06-12
150591,INF194KB1DP9,,BANDHAN NIFTY200 MOMENTUM 30 INDEX FUND - GROWTH - DIRECT PLAN,15.5359,2026-06-12
150595,INF769K01IQ9,,Mirae Asset Global Electric & Autonomous Vehicles Equity Passive FOF - Direct Plan - Growth,18.802,2026-06-12
150597,INF769K01IS5,,Mirae Asset Global X Artificial Intelligence & Technology ETF Fund of Fund - Direct Plan- Growth,35.85,2026-06-12
150615,INF846K015J4,,Axis Silver Fund of Fund- Direct Plan-Growth Option,41.2443,2026-06-12
150624,INF174KA1JN6,,Kotak Business Cycle - Direct Plan - Growth,17.24,2026-06-12
150627,INF204KC1634,,Nippon India Fixed Maturity Plan-XLIV-Series 1-Direct Plan-Growth Option,13.2185,2026-06-12
150631,INF0K1H01040,,Samco Overnight Fund - Direct Plan - Growth Option,1242.158,2026-06-12
150636,INF194KB1DV7,,BANDHAN NIFTY100 LOW VOLATILITY 30 INDEX FUND - GROWTH - DIRECT PLAN,15.3212,2026-06-12
150639,INF109KC10J7,,ICICI Prudential Nifty50 Equal Weight Index Fund- Direct Plan - Growth,16.6746,2026-06-12
150642,INF247L01BM8,,Motilal Oswal Gold and Silver Passive Fund of Funds(Direct Plan),30.9466,2026-06-12
150643,INF109KC16J4,,ICICI Prudential Nifty Auto Index Fund - Direct Plan - Growth,21.1555,2026-06-12
150655,,,HDFC FMP 1359D September - Growth Option - Direct Plan,12.9653,2026-06-12
150659,INF767K01RK7,,LIC MF Multi Cap Fund-Direct Plan-Growth,18.4714,2026-06-12
150671,INF754K01PF9,,Edelweiss CRISIL IBX 50:50 Gilt Plus SDL April 2037 Index Fund - Direct Plan - Growth,13.2812,2026-06-12
150673,INF200KA10P5,,SBI Nifty Midcap 150 Index Fund - Direct Plan - Growth,19.3774,2026-06-12
150677,INF200KA16P2,,SBI Nifty Smallcap 250 Index Fund - Direct Plan - Growth,18.6076,2026-06-12
150681,INF200KA12Q9,,SBI |CRISIL IBX Gilt Index - June 2036 Fund - Direct Plan - Growth,13.3688,2026-06-12
150685,INF109KC12K1,,ICICI PRUDENTIAL TRANSPORTATION AND LOGISTICS FUND - Direct Plan - Growth,20.83,2026-06-12
150688,INF209KB15M0,,Aditya Birla Sun Life Multi-Asset Passive FOF-Direct Growth,17.0596,2026-06-12
150702,INF209KB14N1,,Aditya Birla Sun Life Crisil IBX 50:50 Gilt Plus SDL Apr 2028 Index Fund-Direct Growth,13.1683,2026-06-12
150706,INF200KA18Q6,,SBI CRISIL IBX Gilt Index - April 2029 Fund - Direct Plan - Growth,13.2592,2026-06-12
150711,INF200KA14R3,,SBI CRISIL IBX SDL Index - September 2027 Fund - Direct Plan - Growth,13.0573,2026-06-12
150714,INF789F1AWB9,,UTI Gold ETF Fund of Fund - Direct Plan - Growth Option,28.3557,2026-06-12
150716,INF194KB1EB7,,BANDHAN TRANSPORTATION AND LOGISTICS FUND - GROWTH - DIRECT PLAN,19.982,2026-06-12
150725,INF174KA1JT3,,Kotak Nifty SDL Plus AAA PSU Bond Jul 2028 60:40 Index Fund Direct Plan - Growth,13.0923,2026-06-12
150727,INF754K01PN3,,Edelweiss CRISIL IBX 50:50 Gilt Plus SDL June 2027 Index Fund - Direct Plan - Growth,13.0576,2026-06-12
150729,INF109KC14L5,,ICICI Prudential Nifty SDL Dec 2028 Index Fund - Direct Plan - Growth,13.2357,2026-06-12
150733,INF109KC18K8,,ICICI Prudential Nifty G-Sec Dec 2030 Index Fund - Direct Plan - Growth,13.3027,2026-06-12
150737,INF179KC1DU7,,HDFC Silver ETF Fund of Fund - Growth Option - Direct Plan,39.7438,2026-06-12
150738,INF277KA1612,,Tata Nifty Midcap 150 Momentum 50 Index Fund - Growth - Direct Plan,18.4138,2026-06-12
150751,INF846K012K9,,Axis NASDAQ 100 US Specific Equity Passive FOF - Direct Plan - Growth,29.9701,2026-06-12
150754,INF204KC1683,,Nippon India Nifty AAA PSU Bond Plus SDL - Sep 2026 Maturity 50:50 Index Fund-Direct Plan-Growth Option,12.9244,2026-06-12
150778,INF209KB12O3,,Aditya Birla Sun Life Crisil IBX Gilt-Apr-2029 Index Fund-Direct Growth,13.309,2026-06-12
150792,INF769K01IX5,,Mirae Asset CRISIL IBX Gilt Index - April 2033 Index Fund - Direct Plan - Growth,13.3175,2026-06-12
150797,INF03VN01696,,WhiteOak Capital Large Cap Fund Direct Plan Growth,15.184,2026-06-12
150805,INF179KC1DY9,,HDFC Business Cycle Fund - Growth Option - Direct Plan,14.898,2026-06-12
150807,INF754K01PV6,,Edelweiss CRISIL IBX 50:50 Gilt Plus SDL Sep 2028 Index Fund - Direct Plan - Growth,13.1082,2026-06-12
150815,INF192K01MV6,,JM Midcap Fund (Direct) - Growth,21.3537,2026-06-12
150817,INF760K01KI1,,Canara Robeco Mid Cap Fund- Direct Plan- Growth Option,18.2,2026-06-12
150822,INF174KA1KJ2,,Kotak Income Plus Arbitrage Omni FOF-Direct Plan-Growth,13.0365,2026-06-12
150824,INF204KC1741,,Nippon India Nifty SDL Plus G-Sec - Jun 2028 Maturity 70:30 Index Fund-Direct Plan-Growth Option,12.9538,2026-06-12
150838,INF0K1H01065,,Samco ELSS Tax Saver Fund - Direct Plan - Growth Option,13.06,2026-06-12
150842,INF740KA1YL4,,DSP FMP Series - 267 - 1172 Days - Direct - Growth,12.8799,2026-06-12
150845,INF179KC1EE9,,HDFC Nifty G-Sec Dec 2026 Index Fund - Growth Option - Direct Plan,12.8762,2026-06-12
150847,INF179KC1EH2,,HDFC Nifty G-Sec July 2031 Index Fund - Growth Option - Direct Plan,13.2203,2026-06-12
150854,INF846K018K6,,Axis Nifty SDL September 2026 Debt Index Fund - Direct Plan - Growth,12.8608,2026-06-12
150858,INF582M01IO7,,Union Multicap Fund - Direct Plan - Growth Option,17.13,2026-06-12
150865,INF251K01RF2,,Baroda BNP Paribas Multi Asset Fund - Direct Plan - Growth Option,16.6088,2026-06-12
150868,INF194KB1ET9,,BANDHAN CRISIL IBX 90:10 SDL PLUS GILT - NOV 2026 INDEX FUND - DIRECT GROWTH,12.8991,2026-06-12
150871,INF194KB1EN2,,BANDHAN CRISIL IBX 90:10 SDL PLUS GILT APRIL 2032 INDEX FUND - DIRECT GROWTH,13.0302,2026-06-12
150888,INF194KB1EZ6,,BANDHAN CRISIL IBX 90:10 SDL PLUS GILT - SEP27 INDEX FUND - DIRECT GROWTH,12.9415,2026-06-12
150892,INF754K01QT8,,Edelweiss Nifty Smallcap 250 Index Fund - Direct Plan - Growth,17.7765,2026-06-12
150899,INF754K01QL5,,Edelweiss Nifty Next 50 Index Fund - Direct Plan - Growth,16.3066,2026-06-12
150902,INF754K01QD2,,Edelweiss Nifty Midcap150 Momentum 50 Index Fund - Direct Plan - Growth,18.4403,2026-06-12
150906,INF204KC1881,,Nippon India Nifty G-Sec Sep 2027 Maturity Index Fund-Direct Plan-Growth Option,12.7998,2026-06-12
150915,INF174V01BK7,,Mahindra Manulife Small Cap Fund - Direct Plan - Growth,21.2514,2026-06-12
150920,INF204KC1AC0,,Nippon India Nifty G-Sec Jun 2036 Maturity Index Fund-Direct Plan-Growth Option,13.0819,2026-06-12
150930,INF109KC11M9,,ICICI Prudential Nifty Pharma Index Fund - Direct Plan - Growth,18.8566,2026-06-12
150989,INF754K01RC2,,BHARAT Bond ETF FOF - April 2033 - Direct Plan - Growth,12.8989,2026-06-12
150996,INF917K01HN3,,HSBC Corporate Bond Fund - Direct Growth,82.1512,2026-06-12
151014,INF917K01FI7,,HSBC Gilt Fund - Direct Growth,76.3411,2026-06-12
151036,INF917K01FZ1,,HSBC Midcap Fund - Direct Growth,505.4938,2026-06-12
151040,INF917K01FW8,,HSBC Infrastructure Fund - Direct Growth,55.4619,2026-06-12
151045,INF917K01UH8,,HSBC Credit Risk Fund - Direct Growth,37.1284,2026-06-12
151054,INF917K01FE6,,HSBC Money Market Fund - Direct Growth,29.3301,2026-06-12
151060,INF917K01GE4,,HSBC Equity Savings Fund - Direct Growth,40.3593,2026-06-12
151067,INF917K01IQ4,,HSBC Short Duration Fund - Direct Growth,29.5512,2026-06-12
151078,INF917K01GP0,,HSBC ELSS Tax saver Fund - Direct Growth,148.2905,2026-06-12
151087,INF917K01HA0,,HSBC Dynamic Bond Fund - Direct Growth,33.0417,2026-06-12
151107,INF917K01HH5,,HSBC Banking and PSU Debt Fund - Direct Growth,26.8802,2026-06-12
151113,INF917K01HD4,,HSBC Value Fund - Direct Growth,124.8484,2026-06-12
151117,INF917K01GM7,,HSBC Low Duration Fund - Direct Growth,32.1151,2026-06-12
151122,INF917K01LE4,,HSBC Aggressive Hybrid Fund - Direct Growth,65.0751,2026-06-12
151129,INF917K01IN1,,HSBC Balanced Advantage Fund - Direct Growth,50.288,2026-06-12
151130,INF917K01QA1,,HSBC Small Cap Fund - Direct Growth,92.7737,2026-06-12
151138,INF917K01QR5,,HSBC Arbitrage Fund - Direct Growth,21.5364,2026-06-12
151142,INF917K01RI2,,HSBC Business Cycles Fund - Direct Growth,45.6968,2026-06-12
151146,INF917K01TK4,,HSBC Medium Duration Fund - Direct Growth,23.5806,2026-06-12
151157,INF917K01D12,,HSBC NIFTY 50 INDEX FUND - Direct Growth,27.8446,2026-06-12
151160,INF917K01D79,,HSBC NIFTY NEXT 50 INDEX FUND - Direct Growth,30.615,2026-06-12
151165,INF579M01AN2,,360 ONE ELSS Tax Saver Nifty 50 Index Fund - Direct Plan - Growth,13.3807,2026-06-12
151179,INF846K014L3,,Axis Long Duration Fund - Direct Plan - Growth,1244.2803,2026-06-12
151181,INF179KC1EJ8,,HDFC Nifty G-Sec Jun 2027 Index Fund - Growth Option - Direct Plan,12.8322,2026-06-12
151183,INF179KC1EL4,,HDFC Nifty G-Sec Sep 2032 Index Fund - Growth Option - Direct Plan,13.0759,2026-06-12
151185,INF789F1AWX3,,UTI CRISIL SDL Maturity April 2033 Index Fund - Direct Plan - Growth Option,12.853,2026-06-12
151190,INF966L01AZ7,,quant Overnight Fund - Growth Option - Direct Plan,12.4327,2026-06-12
151211,INF109KC13P8,,ICICI Prudential Nifty SDL Sep 2026 Index Fund - Direct Plan - Growth,12.751,2026-06-12
151214,INF200KA16T4,,SBI Long Duration Fund - Direct Plan - Growth,12.5825,2026-06-12
151218,INF174KA1LC5,,Kotak Nifty SDL Jul 2026 Index Fund Direct Plan Growth,12.7256,2026-06-12
151228,INF966L01BF7,,quant Gilt Fund - Growth Option - Direct Plan,12.3893,2026-06-12
151232,INF277KA1679,,Tata Multicap Fund - Direct Plan - Growth,15.7095,2026-06-12
151239,INF789F1AWZ8,,UTI CRISIL SDL Maturity June 2027 Index Fund - Direct Plan - Growth Option,12.8051,2026-06-12
151267,INF03VN01738,,WhiteOak Capital Balanced Advantage Fund Direct Plan Growth,14.935,2026-06-12
151273,INF277KA1737,,Tata Nifty G-Sec Dec 2029 Index Fund - Direct Plan - Growth,12.9634,2026-06-12
151283,INF251K01RL0,,Baroda BNP Paribas Nifty SDL December 2026 Index Fund - Direct Plan - Growth Option,12.7336,2026-06-12
151286,INF174KA1LP7,,Kotak FMP Series 304-Direct Plan-Growth Option,13.1681,2026-06-12
151290,INF336L01QN5,,HSBC Multi Cap Fund - Direct - Growth,19.9671,2026-06-12
151300,INF846K010N7,,Axis CRISIL IBX 50:50 Gilt Plus SDL June 2028 Index Fund - Direct Plan - Growth,12.7669,2026-06-12
151301,INF277KA1794,,Tata Nifty G Sec Dec 2026 Index Fund-Direct Plan-Growth,12.6858,2026-06-12
151307,INF209KB15R9,,Aditya Birla Sun Life Multi Asset Allocation Fund-Direct Growth,17.2895,2026-06-12
151313,INF179KC1ET7,,HDFC Long Duration Debt Fund - Growth Option - Direct Plan,12.3708,2026-06-12
151320,INF0GCD01560,,TRUSTMF CORPORATE BOND FUND-DIRECT PLAN-GROWTH,1261.1684,2026-06-12
151329,INF740KA1SB7,,DSP CRISIL-IBX 50:50 Gilt Plus SDL - April 2033 Index Fund - Direct - Growth,12.9226,2026-06-12
151365,INF754K01RK5,,Edelweiss CRISIL IBX 50:50 Gilt Plus SDL Short Duration Index fund - Direct Plan - Growth,12.7576,2026-06-12
151368,INF846K016N4,,Axis Business Cycles Fund - Direct Plan - Growth,16.87,2026-06-12
151373,INF740KA1SH4,,DSP Nifty SDL Plus G-Sec Sep 2027 50:50 Index Fund - Direct - Growth,12.7784,2026-06-12
151379,INF00XX01CO7,,ITI Flexi Cap Fund- Direct Plan- Growth,19.6,2026-06-12
151384,INF174KA1MD1,,Kotak Banking & Financial Services Fund - Direct Plan - Growth,16.663,2026-06-12
151390,INF204KC1AI7,,Nippon India Nifty SDL Plus G-Sec-Jun 2029 Maturity 70:30 Index Fund-Direct Plan-Growth Option,12.844,2026-06-12
151407,INF663L01X21,,"PGIM India CRISIL IBX Gilt Index - Apr 2028 Fund - Direct Plan, Growth Option",12.7175,2026-06-12
151408,INF194KB1FF5,,BANDHAN CRISIL IBX GILT APRIL 2032 INDEX FUND - DIRECT GROWTH,12.9867,2026-06-12
151412,INF769K01JJ2,,Mirae Asset Flexi Cap Fund - Direct Plan - Growth,16.372,2026-06-12
151420,INF174KA1MJ8,,Kotak Nifty SDL Jul 2033 Index Fund Direct Plan Growth Option,12.7803,2026-06-12
151427,INF209KB14S0,,Aditya Birla Sun Life CRISIL IBX SDL Jun 2032 INDEX FUND - Direct Growth,12.8578,2026-06-12
151435,INF846K012O1,,AXIS CRISIL IBX 50:50 Gilt Plus SDL September 2027 Index Fund- DIRECT PLAN-GROWTH,12.7512,2026-06-12
151440,INF204KC1AO5,,Nippon India Nifty G-Sec Oct 2028 Maturity Index Fund-Direct Plan-Growth Option,12.8165,2026-06-12
151443,INF761K01FR0,,Bank of India Multi Cap Fund Direct Plan - Growth,19.55,2026-06-12
151449,INF740KA1YR1,,DSP FMP Series - 270 - 1172 Days - Direct - Growth,12.6402,2026-06-12
151456,INF179KC1FI7,,HDFC Nifty SDL Oct 2026 Index Fund - Growth Option - Direct Plan,12.7002,2026-06-12
151458,INF179KC1FC0,,HDFC MNC Fund - Growth Option - Direct Plan,13.668,2026-06-12
151470,,,HDFC FMP 2638D February 2023 - Growth Option - Direct Plan,13.1066,2026-06-12
151471,INF959L01GR6,,NAVI ELSS TAX SAVER NIFTY 50 INDEX FUND - DIRECT PLAN GROWTH,14.3089,2026-06-12
151479,INF336L01QT2,,HSBC CRISIL IBX Gilt June 2027 Index Fund - Direct - Growth,12.6057,2026-06-12
151485,INF789F1AXP7,,UTI Fixed Term Income Fund Series XXXVI - I (1574 Days) - Direct Plan - Growth Option,12.8707,2026-06-12
151487,INF789F1AXR3,,UTI NIFTY SDL Plus AAA PSU Bond Apr 2028- 75:25 Index Fund - Direct Plan - Growth Option,12.7658,2026-06-12
151489,INF179KC1FS6,,HDFC Nifty G-Sec Jun 2036 Index Fund - Growth Option - Direct Plan,12.9774,2026-06-12
151493,INF109KC14R2,,ICICI Prudential Fixed Maturity Plan - Series 88 - 1303 Days Plan S - Direct Plan - Growth,12.6714,2026-06-12
151495,INF179KC1FQ0,,HDFC Nifty G-Sec Apr 2029 Index Fund - Growth Option - Direct Plan,12.9015,2026-06-12
151523,INF789F1AYB5,,UTI Long Duration Fund - Direct Plan - Growth Option,12.1932,2026-06-12
151548,INF194KB1FV2,,Bandhan US Treasury Bond 0-1 year specific Debt Passive FOF - DIRECT PLAN - GROWTH,13.3081,2026-06-12
151562,INF209KB16T3,,Aditya Birla Sun Life Nifty SDL SEP 2027 Index Fund-Direct Growth,12.7634,2026-06-12
151565,,,HDFC FMP 1269D March 2023 - Growth Option - Direct Plan,12.5469,2026-06-12
151570,INF179KC1GA2,,HDFC NIFTY SDL Plus G-Sec Jun 2027 40:60 Index Fund - Growth Option - Direct Plan,12.6145,2026-06-12
151574,INF251K01RR7,,Baroda BNP Paribas NIFTY SDL December 2028 Index Fund - Direct Plan - Growth Option,12.7551,2026-06-12
151577,INF209KB11U2,,Aditya Birla Sun Life Crisil IBX Gilt Apr 2028 Index Fund-Direct Growth,12.5314,2026-06-12
151580,INF109KC12T2,,ICICI Prudential Innovation Fund - Direct Plan - Growth,19.04,2026-06-12
151586,INF846K011Q8,,Axis Fixed Term Plan - Series 113 (1228 Days) - Direct Plan - Growth,12.6018,2026-06-12
151593,INF205KA1775,,Invesco India Nifty G-sec Jul 2027 Index Fund - Direct Plan - Growth,1260.2241,2026-06-12
151597,INF205KA1817,,Invesco India Nifty G-sec Sep 2032 Index Fund - Direct Plan - Growth,1281.9124,2026-06-12
151603,INF174KA1MQ3,,Kotak Silver ETF Fund of Fund - Direct Plan - Growth Option,32.0778,2026-06-12
151611,INF0J8L01115,,NJ ELSS Tax Saver Scheme Direct Growth,14.22,2026-06-12
151620,INF0GCD01651,,TRUSTMF FIXED MATURITY PLAN -SERIES II (1196 DAYS)-DIRECT PLAN -GROWTH,1293.6715,2026-06-12
151649,INF174KA1NB3,,Kotak Nifty Smallcap 50 Index Fund - Direct Plan - Growth,20.945,2026-06-12
151691,INF769K01JZ8,,Mirae Asset Nifty SDL June 2028 Index Fund - Direct Plan - Growth,12.6623,2026-06-12
151708,INF204KC1BJ3,,Nippon India Fixed Maturity Plan-XLV-Series 5-Direct Plan-Growth Option,13.1172,2026-06-12
151713,INF966L01BL5,,quant Dynamic Asset Allocation Fund - Growth Option - Direct Plan,17.0675,2026-06-12
151724,INF179KC1GC8,,HDFC NIFTY Midcap 150 Index Fund - Growth Option - Direct Plan,18.9953,2026-06-12
151727,INF179KC1GE4,,HDFC NIFTY Smallcap 250 Index Fund - Growth Option - Direct Plan,18.5931,2026-06-12
151728,INF179KC1GG9,,HDFC BSE 500 Index Fund - Growth Option - Direct Plan,15.2269,2026-06-12
151731,INF789F1AYL4,,UTI Silver ETF Fund of Fund - Direct Plan - Growth Option,30.6982,2026-06-12
151739,INF789F1AYN0,,UTI Nifty 500 Value 50 Index Fund - Direct Plan - Growth Option,22.625,2026-06-12
151745,INF03VN01761,,WhiteOak Capital Multi Asset Allocation Fund Direct Plan Growth,16.076,2026-06-12
151750,INF179KC1GI5,,HDFC Defence Fund - Growth Option - Direct Plan,28.666,2026-06-12
151753,INF0K1H01081,,Samco Active Momentum Fund - Direct Plan - Growth Option,14.43,2026-06-12
151755,INF251K01SD5,,Baroda BNP Paribas Value Fund - Direct Plan - Growth option,14.0053,2026-06-12
151757,INF966L01BR2,,quant Business Cycle Fund - Growth Option - Direct Plan,17.2495,2026-06-12
151762,INF789F1AYP5,,UTI Nifty50 Equal Weight Index Fund - Direct Plan - Growth Option,14.792,2026-06-12
151764,INF789F1AYR1,,UTI BSE Housing Index Fund - Direct Plan - Growth Option,13.4551,2026-06-12
151769,INF200KA16Y4,,SBI BSE Sensex Index Fund - Direct Plan - Growth,12.4084,2026-06-12
151777,INF00XX01CS8,,ITI Focused Fund - Direct Plan - Growth,16.8273,2026-06-12
151781,INF174KA1OB1,,Kotak Nifty 200 Momentum 30 Index Fund - Direct Plan - Growth Option,14.516,2026-06-12
151785,INF846K017R3,,Axis Nifty IT Index Fund - Direct Plan - Growth,9.7609,2026-06-12
151791,INF966L01BX0,,quant BFSI Fund - Growth Option - Direct Plan,20.7098,2026-06-12
151792,INF754K01RS8,,Edelweiss Multi Asset Allocation Fund - Direct Plan - Growth,12.4402,2026-06-12
151796,INF579M01AS1,,360 ONE FLEXICAP FUND-DIRECT PLAN- GROWTH,15.8123,2026-06-12
151804,INF179KC1GO3,,HDFC Consumption Fund - Growth Option - Direct Plan,13.481,2026-06-12
151810,INF769K01KK8,,Mirae Asset Multicap Fund - Direct Plan - Growth,14.685,2026-06-12
151814,INF247L01BQ9,,Motilal Oswal Nifty Microcap 250 Index Fund- Direct- Growth Option,17.4965,2026-06-12
151816,INF194KB1GB2,,BANDHAN FINANCIAL SERVICES FUND - DIRECT PLAN - GROWTH,15.072,2026-06-12
151824,INF760K01KO9,,Canara Robeco Multi Cap Fund - Direct Plan - Growth Option,14.72,2026-06-12
151833,INF0QA701011,,Bajaj Finserv Liquid Fund - Direct Plan - Growth,1219.5145,2026-06-12
151849,INF0QA701177,,Bajaj Finserv Overnight Fund - Direct Plan - Growth,1193.8549,2026-06-12
151853,INF966L01CD0,,quant Healthcare Fund - Growth Option - Direct Plan,17.1283,2026-06-12
151881,INF174KA1OL0,,Kotak Quant Fund - Direct Plan - Growth Option,14.931,2026-06-12
151885,INF789F1AYV3,,UTI Balanced Advantage Fund - Direct Plan - Growth Option,12.7085,2026-06-12
151889,INF0QA701334,,Bajaj Finserv Money Market Fund-Direct Plan-Growth,1230.8553,2026-06-12
151895,INF0QA701342,,Bajaj Finserv Flexi Cap Fund-Direct Plan-Growth,15.392,2026-06-12
151901,INF179KC1GU0,,HDFC Transportation and Logistics Fund - Growth Option - Direct Plan,17.846,2026-06-12
151905,INF582M01JE6,,Union Innovation & Opportunities Fund - Direct Plan - Growth Option,14.86,2026-06-12
151911,INF174KA1OR7,,Kotak Nifty Financial Services Ex-Bank Index Fund - Direct Plan - Growth option,15.8,2026-06-12
151916,INF966L01CJ7,,quant Manufacturing Fund - Growth Option - Direct Plan,16.612,2026-06-12
151917,INF0J8L01156,,NJ Flexi Cap Fund - Direct Plan - Growth Option,13.08,2026-06-12
151937,INF397L01AW2,,LIC MF Nifty Next 50 Index Fund-Direct Plan-Growth,57.189,2026-06-12
151952,INF397L01AZ5,,LIC MF Equity Savings Fund-Direct Plan-Growth,31.781,2026-06-12
151974,INF397L01BU4,,LIC MF Gold ETF Fund of Fund-Direct Plan-Growth,40.2355,2026-06-12
152002,INF397L01JK8,,LIC MF Mid Cap Fund-Direct Plan-Growth,33.1165,2026-06-12
152004,INF397L01JS1,,LIC MF Small Cap Fund-Direct Plan-Growth,36.0818,2026-06-12
152010,INF397L01KA7,,LIC MF Focused Fund-Direct Plan-Growth,22.8439,2026-06-12
152018,INF397L01KU5,,LIC MF Value Fund-Direct Plan-Growth,28.6319,2026-06-12
152024,INF397L01LK4,,LIC MF Healthcare Fund-Direct Plan-Growth,34.1723,2026-06-12
152032,INF336L01QZ9,,HSBC Consumption Fund - Direct Growth,14.3135,2026-06-12
152033,INF204KC1BO3,,Nippon India Innovation Fund-Direct Plan-Growth Option,14.3209,2026-06-12
152039,INF174KA1OX5,,Kotak BSE Housing Index Fund - Direct Plan - Growth Option,12.535,2026-06-12
152041,INF194KB1GK3,,Bandhan Nifty IT Index Fund - Direct Plan - Growth,9.4557,2026-06-12
152045,INF174V01BQ4,,Mahindra Manulife Business Cycle Fund - Direct Plan - Growth,16.0212,2026-06-12
152051,INF680P01406,,Shriram Multi Asset Allocation Fund - Direct Growth,13.5339,2026-06-12
152056,INF740KA1TE9,,DSP Multi Asset Allocation Fund - Direct - Growth,16.4927,2026-06-12
152059,INF179KC1HI3,,HDFC Technology Fund - Growth Option - Direct Plan,10.996,2026-06-12
152062,INF959L01HK9,,NAVI BSE SENSEX INDEX FUND - DIRECT PLAN - GROWTH,11.7297,2026-06-12
152064,INF174KA1PD4,,Kotak Multi Asset Allocation Fund - Direct Plan - Growth Option,16.219,2026-06-12
152067,INF966L01CT6,,quant Teck Fund - Growth Option - Direct Plan,11.0192,2026-06-12
152071,INF03VN01803,,WhiteOak Capital Multi Cap Fund Direct Plan Growth,15.848,2026-06-12
152076,INF579M01AY9,,360 ONE Balanced Hybrid Fund- Direct Plan - Growth,13.4004,2026-06-12
152077,INF0QA701524,,Bajaj Finserv Arbitrage Fund-Direct Plan-Growth,12.057,2026-06-12
152082,INF179KC1HO1,,HDFC Pharma and Healthcare Fund - Growth Option - Direct Plan,20.313,2026-06-12
152087,INF789F1AZA4,,UTI Innovation Fund - Direct Plan - Growth Option,10.8401,2026-06-12
152090,INF247L01BT3,,Motilal Oswal Developed Market Ex US ETFs Fund of Funds Direct Plan Growth,18.375,2026-06-12
152092,INF666M01HM4,,Groww Nifty Total Market Index Fund - Direct Plan - Growth,13.5648,2026-06-12
152094,INF754K01SD8,,Edelweiss Multi Cap Fund - Direct Plan - Growth,15.7211,2026-06-12
152098,INF174KA1PJ1,,Kotak Nifty G-Sec July 2033 Index Fund - Direct Plan - Growth,12.3353,2026-06-12
152102,INF194KB1GU2,,Bandhan Retirement Fund - Direct Plan - Growth,12.914,2026-06-12
152107,INF082J01432,,QUANTUM SMALL CAP FUND - DIRECT PLAN GROWTH OPTION,13.52,2026-06-12
152109,INF879O01225,,Parag Parikh Arbitrage Fund - Direct Plan Growth,11.9469,2026-06-12
152128,INF251K01SR5,,Baroda BNP Paribas Small Cap Fund - Direct Plan - Growth option,13.7314,2026-06-12
152132,INF03VN01829,,WhiteOak Capital Balanced Hybrid Fund Direct Plan Growth,13.401,2026-06-12
152135,INF0R8701046,,Helios Flexi Cap Fund - Direct Plan - Growth Option,15.25,2026-06-12
152140,INF209KB16W7,,Aditya Birla Sun Life US Treasury 1-3 Year Bond ETFs Fund Of Funds-Direct Growth,12.7853,2026-06-12
152150,INF209KB12X4,,Aditya Birla Sun Life US Treasury 3-10 Year Bond ETFs Fund Of Funds-Direct Growth,13.013,2026-06-12
152152,INF0R8701079,,Helios Overnight Fund - Direct Plan - Growth Option,1166.7891,2026-06-12
152156,INF0R8F01018,,Zerodha Nifty LargeMidcap 250 Index Fund - Direct Plan - Growth option,13.9455,2026-06-12
152157,INF0R8F01026,,Zerodha ELSS Tax Saver Nifty LargeMidcap 250 Index Fund - Direct Plan - Growth option,13.9727,2026-06-12
152158,INF209KB15X7,,Aditya Birla Sun Life Transportation and Logistics Fund-Direct Growth,15.51,2026-06-12
152162,INF0QA701607,,Bajaj Finserv Banking and PSU Fund-Direct Plan- Growth,12.0743,2026-06-12
152169,INF174KA1PP8,,Kotak Consumption Fund - Direct plan - Growth Option,13.912,2026-06-12
152177,INF194KB1HA2,,Bandhan Nifty Alpha 50 Index Fund - Direct Plan - Growth,13.7681,2026-06-12
152183,INF740KA1TK6,,DSP Gold ETF Fund of Fund - Direct - Growth,23.1733,2026-06-12
152188,INF0K1H01131,,Samco Dynamic Asset Allocation Fund - Direct Plan - Growth Option,10.54,2026-06-12
152189,INF966L01CZ3,,quant Momentum Fund - Growth Option - Direct Plan,15.5491,2026-06-12
152194,INF0QA701656,,Bajaj Finserv Balanced Advantage Fund-Direct Plan-Growth,11.661,2026-06-12
152202,INF846K016S3,,Axis India Manufacturing Fund - Direct Plan - Growth,15.4,2026-06-12
152206,INF740KA1TQ3,,DSP Banking & Financial Services Fund - Direct - Growth,14.671,2026-06-12
152214,INF174KA1PZ7,,Kotak Healthcare Fund - Direct Plan - Growth Option,15.941,2026-06-12
152219,INF582M01JK3,,Union Children's Fund - Direct Plan - Growth Option,12.64,2026-06-12
152226,INF03VN01845,,Whiteoak Capital Large & Mid Cap Fund Direct Plan Growth,13.684,2026-06-12
152237,INF247L01BY3,,Motilal Oswal Small Cap Fund - Direct - Growth,15.5484,2026-06-12
152240,INF846K017T9,,Axis US Specific Treasury Dynamic Debt Passive FOF - Direct Plan - Growth Option,12.2918,2026-06-12
152243,INF740KA1TW1,,DSP Nifty Smallcap250 Quality 50 Index Fund - Direct - Growth,10.782,2026-06-12
152254,INF666M01HS1,,Groww Banking & Financial Services Fund - Direct Plan - Growth,12.7806,2026-06-12
152255,INF966L01DF3,,quant Commodities Fund - Growth Option - Direct Plan,15.0951,2026-06-12
152264,INF194KB1HG9,,BANDHAN Nifty Smallcap 250 Index Fund - Direct Plan - Growth,12.3777,2026-06-12
152267,INF209KB19Y7,,Aditya Birla Sun Life Crisil IBX Gilt Apr 2033 Index Fund-Direct Growth,12.0724,2026-06-12
152287,INF277KA1869,,Tata Gold ETF Fund of Fund Direct Plan Growth Option,22.614,2026-06-12
152293,INF277KA1943,,Tata Silver ETF Fund of Fund Direct Plan Growth Option,31.5323,2026-06-12
152310,INF740KA1UC1,,DSP Multicap Fund - Direct - Growth,12.268,2026-06-12
152314,INF903JA1LK9,,Sundaram Multi Asset Allocation Fund Direct Plan Growth,13.3456,2026-06-12
152321,INF03VN01860,,WhiteOak Capital Banking & Financial Services Fund - Direct Growth,13.004,2026-06-12
152324,INF194KB1HM7,,Bandhan Multi Asset Allocation Fund - Direct Plan - Growth,14.4486,2026-06-12
152329,INF251K01SY1,,Baroda BNP Paribas Nifty 50 Index Fund - Direct Plan - Growth option,11.1036,2026-06-12
152336,INF966L01DN7,,quant Consumption Fund - Growth Option - Direct Plan,9.916,2026-06-12
152344,INF769K01KZ6,,Mirae Asset Multi Asset Allocation Fund - Direct Plan - Growth,13.712,2026-06-12
152349,INF03VN01886,,WhiteOak Capital Pharma and Heathcare Fund Direct Plan Growth,15.947,2026-06-12
152354,INF247L01CE3,,Motilal Oswal Large Cap Direct Plan Growth,13.5751,2026-06-12
152358,INF0S5R01042,,Old Bridge Focused Fund - Direct Growth,12.98,2026-06-12
152365,INF109KC16T3,,ICICI Prudential Nifty50 Value 20 Index Fund - Direct Plan - Growth,10.2523,2026-06-12
152370,INF200KB1027,,SBI Nifty50 Equal Weight Index Fund - Direct Plan - Growth,11.9322,2026-06-12
152371,INF200KB1035,INF200KB1043,SBI Nifty50 Equal Weight Index Fund - Direct Plan - Income Distribution Cum Capital Withdrawal Option,11.9315,2026-06-12
152380,INF336L01RI3,,HSBC Multi Asset Allocation Fund - Direct - Growth,14.0401,2026-06-12
152382,INF663L01Y12,,PGIM India Large and Midcap Fund - Direct Plan - Growth Option,12.41,2026-06-12
152389,INF204KC1BY2,,Nippon India Nifty Bank Index Fund - Direct Plan - Growth Option,12.2271,2026-06-12
152392,INF204KC1CE2,,Nippon India Nifty IT Index Fund - Direct Plan - Growth Option,7.6169,2026-06-12
152396,INF761K01FZ3,,Bank of India Multi Asset Allocation Fund-Direct Plan-Growth,12.7192,2026-06-12
152408,INF0QA701763,,Bajaj Finserv Large and Mid Cap Fund- Direct Plan- Growth,12.274,2026-06-12
152409,INF582M01JQ0,,Union Business Cycle Fund - Direct Plan - Growth Option,11.74,2026-06-12
152415,INF966L01DT4,,quant PSU Fund - Growth Option - Direct Plan,10.9938,2026-06-12
152417,INF200KB1126,,SBI Energy Opportunities Fund - Direct Plan - Growth,11.3769,2026-06-12
152420,INF200KB1134,INF200KB1142,SBI Energy Opportunities Fund - Direct Plan - Income Distribution Cum Capital Withdrawal Option,11.3767,2026-06-12
152422,INF846K012V6,,Axis BSE Sensex Index Fund - Direct Plan - Growth,10.5844,2026-06-12
152430,INF179KC1IC4,,HDFC NIFTY200 Momentum 30 Index Fund - Direct Plan,10.1898,2026-06-12
152431,INF666M01HY9,,Groww Nifty Smallcap 250 Index Fund - Direct Plan - Growth,11.3885,2026-06-12
152437,INF754K01SK3,,Edelweiss Technology Fund - Direct Plan - Growth,12.0209,2026-06-12
152443,INF174V01BW2,,Mahindra Manulife Multi Asset Allocation Fund- Direct Plan - Growth,13.8717,2026-06-12
152449,INF760K01KY8,INF760K01KX0,Canara Robeco Manufacturing Fund - Direct Plan - IDWC Option,13.86,2026-06-12
152450,INF760K01KZ5,,Canara Robeco Manufacturing Fund - Direct Plan - Growth Option,13.86,2026-06-12
152459,INF769K01LG4,,Mirae Asset Nifty Smallcap 250 Momentum Quality 100 ETF Fund of Fund - Direct Plan - Growth,9.971,2026-06-12
152462,INF174KA1QZ5,,Kotak Technology Fund - Direct Plan - Growth Option,9.75,2026-06-12
152468,INF879O01266,,Parag Parikh Dynamic Asset Allocation Fund - Direct Plan Growth,11.7135,2026-06-12
152470,INF251K01TE1,,Baroda BNP Paribas Innovation Fund Direct plan - Growth Option,13.0724,2026-06-12
152474,INF082J01457,,Quantum Multi Asset Allocation Fund - Direct Plan Growth Option,12.08,2026-06-12
152482,INF109KC12U0,,ICICI Prudential Nifty LargeMidcap 250 Index Fund - Direct Plan - Growth,12.1426,2026-06-12
152491,INF174KA1RF5,,Kotak Long Duration Fund - Direct Plan - Growth,11.0297,2026-06-12
152509,INF0R8701145,,Helios Balanced Advantage Fund- Direct Plan- Growth Option,11.61,2026-06-12
152520,INF194KB1HY2,,Bandhan Long Duration Fund - Direct Plan - Growth,11.2478,2026-06-12
152521,INF179KC1IE0,,HDFC NIFTY Realty Index Fund - Direct Plan,8.6298,2026-06-12
152528,INF740KA1UJ6,,DSP US Specific Debt Passive FoF - Direct - Growth,12.5808,2026-06-12
152535,INF959L01HM5,,Navi NiftyIT Index Fund - Direct Plan- Growth,8.2942,2026-06-12
152537,INF663L01Y61,,PGIM India Retirement Fund - Direct Plan - Growth Option,12.12,2026-06-12
152557,INF277KA1AU6,,Tata Nifty Auto Index Fund - Direct Plan - Growth,11.9378,2026-06-12
152564,INF277KA1BG3,,Tata Nifty MidSmall Healthcare Index Fund - Direct Plan - Growth,14.167,2026-06-12
152570,INF277KA1AO9,,Tata Nifty Realty Index Fund - Direct Plan - Growth,7.8867,2026-06-12
152577,INF277KA1BA6,,Tata Nifty Financial Services Index Fund - Direct Plan - Growth,12.1614,2026-06-12
152584,INF0GCD01743,,TRUSTMF Flexi Cap Fund-Direct Plan- Growth,11.77,2026-06-12
152586,INF0K1H01180,,Samco Special Opportunities Fund - Direct Plan - Growth,8.77,2026-06-12
152588,INF277KA1BM1,,Tata Nifty500 Multicap India Manufacturing 50:30:20 Index Fund -Direct Plan-Growth,11.8695,2026-06-12
152595,INF277KA1BS8,,Tata Nifty500 Multicap Infrastructure 50:30:20 Index Fund - Direct Plan - Growth,10.8846,2026-06-12
152600,INF179KC1II1,,HDFC Manufacturing fund - Growth Option - Direct Plan,11.426,2026-06-12
152607,INF194KB1IE2,,Bandhan Innovation Fund - Direct Plan - Growth,14.07,2026-06-12
152614,INF192K01NH3,,JM Small Cap Fund (Direct) - Growth Option,10.9504,2026-06-12
152616,INF754K01SS6,,Edelweiss Nifty Alpha Low Volatility 30 Index Fund - Direct Plan - Growth,9.6688,2026-06-12
152628,INF251K01TJ0,,Baroda BNP Paribas Retirement Fund - Direct plan - Growth option,11.5788,2026-06-12
152629,INF846K015W7,,Axis Nifty Bank Index Fund - Direct Plan - Growth Option,11.7047,2026-06-12
152637,INF666M01IE9,,Groww Nifty Non-Cyclical Consumer Index Fund - Direct Plan Growth,9.9342,2026-06-12
152639,INF0QA701821,,Bajaj Finserv Multi Asset Allocation Fund - Direct Growth,12.2713,2026-06-12
152644,INF03VN01902,,WhiteOak Capital Special Opportunities Fund - Direct Growth,13.916,2026-06-12
152645,INF769K01LN0,,Mirae Asset Nifty MidSmallcap400 Momentum Quality 100 ETF Fund of Fund - Direct Plan - Growth,10.141,2026-06-12
152651,INF247L01CL8,,Motilal Oswal Multi Cap Fund-Direct Plan Growth,13.0592,2026-06-12
152654,INF740KA1UO6,,DSP Nifty Bank Index Fund - Direct - Growth,11.67,2026-06-12
152655,INF200KB1191,INF200KB1209,SBI Automotive Opportunities Fund - Direct Plan - Income Distribution Cum Capital Withdrawal Option,11.8543,2026-06-12
152657,INF200KB1183,,SBI Automotive Opportunities Fund - Direct Plan - Growth,11.8547,2026-06-12
152659,INF209KC1076,,Aditya Birla Sun Life Crisil IBX Gilt June 2027 Index Fund-Direct Growth,11.5325,2026-06-12
152663,INF174KA1RZ3,,Kotak NIFTY 100 Low Volatility 30 Index Fund - Direct plan - Growth option,10.5136,2026-06-12
152672,INF174V01CC2,,Mahindra Manulife Manufacturing Fund - Direct Plan - Growth,10.3593,2026-06-12
152677,INF903JA1LQ6,,Sundaram Business Cycle Fund Direct Plan Growth,10.6627,2026-06-12
152679,INF0R8701202,,Helios Financial Services Fund - Direct Plan - Growth Option,11.43,2026-06-12
152684,INF209KC1118,,Aditya Birla Sun Life Quant Fund - Direct Growth,10.15,2026-06-12
152688,INF760K01LD0,,Canara Robeco Balanced Advantage Fund - Direct Plan - Growth Option,10.23,2026-06-12
152694,INF247L01CS3,,Motilal Oswal Quant Fund - Direct - Growth,9.9653,2026-06-12
152697,INF251K01TP7,,Baroda BNP Paribas Manufacturing Fund - Direct Plan - Growth Option,10.8212,2026-06-12
152702,INF174KA1SF3,,Kotak Special Opportunities Fund - Direct Plan - Growth Option,10.673,2026-06-12
152710,INF754K01TA2,,Edelweiss Business Cycle Fund - Direct Plan - Growth,8.9151,2026-06-12
152712,INF247L01CW5,,Motilal Oswal Nifty India Defence Index Fund Direct Plan Growth,11.79,2026-06-12
152713,INF179KC1IM3,HDFCNIVODG,HDFC NIFTY100 Low Volatility 30 Index Fund - Direct Plan,10.0851,2026-06-12
152716,INF194KB1IK9,,Bandhan Nifty Total Market Index Fund - Direct Plan - Growth,9.9226,2026-06-12
152718,INF769K01LU5,,Mirae Asset Nifty200 Alpha 30 ETF Fund of Fund - Direct Plan - Growth,8.952,2026-06-12
152728,INF109KC12W6,,ICICI PRUDENTIAL ENERGY OPPORTUNITIES FUND - Direct Plan - Growth,11.66,2026-06-12
152731,INF846K019W9,,Axis Nifty 500 Index Fund - Direct Plan - Growth Option,9.9007,2026-06-12
152735,INF200KB1233,,SBI Silver ETF Fund of Fund- Direct Plan - Growth,25.6676,2026-06-12
152739,INF090I01XA7,,Franklin India Multi Cap Fund - Direct - Growth,10.5488,2026-06-12
152742,INF277KA1CC0,,Tata Nifty India Tourism Index Fund - Direct - Growth,8.5282,2026-06-12
152751,INF959L01HO1,,NAVI NIFTY 500 MULTICAP 50-25-25 DIRECT PLAN,9.845,2026-06-12
152755,INF174KA1SL1,,Kotak BSE PSU Index Fund - Direct Plan - Growth,9.458,2026-06-12
152756,INF205KA1908,,Invesco India Manufacturing Fund - Direct Plan - Growth,10.96,2026-06-12
152760,INF247L01DA9,,Motilal Oswal Manufacturing Fund - Direct Plan- Growth,11.3501,2026-06-12
152767,INF174KA1SR8,,KOTAK NIFTY MIDCAP 50 INDEX FUND-DIRECT PLAN- GROWTH,10.612,2026-06-12
152770,INF666M01IL4,,Groww Nifty EV & New Age Automotive ETF FOF- Direct Plan - Growth,9.4231,2026-06-12
152776,INF200KB1324,,SBI Innovative Opportunities Fund - Direct Plan - Growth,9.3301,2026-06-12
152777,INF200KB1332,INF200KB1340,SBI Innovative Opportunities Fund - Direct Plan - Income Distribution Cum Capital Withdrawal Option,9.3301,2026-06-12
152778,INF179KC1IO9,,HDFC NIFTY500 Multicap 50:25:25 Index Fund - Direct Plan,9.7726,2026-06-12
152783,INF0QA701896,,BAJAJ FINSERV LARGE CAP FUND - DIRECT PLAN - GROWTH,10.018,2026-06-12
152787,INF582M01JY4,,Union Multi Asset Allocation Fund- Direct Plan - Growth Option,12.07,2026-06-12
152789,INF761K01GF3,,Bank of India Business Cycle Fund - Direct Plan - Growth,9.28,2026-06-12
152793,INF194KB1IO1,,Bandhan Nifty Bank Index Fund - Direct Plan - Growth,11.1313,2026-06-12
152796,INF247L01DG6,,Motilal Oswal Business Cycle Fund - Direct Plan- Growth,11.2619,2026-06-12
152798,INF209KC1183,,Aditya Birla Sun Life Nifty India Defence Index Fund-Direct Growth,12.8674,2026-06-12
152805,INF846K013X0,,Axis Consumption Fund Direct Plan - Growth,9.0,2026-06-12
152814,INF740KA1UQ1,,DSP Nifty Top 10 Equal Weight Index Fund - Direct - Growth,8.9535,2026-06-12
152815,INF663L01Z03,,PGIM India Multi Cap Fund - Direct Plan - Growth Option,10.2,2026-06-12
152821,INF00XX01DA4,,ITI Large & Midcap Fund - Direct Plan - Growth,9.6868,2026-06-12
152825,INF090I01XL4,,Franklin India Ultra Short Duration Fund - Direct - Growth,11.3182,2026-06-12
152829,INF336L01RO1,,HSBC India Export Opportunities Fund - Direct Growth,10.7024,2026-06-12
152836,INF277KA1CI7,,Tata Nifty200 Alpha 30 Index Fund - Direct -Growth,8.731,2026-06-12
152842,INF204KC1DA8,,Nippon India Nifty 500 Equal Weight Index Fund - Direct Plan - Growth Option,9.4514,2026-06-12
152844,INF194KB1IS2,,Bandhan BSE Healthcare Index Fund Direct Plan - Growth,10.9293,2026-06-12
152847,INF0K1H01198,,Samco Multi Cap Fund - Direct Plan - Growth,8.64,2026-06-12
152849,INF03VN01910,,WhiteOak Capital Arbitrage Fund Direct Plan Growth,11.305,2026-06-12
152851,INF090I01XG4,,Franklin India Medium to Long Duration Fund - Direct Growth,11.1156,2026-06-12
152855,INF194KB1IT0,,Bandhan Nifty Midcap 150 Index Fund-Direct Plan-Growth,10.1279,2026-06-12
152859,INF789F1AZH9,,UTI Nifty 200 Quality 30 Index Fund - Direct Plan - Growth Option,8.6387,2026-06-12
152863,INF205KA1965,,Invesco India Technology Fund - Direct Plan - Growth,9.17,2026-06-12
152864,INF789F1AZJ5,,UTI Nifty Private Bank Index Fund - Direct Plan - Growth Option,10.2255,2026-06-12
152869,INF174KA1TF1,,Kotak CRISIL -IBX AAA Financial Services Index Sep-2027 Fund-DIRECT PLAN-GROWTH Option,11.3943,2026-06-12
152870,INF174KA1SZ1,,Kotak Nifty India Tourism Index Fund-Direct-Growth Option,8.029,2026-06-12
152875,INF247L01DL6,,Motilal Oswal Nifty 500 Momentum 50 Index Fund-Direct Plan-Growth,8.1984,2026-06-12
152878,INF194KB1IQ6,,Bandhan Business Cycle Fund - Direct Plan - Growth,9.76,2026-06-12
152881,INF204KC1DG5,,Nippon India Nifty 500 Momentum 50 Index Fund - Direct Plan - Growth Option,8.2368,2026-06-12
152887,INF846K017X1,,Axis CRISIL-IBX AAA Bond NBFC - Jun 2027 Index Fund - Direct Plan - Growth Option,11.3554,2026-06-12
152889,INF179KC1IQ4,,HDFC NIFTY LargeMidcap 250 Index Fund - Growth Option - Direct,9.882,2026-06-12
152908,INF200KB1381,,SBI Nifty 500 Index Fund- Direct Plan- Growth,9.4005,2026-06-12
152910,INF174KA1TG9,,Kotak MNC Fund-Direct Plan-Growth,12.219,2026-06-12
152915,INF03VN01936,,WhiteOak Capital Digital Bharat Fund Direct Plan Growth,9.336,2026-06-12
152916,INF174KA1TM7,,Kotak Nifty Midcap 150 Momentum 50 Index Fund-Direct Plan-Growth,9.462,2026-06-12
152920,INF767K01RR2,,LIC MF Manufacturing Fund-Direct Plan-Growth,11.1492,2026-06-12
152925,INF666M01IQ3,,Groww Nifty India Defence ETF FOF - Direct Growth,13.2477,2026-06-12
152931,INF251K01TY9,,Baroda BNP Paribas Nifty200 Momentum 30 Index Fund - Direct Plan - Growth Option,8.0384,2026-06-12
152936,INF109KC13X2,,ICICI Prudential Nifty200 Value 30 Index Fund - Direct Plan - Growth,11.2521,2026-06-12
152939,INF0GCD01800,,TRUSTMF SMALL CAP FUND -DIRECT PLAN-GROWTH,12.55,2026-06-12
152941,INF0R8701269,,Helios Large & Mid Cap Fund - Direct Plan - Growth Option,11.11,2026-06-12
152947,INF209KC1217,,Aditya Birla Sun Life Crisil-IBX AAA NBFC-HFC Index-Sep 2026 Fund-Direct Growth,11.3312,2026-06-12
152949,INF846K013Y8,,Axis Nifty500 Value 50 Index Fund - Direct Plan - Growth Option,11.6332,2026-06-12
152951,INF277KA1CO5,,Tata Nifty Capital Markets Index Fund - Direct Plan Growth Option,14.5415,2026-06-12
152962,INF03VN01951,,WhiteOak Capital ESG Best-In-Class Strategy Fund Direct Plan Growth,9.923,2026-06-12
152964,INF247L01DN2,,Motilal Oswal Digital India Fund - Direct Plan - Growth,8.8187,2026-06-12
152968,INF769K01MD9,,Mirae Asset Nifty Total Market Index Fund - Direct Plan - Growth,10.0915,2026-06-12
152972,INF769K01MQ1,,Mirae Asset Nifty 50 Index Fund - Direct Plan - Growth,9.8126,2026-06-12
152976,INF769K01MJ6,,Mirae Asset Nifty LargeMidcap 250 Index Fund - Direct Plan - Growth,10.2644,2026-06-12
152980,INF666M01IX9,,Groww Gold ETF FOF - DIRECT - GROWTH,18.1136,2026-06-12
152985,INF754K01TN5,,Edelweiss Nifty500 Multicap Momentum Quality 50 Index Fund - Direct - Growth,9.1552,2026-06-12
152990,INF194KB1IW4,,Bandhan Nifty 500 Value 50 Index Fund Direct Plan - Growth,11.5217,2026-06-12
152992,INF204KC1DM3,,Nippon India CRISIL - IBX AAA Financial Services - Dec 2026 Index Fund - Direct Plan - Growth Option,11.2637,2026-06-12
152996,INF204KC1DS0,,Nippon India CRISIL - IBX AAA Financial Services - Jan 2028 Index Fund - Direct Plan - Growth Option,11.2619,2026-06-12
153000,INF251K01UA7,,Baroda BNP Paribas Nifty Midcap 150 Index Fund - Direct Plan - Growth Option,10.7185,2026-06-12
153003,INF194KB1IY0,,Bandhan Nifty 500 Momentum 50 Index Fund Direct Plan-Growth,8.8463,2026-06-12
153007,INF769K01MV1,,Mirae Asset Gold ETF Fund of Fund - Direct Plan - Growth,18.553,2026-06-12
153011,INF0R8F01083,,Zerodha Gold ETF FoF-Direct Plan - Growth Option,19.2697,2026-06-12
153015,INF200KB1449,,SBI Nifty India Consumption Index Fund- Direct Plan- Growth,9.7717,2026-06-12
153023,INF247L01EA7,,Motilal Oswal Nifty MidSmall Healthcare Index Fund- Direct Plan-Growth,11.656,2026-06-12
153025,INF247L01DU7,,Motilal Oswal Nifty MidSmall India Consumption Index Fund - Direct Plan- Growth,9.221,2026-06-12
153027,INF247L01DW3,,Motilal Oswal Nifty MidSmall Financial Services Index Fund - Direct Plan- Growth,14.2195,2026-06-12
153029,INF247L01DY9,,Motilal Oswal Nifty MidSmall IT and Telecom Index Fund - Direct Plan- Growth,8.9822,2026-06-12
153030,INF209KC1290,,Aditya Birla Sun Life Crisil-IBX AAA Financial Services Index-Sep 2027 Fund-Direct Growth,11.2184,2026-06-12
153034,INF666M01JD9,,Groww Multicap Fund - Direct - Growth,11.5302,2026-06-12
153035,INF680P01430,,Shriram Liquid Fund - Direct Plan Growth Option,1103.676,2026-06-12
153039,INF663L01Z45,,PGIM India Healthcare Fund - Direct Plan - Growth Option,11.25,2026-06-12
153043,INF090I01XS9,,Franklin India Arbitrage Fund - Direct - Growth,11.1163,2026-06-12
153047,INF205KA1AC1,,Invesco India Multi Asset Allocation Fund - Direct Plan - Growth,12.44,2026-06-12
153051,INF846K015Y3,,Axis CRISIL-IBX AAA Bond Financial Services - Sep 2027 Index Fund - Direct Plan - Growth Option,11.1848,2026-06-12
153055,INF277KA1CU2,,Tata India Innovation Fund- Direct Growth,9.8353,2026-06-12
153060,INF204KC1DY8,,Nippon India Nifty Realty Index Fund-Direct Plan- Growth Option,7.1218,2026-06-12
153064,INF204KC1EE8,,Nippon India Nifty Auto Index Fund - Direct Plan- Growth Option,11.2323,2026-06-12
153070,INF109KC10Y6,,ICICI Prudential Equity Minimum Variance Fund - Direct Plan - Growth,10.55,2026-06-12
153075,INF0QA701946,,BAJAJ FINSERV CONSUMPTION FUND - DIRECT - GROWTH,8.952,2026-06-12
153076,INF680P01455,,Shriram Multi Sector Rotation Fund - Direct Plan Growth Option,7.9286,2026-06-12
153081,INF209KC1332,,Aditya Birla Sun Life BSE India Infrastructure Index Fund-Direct Growth,9.4656,2026-06-12
153083,INF846K011Z9,,Axis Momentum Fund - Direct Plan - Growth Option,8.8,2026-06-12
153086,INF789F1AZM9,,UTI Nifty Alpha Low-Volatility 30 Index Fund - Direct Plan - Growth Option,9.3727,2026-06-12
153089,INF789F1AZO5,,UTI Nifty Midcap 150 Index Fund - Direct Plan - Growth Option,10.6707,2026-06-12
153090,INF0K1H01214,,Samco Arbitrage Fund - Direct Plan - Growth,10.83,2026-06-12
153092,INF0K1H01230,,Samco Multi Asset Allocation Fund - Direct Plan - Growth,12.29,2026-06-12
153094,INF082J01473,,Quantum Ethical Fund - Direct Plan Growth Option,9.46,2026-06-12
153097,INF179KC1JB4,,HDFC Nifty India Digital Index Fund - Growth Option - Direct,7.7427,2026-06-12
153102,INF090I01XY7,,Franklin India Long Duration Fund - Direct - Growth,10.6949,2026-06-12
153105,INF769K01NC9,,Mirae Asset Long Duration Fund - Direct Plan - Growth,10.4026,2026-06-12
153109,INF582M01KG9,,Union Active Momentum Fund - Direct Plan - Growth Option,9.48,2026-06-12
153114,INF194KB1JA8,,Bandhan Nifty 200 Quality 30 Index Fund - Direct Plan - Growth,9.3267,2026-06-12
153115,INF754K01TP0,,Edelweiss CRISIL IBX AAA Financial Services - Jan 2028 Index Fund - Direct - Growth,11.195,2026-06-12
153118,INF174KA1TS4,,Kotak Transportation & Logistics Fund-Direct Growth,10.941,2026-06-12
153121,INF740KA1UX7,,DSP Business Cycle Fund - Direct - Growth,10.372,2026-06-12
153124,INF209KC1373,,Aditya Birla Sun Life Conglomerate Fund-Direct Growth,10.74,2026-06-12
153132,INF277KA1DA2,,Tata BSE Select Business Groups Index Fund - Direct Growth,10.142,2026-06-12
153138,INF247L01EB5,,Motilal Oswal Nifty Capital Market Index Fund - Direct Plan - Growth,12.7051,2026-06-12
153139,INF761K01GI7,,Bank of India Consumption Fund - Direct - Growth,10.51,2026-06-12
153146,INF174KA1TY2,,Kotak Nifty 100 Equal Weight Index Fund - Direct Plan - Growth,10.76,2026-06-12
153150,INF174KA1UE2,,Kotak Nifty 50 Equal Weight Index Fund - Direct Plan - Growth,10.907,2026-06-12
153154,INF200KB1506,,SBI Quant Fund- Direct Plan- Growth,9.644,2026-06-12
153157,INF0QA701AB9,,BAJAJ FINSERV HEALTHCARE FUND - DIRECT - GROWTH,10.769,2026-06-12
153161,INF109KC16Y3,,ICICI Prudential Nifty 500 Index Fund - Direct Plan - Growth,10.1877,2026-06-12
153171,INF251K01UE9,,Baroda BNP Paribas Children's Fund - Direct Plan - Growth Option,11.0518,2026-06-12
153172,INF846KA1028,,Axis CRISIL-IBX AAA Bond NBFC-HFC - Jun 2027 Index Fund - Direct Plan - Growth option,11.1298,2026-06-12
153179,INF209KC1456,,Aditya Birla Sun Life Crisil-IBX financial Services 3 to 6 months Debt Index Fund-Direct Growth,11.0836,2026-06-12
153184,INF109KC12Z9,,ICICI Prudential Rural Opportunities Fund - Direct Plan - Growth,10.8,2026-06-12
153187,INF247L01ED1,,Motilal Oswal Arbitrage Fund-Direct Plan-Growth,11.0797,2026-06-12
153189,INF03VN01977,,WhiteOak Capital Quality Equity Fund Direct Plan Growth,9.989,2026-06-12
153192,INF769K01NP1,,Mirae Asset Nifty India New Age Consumption ETF Fund of Fund - Direct Plan - Growth,8.982,2026-06-12
153196,INF769K01NJ4,,Mirae Asset Small Cap Fund - Direct Plan - Growth,11.748,2026-06-12
153201,INF0QA701AK0,,BAJAJ FINSERV ELSS TAX SAVER FUND - DIRECT - GROWTH,11.362,2026-06-12
153204,INF789F1AA98,,UTI Quant Fund - Direct Plan - Growth Option,10.2835,2026-06-12
153206,INF0QA701AP9,,Bajaj Finserv Gilt Fund - Direct - Growth,1052.2433,2026-06-12
153213,INF194KB1JC4,,Bandhan Nifty Alpha Low Volatility 30 Index Fund - Direct Plan - Growth,9.8304,2026-06-12
153214,INF754K01TY2,,Edelweiss Consumption Fund - Direct - Growth,10.8021,2026-06-12
153219,INF740KA1VB1,,DSP BSE SENSEX Next 30 Index Fund - Direct - Growth,11.8805,2026-06-12
153223,INF174KA1UK9,,Kotak Nifty SmallCap 250 Index Fund- Direct - Growth,11.089,2026-06-12
153225,INF251K01UJ8,,Baroda BNP Paribas Energy Opportunities Fund - Direct Plan - Growth Option,12.0487,2026-06-12
153230,INF666M01JK4,,Groww Nifty India Railways PSU Index Fund - Direct Plan - Growth,7.9665,2026-06-12
153239,INF0K1H01255,,Samco Large Cap Fund - Direct Plan - Growth Option,9.13,2026-06-12
153242,INF582M01KO3,,Union Short Duration Fund - Direct Plan - Growth Option,10.939,2026-06-12
153244,INF846KA1044,,Axis Nifty500 Momentum 50 Index Fund - Direct Plan - Growth Option,10.9269,2026-06-12
153246,INF767K01RZ5,,LIC MF Multi Asset Allocation Fund-Direct Plan-Growth,12.1735,2026-06-12
153250,INF200KB1563,,SBI Nifty Bank Index Fund-Direct Plan- Growth,11.3614,2026-06-12
153252,INF200KB1571,INF200KB1589,SBI Nifty Bank Index Fund-Direct Plan- Income Distribution Cum Capital Withdrawal Option,11.3613,2026-06-12
153258,INF247L01EJ8,,Motilal Oswal Innovation Opportunities Fund - Direct Plan- Growth,13.4459,2026-06-12
153260,INF00XX01DG1,,ITI Bharat Consumption Fund - Direct Plan - Growth,11.1339,2026-06-12
153264,INF179KC1JF5,,HDFC Nifty100 Quality 30 Index Fund - Direct Plan,10.4307,2026-06-12
153266,INF336L01RU8,,HSBC Financial Services Fund - Direct Growth,12.3804,2026-06-12
153270,INF789F1AB48,,UTI Nifty India Manufacturing Index Fund - Direct Plan - Growth Option,12.1732,2026-06-12
153272,INF789F1AB22,,UTI Nifty Midsmallcap 400 Momentum Quality 100 Index Fund - Direct Plan - Growth Option,11.4613,2026-06-12
153274,INF204KC1EK5,,Nippon India Active Momentum Fund-Direct Plan - Growth Option,12.3215,2026-06-12
153286,INF174KA1UV6,,Kotak BSE Sensex Index Fund- Direct - Growth,10.047,2026-06-12
153291,INF205KA1AI8,,Invesco India Business Cycle Fund - Direct Plan - Growth,13.6,2026-06-12
153294,INF761K01GO5,,Bank of India Money Market Fund - Direct - Growth,10.9685,2026-06-12
153303,INF174V01CI9,,Mahindra Manulife Value Fund - Direct Plan - Growth,12.4606,2026-06-12
153309,INF0QA701AV7,,BAJAJ FINSERV MULTI CAP FUND - DIRECT - GROWTH,11.734,2026-06-12
153313,INF174KA1UX2,,Kotak CRISIL - IBX AAA Bond Financial Services Index Dec 2026 Fund - Direct - Growth,10.9947,2026-06-12
153320,INF200KB1621,,SBI Nifty IT Index Fund - Direct Plan - Growth,7.0318,2026-06-12
153326,INF0R8701327,,Helios Mid Cap Fund - Direct Plan - Growth Option,13.14,2026-06-12
153328,INF666M01JQ1,,Groww Nifty 200 ETF FOF - Direct - Growth,11.39,2026-06-12
153330,INF1J2R01023,,ANGEL ONE NIFTY TOTAL MARKET INDEX FUND DIRECT PLAN GROWTH OPTION,11.4801,2026-06-12
153335,INF754K01UG7,,Edelweiss CRISIL IBX AAA Bond NBFC HFC Jun 2027 Index Fund - Direct Plan - Growth Option,11.0219,2026-06-12
153340,INF582M01LA0,,Union Gold ETF Fund of Fund - Direct Plan - Growth Option,16.8331,2026-06-12
153348,INF740KA1VN6,,DSP Nifty Private Bank Index Fund - Direct - Growth,11.3377,2026-06-12
153350,INF194KB1JK7,,Bandhan Nifty Next 50 Index Fund - Direct Plan - Growth,12.3379,2026-06-12
153353,INF174KA1VE0,,Kotak Nifty Commodities Index Fund-Direct Growth,12.372,2026-06-12
153355,INF03VN01AB7,,WhiteOak Capital Equity Savings Fund Direct Plan Growth,11.457,2026-06-12
153362,INF959L01HQ6,,Navi Nifty Smallcap 250 Momentum quality index fund- Direct Plan,11.2953,2026-06-12
153364,INF247L01EP5,,Motilal Oswal Active Momentum Fund- Direct-Growth,13.4534,2026-06-12
153368,INF090I01YE7,,Franklin India Low Duration Fund-Direct-Growth,10.9691,2026-06-12
153372,INF174KA1VK7,,Kotak CRISIL-IBX Financial Services 3-6 Months Debt Index Fund-Direct-Growth,10.8906,2026-06-12
153376,INF1MIY01015,,Unifi Dynamic Asset Allocation Fund - Direct Growth,11.0243,2026-06-12
153380,INF769K01OE3,,Mirae Asset BSE 200 Equal Weight ETF Fund of Fund - Direct Plan - Growth,11.336,2026-06-12
153385,INF769K01OK0,,Mirae Asset BSE Select IPO ETF Fund of Fund - Direct Plan - Growth,10.594,2026-06-12
153389,INF194KB1JL5,,Bandhan CRISIL-IBX 10:90 Gilt Plus SDL Index - Dec 2029 Fund-Direct Plan-Growth,10.8923,2026-06-12
153394,INF109K1A120,,ICICI Prudential Nifty EV & New Age Automotive ETF FOF - Direct Plan - Growth,11.6013,2026-06-12
153401,INF174KA1VQ4,,KOTAK NIFTY MIDCAP 150 INDEX FUND-DIRECT PLAN-GROWTH,11.43,2026-06-12
153405,INF179KC1JI9,,HDFC Nifty Top 20 Equal Weight Index Fund - Direct,9.7211,2026-06-12
153407,INF194KB1JR2,,Bandhan CRISIL-IBX Financial Services 3-6 Months Debt Index Fund - Direct Plan - Growth,10.889,2026-06-12
153411,INF109K1A062,,ICICI Prudential CRISIL-IBX Financial Services 3-6 Months Debt Index Fund - Direct Plan - Growth,10.8782,2026-06-12
153416,INF754K01UP8,,Edelweiss Low Duration Fund - Direct Plan Growth,1086.4067,2026-06-12
153420,INF277KA1DK1,,Tata BSE Quality Index Fund Direct plan Growth Option,11.2872,2026-06-12
153426,INF966L01DW8,,quant Arbitrage Fund - Growth Option - Direct Plan,10.8764,2026-06-12
153432,INF200KB1688,,SBI BSE PSU BANK INDEX FUND- Direct Plan- Growth,13.7448,2026-06-12
153436,INF0R8F01075,,Zerodha Overnight Fund - Direct Plan - Growth Option,10.6464,2026-06-12
153438,INF0QA701AF0,,Bajaj Finserv Overnight Fund - Direct - Unclaimed less than 3 years Redemption Plan,1067.0023,2026-06-12
153442,INF789F1AB55,,UTI Income Plus Arbitrage Active Fund of Fund - Direct Plan - Growth Option,10.7397,2026-06-12
153443,INF209KC1498,,Aditya Birla Sun Life Crisil-IBX Financial Services 9-12 Months Debt Index Fund-Direct Growth,10.8464,2026-06-12
153447,INF174KA1VX0,,Kotak Energy Opportunities Fund-Direct-Growth,10.787,2026-06-12
153453,INF666M01JX7,,Groww Nifty 500 Momentum 50 ETF FOF - Direct Plan - Growth,10.4593,2026-06-12
153458,INF109K1A187,,ICICI Prudential Quality Fund - Direct Plan - Growth,10.17,2026-06-12
153461,INF174KA1WD0,,Kotak Nifty Top 10 Equal Weight Index Fund-Direct Plan-Growth,9.069,2026-06-12
153465,INF760K01LH1,,Canara Robeco Multi Asset Allocation Fund - Direct Plan - Growth,10.89,2026-06-12
153470,INF204KC1EW0,,Nippon India Nifty 500 Quality 50 Index Fund - Direct Plan - Growth Option,10.7904,2026-06-12
153474,INF204KC1EQ2,,Nippon India Nifty 500 Low Volatility 50 Index Fund - Direct Plan - Growth Option,10.4493,2026-06-12
153477,INF666M01KK2,,Groww Gilt Fund - Direct - Growth,9.9482,2026-06-12
153479,INF0QA701BG6,,Bajaj Finserv Nifty Next 50 Index Fund - Direct - Growth,11.1364,2026-06-12
153484,INF247L01EW1,,Motilal Oswal Infrastructure Fund-Direct-Growth,12.6427,2026-06-12
153487,INF740KA1VZ0,,DSP Silver ETF Fund of Fund - Direct - Growth,24.9586,2026-06-12
153497,INF754K01UX2,,Edelweiss BSE Internet Economy Index Fund - Direct Plan - Growth,10.2231,2026-06-12
153498,INF200KB1753,,SBI Income Plus Arbitrage Active FOF- Direct Plan- Growth,10.6039,2026-06-12
153501,INF200KB1761,INF200KB1779,SBI Income Plus Arbitrage Active FOF- Direct Plan- Income Distribution Cum Capital Withdrawal Option,10.6038,2026-06-12
153506,INF0QA701BA9,,Bajaj Finserv Nifty 50 Index Fund - Direct - Growth,9.6113,2026-06-12
153513,INF277KA1DT2,,Tata Income Plus Arbitrage Active FOF - Direct Plan Growth Option,10.5599,2026-06-12
153515,INF789F1AB89,,UTI Multi Cap Fund - Direct Plan - Growth Option,10.2143,2026-06-12
153517,INF179KC1JK5,,HDFC CRISIL-IBX Financial Services 3-6 Months Debt Index Fund - Direct Growth Plan,10.7675,2026-06-12
153525,INF666M01KQ9,,Groww Silver ETF FOF - Direct - Growth,23.3278,2026-06-12
153529,INF1J2R01072,,ANGEL ONE NIFTY 50 INDEX FUND-DIRECT-GROWTH,9.69,2026-06-12
153534,INF0K1H01271,,Samco Large & Mid Cap Fund - Direct Plan - Growth Option,9.05,2026-06-12
153536,INF251K01UT7,,Baroda BNP Paribas Income Plus Arbitrage Active FOF Direct Growth,10.6025,2026-06-12
153543,INF1MIY01031,,Unifi Flexi Cap Fund - Direct Growth,10.2574,2026-06-12
153546,INF109K1A252,,ICICI Prudential Nifty200 Quality 30 Index Fund - Direct Plan - Growth,9.5461,2026-06-12
153552,INF251K01UO8,,Baroda BNP Paribas Multi Asset Active FOF Direct Growth,11.2667,2026-06-12
153555,INF200KB1811,,SBI Nifty200 Quality 30 Index Fund-Direct Plan- Growth,9.6952,2026-06-12
153557,INF200KB1829,INF200KB1837,SBI Nifty200 Quality 30 Index Fund- Direct Plan- Income Distribution Cum Capital Withdrawal Option,9.6952,2026-06-12
153558,INF247L01FE6,,Motilal Oswal Services Fund - Direct Plan - Growth,10.7137,2026-06-12
153567,INF204KC1FD7,,Nippon India BSE Sensex Next 30 Index Fund- Direct Plan- Growth Option,10.6902,2026-06-12
153570,INF1MIY01056,,Unifi Liquid Fund- Direct Growth,1061.0895,2026-06-12
153575,INF582M01LF9,,Union Income Plus Arbitrage Active FOF - Direct Plan - Growth Option,10.3617,2026-06-12
153581,INF277KA1DZ9,,Tata Nifty Midcap 150 Index Fund - Direct Plan - Growth Option,10.5824,2026-06-12
153585,INF174KA1WL3,INF174KA1WJ7,Kotak Liquid Fund - Direct Plan - Weekly - Reinvestment & Payout of Income Distribution cum capital withdrawal option,1001.342,2026-06-12
153590,INF740KA1WL8,,DSP Nifty IT Index Fund - Direct - Growth,7.2683,2026-06-12
153594,INF740KA1WF0,,DSP Nifty Healthcare Index Fund - Direct- Growth,11.047,2026-06-12
153596,INF247L01FM9,,Motilal Oswal BSE 1000 Index Fund - Direct Plan - Growth,9.7469,2026-06-12
153600,INF204KC1FJ4,,Nippon India Income Plus Arbitrage Active Fund of Fund- Direct Plan- Growth Option,10.5542,2026-06-12
153604,INF251K01VA5,,Baroda BNP Paribas Health and Wellness Fund Direct Growth,10.2021,2026-06-12
153612,INF0QA701BN2,,BAJAJ FINSERV SMALL CAP FUND - DIRECT - GROWTH,10.305,2026-06-12
153614,INF109K1A310,,ICICI Prudential Nifty Top 15 Equal Weight Index Fund - Direct Plan - Growth,9.2554,2026-06-12
153620,INF179KC1JO7,,HDFC INNOVATION FUND - DIRECT PLAN - GROWTH OPTION,10.534,2026-06-12
153624,INF846KA1168,,Axis Services Opportunities Fund - Direct Plan - Growth Option,9.43,2026-06-12
153626,INF666M01LC7,,Groww Nifty India Internet ETF FOF - Direct - Growth,8.8574,2026-06-12
153629,INF192K01NK7,,JM Large & Mid Cap Fund (Direct) - Growth Option,10.163,2026-06-12
153634,INF769K01OS3,,Mirae Asset CRISIL-IBX Financial Services 9-12 Months Debt Index Fund - Direct Plan - Growth,10.5665,2026-06-12
153638,INF769K01OY1,,Mirae Asset Income plus Arbitrage Active FOF - Direct Plan - Growth,10.527,2026-06-12
153644,INF0GCD01834,,TRUSTMF MULTI CAP FUND -DIRECT PLAN-GROWTH,11.06,2026-06-12
153649,INF22M001028,,JioBlackRock Money Market Fund - Direct Plan - Growth Option,1055.4173,2026-06-12
153650,INF22M001036,,JioBlackRock Overnight Fund - Direct Plan - Growth Option,1050.6547,2026-06-12
153651,INF22M001010,,JioBlackRock Liquid Fund - Direct Plan - Growth Option,1059.594,2026-06-12
153654,INF582M01LQ6,,Union Low Duration Fund - Direct Plan - Growth Option,10.5155,2026-06-12
153656,INF0R8F01109,,Zerodha Silver ETF FoF - Direct Growth,21.9295,2026-06-12
153660,INF174KA1WN9,,KOTAK NIFTY 200 QUALITY 30 INDEX FUND - DIRECT PLAN - GROWTH,9.567,2026-06-12
153662,INF200KB1878,,SBI Nifty200 Momentum 30 Index Fund- Direct Plan- Growth,9.6551,2026-06-12
153669,INF903JA1LV6,,Sundaram Multi-Factor Fund - Direct - Growth,9.8129,2026-06-12
153674,INF174V01CO7,,Mahindra Manulife Banking & Financial Services Fund - Direct - Growth,10.5235,2026-06-12
153679,INF109K1A369,,ICICI Prudential Nifty Private Bank Index Fund - Direct Plan - Growth,9.8925,2026-06-12
153680,INF174KA1WY6,,Kotak Nifty AAA Bond Financial Services Mar 2028 Index Fund - Direct Plan - Growth,10.5063,2026-06-12
153684,INF109K1A385,,ICICI Prudential Active Momentum Fund - Direct Plan - Growth,10.65,2026-06-12
153693,INF204KC1FR7,,Nippon India MNC Fund- Direct Plan- Growth Option,10.5858,2026-06-12
153697,INF205KA1BA3,,Invesco India Income Plus Arbitrage Active Fund of Fund - Direct Plan - Growth,1047.5342,2026-06-12
153703,INF579M01BG4,,360 ONE Overnight Fund - Direct Plan - Growth,1050.0337,2026-06-12
153704,INF666M01KT3,,Groww Nifty 50 Index Fund Direct Growth,9.4414,2026-06-12
153705,INF966L01EC8,,quant Equity Savings Fund - Growth Option - Direct Plan,10.461,2026-06-12
153712,INF754K01VF7,,Edelweiss Income Plus Arbitrage Active Fund of Funds - Direct Plan Growth,10.4663,2026-06-12
153718,INF200KB1936,,SBI Nifty100 Low Volatility 30 Index Fund- Direct Plan- Growth,9.8566,2026-06-12
153722,INF194KB1JX0,,Bandhan Multi-Factor Fund - Direct Plan - Growth,9.829,2026-06-12
153728,INF761K01GY4,,Bank of India Mid Cap Fund - Direct Plan Growth,10.06,2026-06-12
153731,INF090I01YH0,,Franklin India Multi Asset Allocation Fund- Direct-Growth,10.9005,2026-06-12
153736,INF209KC1589,,Aditya Birla Sun Life BSE 500 Momentum 50 Index Fund-Direct Growth,10.3903,2026-06-12
153738,INF226401018,,CAPITALMIND FLEXI CAP FUND DIRECT GROWTH,9.7857,2026-06-12
153740,INF209KC1613,,Aditya Birla Sun Life BSE 500 Quality 50 Index Fund - Direct Growth,10.5691,2026-06-12
153745,INF666M01LN4,,Groww BSE Power ETF FOF Direct Growth,12.1714,2026-06-12
153749,INF247L01FS6,,Motilal Oswal Special Opportunities Fund - Direct - Growth,11.3102,2026-06-12
153753,INF174KA1XA4,,Kotak Active Momentum Fund - Direct Plan - Growth option,10.365,2026-06-12
153757,INF0R8F01117,,Zerodha Multi Asset Passive FoF - Direct - Growth,11.2326,2026-06-12
153758,INF0QA701BT9,,BAJAJ FINSERV EQUITY SAVINGS FUND - DIRECT - GROWTH,10.406,2026-06-12
153774,INF579M01BM2,,360 ONE Multi Asset Allocation Fund - Direct Plan - Growth,12.1398,2026-06-12
153776,INF754K01VN1,,Edelweiss Multi Asset Omni Fund of Fund- Direct Plan - Growth,11.3215,2026-06-12
153781,INF174KA1XG1,,Kotak Nifty Alpha 50 Index Fund - Direct Plan - Growth,10.158,2026-06-12
153786,INF666M01LT1,,Groww Nifty Next 50 Index Fund Direct Growth,10.3538,2026-06-12
153787,INF22M001044,,JioBlackRock Nifty 50 Index Fund - Direct Plan - Growth Option,9.5347,2026-06-12
153788,INF22M001077,,JioBlackRock Nifty Midcap 150 Index Fund - Direct Plan - Growth Option,10.4789,2026-06-12
153789,INF22M001085,,JioBlackRock Nifty Next 50 Index Fund - Direct Plan - Growth Option,10.4286,2026-06-12
153790,INF22M001051,,JioBlackRock Nifty Smallcap 250 Index Fund - Direct Plan - Growth Option,10.1155,2026-06-12
153791,INF22M001069,,JioBlackRock Nifty 8-13 yr G-Sec Index Fund - Direct Plan - Growth Option,10.2823,2026-06-12
153795,INF251K01VF4,,Baroda BNP Paribas Gold ETF Fund of Funds Direct Growth,14.7624,2026-06-12
153801,INF740KA1WR5,,DSP Nifty500 Flexicap Quality 30 Index Fund - Direct - Growth,9.2773,2026-06-12
153804,INF0GCD01859,,TRUSTMF ARBITRAGE FUND -DIRECT PLAN-GROWTH,10.4917,2026-06-12
153806,INF204KC1GL8,,Nippon India Nifty India Manufacturing Index Fund- Direct Plan- Growth Option,10.916,2026-06-12
153812,INF769K01PM3,,Mirae Asset Gold Silver Passive FoF - Direct Plan - Growth,16.944,2026-06-12
153816,INF769K01PH3,,Mirae Asset Multi Factor Passive FOF - Direct Plan - Growth,10.553,2026-06-12
153821,INF666M01MA9,,Groww Multi Asset Allocation Fund Direct Growth,10.1351,2026-06-12
153824,INF582M01LZ7,,Union Diversified Equity All Cap Active FOF - Direct Plan - Growth Option,10.1914,2026-06-12
153827,INF1J2R01098,,ANGEL ONE GOLD ETF FOF- DIRECT GROWTH,13.4173,2026-06-12
153829,INF846KA1200,,Axis Nifty500 Quality 50 Index Fund - Direct Plan - Growth Option,9.966,2026-06-12
153832,INF200KB1AA9,,SBI Dynamic Asset Allocation Active FoF - Direct Plan - Growth,10.0487,2026-06-12
153833,INF200KB1AB7,INF200KB1AC5,SBI Dynamic Asset Allocation Active FoF- Direct Plan- Income Cum Distribution Capital Withdrawal Option,10.0482,2026-06-12
153838,INF194KB1KB4,,Bandhan BSE India Sector Leaders Index Fund - Direct Plan - Growth,9.3713,2026-06-12
153847,INF251K01VJ6,,Baroda BNP Paribas Business Conglomerates Fund Direct Growth Option,9.7397,2026-06-12
153858,INF277KA1EJ1,,Tata Nifty Next 50 Index Fund - Direct Plan Growth Option,10.3023,2026-06-12
153859,INF22M001093,,JioBlackRock Flexi Cap Fund - Direct Plan - Growth Option,9.6352,2026-06-12
153860,INF179KC1JU4,,HDFC Diversified Equity All Cap Active FOF - Direct Plan - Growth Plan,9.7956,2026-06-12
153867,INF109K1A427,,ICICI Prudential Conglomerate Fund - Direct Plan - Growth,9.93,2026-06-12
153868,INF0K1H01297,,Samco Small Cap Fund - Direct Plan,10.4,2026-06-12
153872,INF2F0001040,,THE WEALTH COMPANY FLEXI CAP FUND - DIRECT GROWTH,9.8707,2026-06-12
153875,INF174KA1XM9,,Kotak CRISIL-IBX Financial Services 9 to 12 Months Debt Index Fund - Direct - Growth,10.4102,2026-06-12
153879,INF846KA1226,,Axis CRISIL-IBX Financial Services 3-6 Months Debt Index Fund - Direct Plan - Growth option,10.4627,2026-06-12
153883,INF2F0001081,,THE WEALTH COMPANY LIQUID FUND DIRECT GROWTH,1043.4402,2026-06-12
153887,,INF2F0001073,THE WEALTH COMPANY LIQUID FUND DIRECT DAILY ICDW,1002.0,2026-06-12
153889,INF2F0001123,INF2F0001115,THE WEALTH COMPANY LIQUID FUND DIRECT WEEKLY,1002.9882,2026-06-12
153891,INF2F0001271,,THE WEALTH COMPANY ARBITRAGE FUND DIRECT GROWTH,10.4173,2026-06-12
153895,INF2F0001214,,THE WEALTH COMPANY ETHICAL FUND DIRECT GROWTH,9.5621,2026-06-12
153900,INF205KA1BI6,,Invesco India Consumption Fund - Direct Plan - Growth,9.86,2026-06-12
153906,INF0R8F01158,,Zerodha Nifty 50 Index Fund - Direct Plan - Growth,9.4066,2026-06-12
153908,INF666M01MG6,,Groww Nifty Capital Markets ETF FOF Direct Growth,11.4178,2026-06-12
153912,INF0R8701384,,Helios Small Cap Fund - Direct Plan - Growth Option,10.5,2026-06-12
153913,INF247L01GA2,,Motilal Oswal Consumption Fund-Direct-Growth,9.48,2026-06-12
153921,INF174KA1XT4,,Kotak Gold Silver Passive FOF - Direct Plan - Growth,15.374,2026-06-12
153924,INF846KA1283,,Axis Income Plus Arbitrage Passive FOF - Direct Plan - Growth Option,10.341,2026-06-12
153937,INF0QA701BZ6,,Bajaj Finserv Banking and Financial Services Fund - Direct - Growth,9.794,2026-06-12
153939,INF666M01MP7,,Groww Nifty Midcap 150 Index Fund Direct Growth,9.9652,2026-06-12
153942,INF090I01YQ1,,Franklin India Multi-Factor Fund- Direct- Growth,9.422,2026-06-12
153948,INF767K01SD0,,LIC MF Consumption Fund-Direct Plan-Growth,9.4096,2026-06-12
153956,INF1J2R01122,,ANGEL ONE NIFTY TOTAL MARKET MOMENTUM QUALITY 50 INDEX FUND - DIRECT GROWTH,10.1094,2026-06-12
153959,INF179KC1JY6,,HDFC BSE India Sector Leaders India Fund - Direct Plan - Growth Option,9.1885,2026-06-12
153960,INF846KA1366,,Axis Multi-Asset Active FoF - Direct Plan - Growth,10.4074,2026-06-12
153970,INF174KA1XW8,,Kotak Rural Opportunities Fund - Direct Plan - Growth,9.423,2026-06-12
153972,INF194KB1KF5,,Bandhan Healthcare Fund - Direct Plan - Growth,10.38,2026-06-12
153979,INF0S5R01125,,Old Bridge Arbitrage Fund Direct Growth,10.3583,2026-06-12
153982,INF666M01MW3,,Groww Money Market Fund Direct Growth,10.3,2026-06-12
153983,INF769K01PV4,,Mirae Asset Infrastructure Fund - Direct Plan - Growth,10.747,2026-06-12
153987,INF663L010A3,,PGIM India Multi Asset Allocation Fund - Direct Plan - Growth Option,10.3,2026-06-12
153999,INF2F0001347,,The Wealth Company Multi Asset Allocation Fund - Direct Growth,10.6962,2026-06-12
154007,INF174V01CU4,,Mahindra Manulife Income Plus Arbitrage Active FOF  - Direct - Growth,10.3005,2026-06-12
154011,INF226401034,,Capitalmind Liquid Fund - Direct-Growth,1036.1979,2026-06-12
154014,INF740KA1XB7,,DSP Nifty Midcap 150 Index Fund - Direct - Growth,10.1581,2026-06-12
154018,INF740KA1XH4,,DSP Nifty Smallcap 250 Index Fund - Direct - Growth,10.4858,2026-06-12
154020,INF582M01MH3,,Union Consumption Fund - Direct Plan - Growth Option,9.13,2026-06-12
154027,INF959L01HR4,,Navi Nifty midsmallcap 400 Index Fund- Direct - Growth,10.3141,2026-06-12
154028,INF666M01NC3,,Groww Multi Asset Omni FOF Direct Growth,10.0673,2026-06-12
154032,INF174KA1YC8,,Kotak Nifty500 Momentum 50 Index Fund - Direct Plan - Growth,9.992,2026-06-12
154043,INF2JJD01136,,Abakkus Flexi Cap Fund - Direct - Growth,10.549,2026-06-12
154051,INF2JJD01029,,Abakkus Liquid Fund - Direct Plan - Growth,102.856,2026-06-12
154063,INF666M01NJ8,,Groww Small Cap Fund-Direct-Growth,11.2589,2026-06-12
154066,INF277KA1EP8,,Tata BSE Multicap Consumption 50:30:20 Index Fund - Direct Plan Growth Option,9.2184,2026-06-12
154072,INF754K01VZ5,,Edelweiss Silver ETF Fund of Fund - Direct Plan Growth Option,10.4739,2026-06-12
154076,INF22M001101,,JioBlackRock Arbitrage Fund - Direct Plan - Growth Option,10.3318,2026-06-12
154078,INF846KA1408,,Axis Gold and Silver Passive FOF - Direct Plan - Growth,11.0332,2026-06-12
154079,INF22M001143,,JioBlackRock Short Duration Fund - Direct Plan - Growth Option,1020.5852,2026-06-12
154081,INF22M001150,,JioBlackRock Low Duration Fund - Direct Plan - Growth Option,1024.4313,2026-06-12
154082,INF22M001168,,JioBlackRock Sector Rotation Fund - Direct Plan - Growth Option,9.702,2026-06-12
154088,INF740KA1XY9,,DSP Nifty 500 Index Fund - Direct - Growth,9.4051,2026-06-12
154093,INF761K01HE4,,Bank of India Banking & Financial Services Fund - Direct Plan - Growth,9.69,2026-06-12
154108,INF754K01WH1,,Edelweiss Financial Services Fund - Direct Plan - Growth Option,9.4119,2026-06-12
154109,INF0R8F01182,,Zerodha Nifty Short Duration G-Sec Index Fund - Direct Plan - Growth Option,1016.6971,2026-06-12
154112,INF247L01GL9,,Motilal Oswal Diversified Equity Flexicap Passive Fund of Funds- Direct - Growth,10.2903,2026-06-12
154114,INF0K1H01313,,Samco Mid Cap Fund - Direct Plan,9.94,2026-06-12
154121,INF174V01DA4,,Mahindra Manulife Innovation Opportunities Fund - Direct - Growth,10.5774,2026-06-12
154123,INF903JA1LZ7,,Sundaram Income Plus Arbitrage Active FoF Fund-Direct-Growth,10.244,2026-06-12
154129,INF194KB1KL3,,Bandhan Gold ETF FOF-Direct-Growth,9.6154,2026-06-12
154131,INF2F0001412,,THE WEALTH COMPANY GOLD ETF FOF DIRECT GROWTH,9.3785,2026-06-12
154136,INF194KB1KN9,,Bandhan Silver ETF FOF-Direct-Growth,7.8673,2026-06-12
154142,INF247L01GN5,,Motilal Oswal Financial Services Fund- Direct Growth,10.0406,2026-06-12
154144,INF680P01471,,Shriram Money Market Fund - Direct Plan Growth Option,1023.251,2026-06-12
154145,INF174KA1YP0,,Kotak Nifty200 Value 30 Index Fund - Direct - Growth,9.832,2026-06-12
154149,INF174KA1YV8,,Kotak Services Fund - Direct - Growth,10.079,2026-06-12
154155,INF879O01332,,Parag Parikh Large Cap Fund - Direct Plan - Growth,9.3832,2026-06-12
154157,INF00XX01DM9,,ITI Business Cycle Fund- Direct Plan- Growth,10.295,2026-06-12
154161,INF03VN01AD3,,WhiteOak Capital Consumption Opportunities Fund Direct Plan Growth,9.694,2026-06-12
154164,INF666M01NR1,,Groww Nifty PSE ETF FOF Direct Growth,9.5972,2026-06-12
154167,INF740KA1YE9,,DSP Multi Asset Omni Fund of Funds - Direct - Growth,9.8161,2026-06-12
154171,INF846KA1424,,Axis BSE India Sectors Leaders Index Fund- Direct Plan- Growth Option,9.2882,2026-06-12
154177,INF200KB1AG6,,SBI Quality Fund - Direct Plan - Growth,10.0121,2026-06-12
154178,INF200KB1AH4,INF200KB1AI2,SBI Quality Fund - Direct Plan - Income Distribution Cum Capital Withdrawal,10.0121,2026-06-12
154179,INF179KC1KA4,,HDFC Nifty India Consumption Index Fund - Direct Growth Plan,9.4159,2026-06-12
154185,INF2F0001479,,The Wealth Company Balanced Advantage Fund - Direct Growth,9.9073,2026-06-12
154187,INF769K01QG3,,Mirae Asset BSE India Defence ETF FOF - Direct Plan - Growth,11.126,2026-06-12
154195,INF251K01VP3,,Baroda BNP Paribas Best-in-Class Strategy Fund - Direct - Growth Option,10.1716,2026-06-12
154197,INF789F1AD04,,UTI Nifty500 Shariah Index Fund - Direct Plan Growth Option,9.8903,2026-06-12
154200,INF666M01NX9,,Groww BSE Hospitals ETF FOF Direct Growth,10.8795,2026-06-12
154204,INF0QA701CF6,,Bajaj Finserv Low Duration Fund - Direct - Growth,1018.6701,2026-06-12
154206,INF1J2R01155,,ANGEL ONE SILVER ETF FOF -DIRECT GROWTH,8.2902,2026-06-12
154208,INF754K01WP4,,Edelweiss Gold ETF Fund of Fund Direct Plan Growth Option,9.1289,2026-06-12
154210,INF0GCD01875,,TRUSTMF MID CAP FUND -DIRECT -GROWTH,11.2,2026-06-12
154215,INF2JJD01177,,Abakkus Small Cap Fund - Direct Plan - Growth,11.414,2026-06-12
154216,INF769K01QM1,,Mirae Asset Nifty Metal ETF FOF - Direct Plan - Growth,10.333,2026-06-12
154225,INF0S5R01133,,Old Bridge Flexi Cap Fund Direct Growth,10.81,2026-06-12
154232,INF226401059,,Capitalmind Multi Asset Allocation Fund-Direct-Growth,10.0641,2026-06-12
154236,INF226401117,,Capitalmind Arbitrage Fund-Direct-Growth,10.1511,2026-06-12
154239,INF247L01GT2,,Motilal Oswal Multi Factor Passive Fund of Funds - Direct,10.2803,2026-06-12
154244,INF767K01SJ7,,LIC MF Technology Fund-Direct Plan-Growth,10.4656,2026-06-12
154250,INF760K01LN9,,Canara Robeco Banking and Financials Services Fund - Direct Plan - Growth,10.51,2026-06-12
154252,INF204KC1GR5,,Nippon India CRISIL-IBX Financial Services 9-12 Months Debt Index Fund -Direct Plan - Growth Option,10.1645,2026-06-12
154257,INF0R8701442,,Helios Arbitrage Fund - Direct Growth,10.13,2026-06-12
154262,INF179KC1KE6,,HDFC INCOME PLUS ARBITRAGE OMNI FOF - GROWTH OPTION - DIRECT PLAN,10.1789,2026-06-12
154266,INF109K1A468,,ICICI Prudential Diversified Equity All Cap Active FOF - Direct Plan - Growth,10.4596,2026-06-12
154269,INF2F0001537,,The Wealth Company Small Cap Fund- Direct-Growth,11.0146,2026-06-12
154271,INF204KC1GX3,,Nippon India CRISIL-IBX Financial Services 3-6 Months Debt Index Fund- Direct Plan- Growth Option,10.1908,2026-06-12
154275,INF174KA1ZG6,,Kotak Multi Factor Passive FOF - Direct- Growth,10.807,2026-06-12
154278,INF666M01OH0,,Groww Nifty PSU Bank Index Fund Direct Growth,10.2502,2026-06-12
154279,INF769K01QS8,,Mirae Asset Silver ETF FOF - Direct Plan - Growth,10.719,2026-06-12
154287,INF174KA1ZI2,,Kotak Quality Overseas Equity Omni FOF - Direct Plan - Growth-,10.909,2026-06-12
154295,INF336L01SB6,,HSBC Gold ETF Fund of fund - Direct Growth,10.1121,2026-06-12
154301,INF2KCX01020,,Choice Nifty 50 Index Fund - Direct Plan Growth,10.1889,2026-06-12
154304,INF2KCX01046,,Choice Nifty Next 50 Index Fund - Direct Plan Growth,10.8884,2026-06-12
154306,INF0R8F01190,,Zerodha Nifty MidSmallcap400 50:50 Index Fund - Direct Plan - Growth Option,10.799,2026-06-12
154307,INF22M001176,,JioBlackRock Large Cap Fund - Direct Plan - Growth Option,9.691,2026-06-12
154308,INF179KC1KI7,,HDFC CRISIL-IBX Financial Services 9-12 Months Debt Index Fund - Direct Growth Plan,10.1599,2026-06-12
154310,INF754K01WR0,,Edelweiss Nifty LargeMidcap 250 Plus 8-13 yr G-Sec 70-30 Index Fund Direct Plan Growth,10.5647,2026-06-12
154316,INF174KA1ZO0,,Kotak Multi Asset Active FOF - Direct - Growth,10.005,2026-06-12
154320,INF666M01ON8,,Groww Arbitrage Fund Direct Growth,10.068,2026-06-12
154321,INF0R8F01208,,Zerodha Nifty LargeMidcap250 Plus 8-13 Yr G-Sec 70:30 Index Fund - Direct Plan - Growth Option,9.9729,2026-06-12
154326,INF846KA1523,,Axis Nifty India Defence Index Fund - Direct Plan - Growth,9.9704,2026-06-12
154331,INF200KB1AO0,,SBI CRISIL - IBX Financial Services 3-6 Months Debt Index Fund - Direct Plan - Growth,10.0846,2026-06-12
154334,INF200KB1AU7,,SBI CRISIL - IBX Financial Services 9-12 Months Debt Index Fund - Direct Plan - Growth,10.0611,2026-06-12
154337,INF247L01GW6,,Motilal Oswal Contra Fund - Direct â Growth,9.9194,2026-06-12
154340,INF205KA1BM8,,Invesco India BSE Sensex Index Fund - Direct Plan - Growth,9.8749,2026-06-12
154343,INF205KA1BO4,,Invesco India Nifty Bank Index Fund - Direct Plan - Growth,10.4561,2026-06-12
154346,INF666M01OU3,,Groww Nifty Private Bank Index Fund Direct Growth,10.2672,2026-06-12
154348,INF846KA1549,,Axis Nifty Capital Markets Index Fund- Direct Plan,9.5495,2026-06-12
154358,INF174KA1ZW3,INF174KA1ZU7,Kotak Low Duration Fund - Direct Plan - Weekly - Reinvestment & Payout of Income Distribution cum Capital Withdrawal Option,1005.9897,2026-06-12
154361,INF174KA1A03,INF174KA1ZY9,Kotak Low Duration Fund - Direct Plan - Monthly - Reinvestment & Payout of Income Distribution cum Capital Withdrawal Option,1006.0912,2026-06-12
154370,INF200KB1BI0,,SBI CRISIL-IBX 10:90 GILT + SDL INDEX DEC 2029 INDEX FUND - DIRECT - GROWTH,10.1497,2026-06-12
154372,INF200KB1BC3,,SBI NIFTY G-SEC JUL 2031 INDEX FUND - DIRECT - GROWTH,10.1648,2026-06-12
154381,INF2F0001594,,The Wealth Company Large & Mid Cap Fund Direct Growth,10.0418,2026-06-12
154394,INF680P01497,,Shriram Overnight Fund- Direct Growth,1256.4648,2026-06-12
